--2026-09-26 12:46:15--  http://www.saoing.com/
Resolving www.saoing.com (www.saoing.com)... 107.180.38.221
Connecting to www.saoing.com (www.saoing.com)|107.180.38.221|:80... connected.
HTTP request sent, awaiting response... 200 OK
Length: 40436 (39K) [text/html]
Saving to: ‘webpages-202609261246/www.saoing.com/index.html’

     0K .......... .......... .......... .........            100%  774K=0.05s

2026-09-26 12:46:15 (774 KB/s) - ‘webpages-202609261246/www.saoing.com/index.html’ saved [40436/40436]

Loading robots.txt; please ignore errors.
--2026-09-26 12:46:15--  http://www.saoing.com/robots.txt
Reusing existing connection to www.saoing.com:80.
HTTP request sent, awaiting response... 404 Not Found
2026-09-26 12:46:15 ERROR 404: Not Found.

--2026-09-26 12:46:15--  http://www.saoing.com/Pictuer/logo.jpg
Reusing existing connection to www.saoing.com:80.
HTTP request sent, awaiting response... 200 OK
Length: 2415 (2.4K) [image/jpeg]
Saving to: ‘webpages-202609261246/www.saoing.com/Pictuer/logo.jpg’

     0K ..                                                    100%  256M=0s

2026-09-26 12:46:15 (256 MB/s) - ‘webpages-202609261246/www.saoing.com/Pictuer/logo.jpg’ saved [2415/2415]

--2026-09-26 12:46:15--  http://www.saoing.com/Pictuer/dtmb01.gif
Reusing existing connection to www.saoing.com:80.
HTTP request sent, awaiting response... 200 OK
Length: 52461 (51K) [image/gif]
Saving to: ‘webpages-202609261246/www.saoing.com/Pictuer/dtmb01.gif’

     0K .......... .......... .......... .......... .......... 97%  485K 0s
    50K .                                                     100% 2.29T=0.1s

2026-09-26 12:46:15 (497 KB/s) - ‘webpages-202609261246/www.saoing.com/Pictuer/dtmb01.gif’ saved [52461/52461]

--2026-09-26 12:46:15--  http://www.saoing.com/changqiang/EIRP.htm
Reusing existing connection to www.saoing.com:80.
HTTP request sent, awaiting response... 200 OK
Length: 31079 (30K) [text/html]
Saving to: ‘webpages-202609261246/www.saoing.com/changqiang/EIRP.htm’

     0K .......... .......... ..........                      100%  296K=0.1s

2026-09-26 12:46:15 (296 KB/s) - ‘webpages-202609261246/www.saoing.com/changqiang/EIRP.htm’ saved [31079/31079]

--2026-09-26 12:46:15--  http://www.saoing.com/DTMB/pictuer/20210318.jpg
Reusing existing connection to www.saoing.com:80.
HTTP request sent, awaiting response... 200 OK
Length: 183619 (179K) [image/jpeg]
Saving to: ‘webpages-202609261246/www.saoing.com/DTMB/pictuer/20210318.jpg’

     0K .......... .......... .......... .......... .......... 27%  324K 0s
    50K .......... .......... .......... .......... .......... 55%  244K 0s
   100K .......... .......... .......... .......... .......... 83%  322K 0s
   150K .......... .......... .........                       100%  287K=0.6s

2026-09-26 12:46:16 (291 KB/s) - ‘webpages-202609261246/www.saoing.com/DTMB/pictuer/20210318.jpg’ saved [183619/183619]

--2026-09-26 12:46:16--  http://www.saoing.com/36.0.htm
Reusing existing connection to www.saoing.com:80.
HTTP request sent, awaiting response... 200 OK
Length: 39147 (38K) [text/html]
Saving to: ‘webpages-202609261246/www.saoing.com/36.0.htm’

     0K .......... .......... .......... ........             100%  375K=0.1s

2026-09-26 12:46:16 (375 KB/s) - ‘webpages-202609261246/www.saoing.com/36.0.htm’ saved [39147/39147]

--2026-09-26 12:46:16--  http://www.saoing.com/105.5.htm
Reusing existing connection to www.saoing.com:80.
HTTP request sent, awaiting response... 200 OK
Length: 126763 (124K) [text/html]
Saving to: ‘webpages-202609261246/www.saoing.com/105.5.htm’

     0K .......... .......... .......... .......... .......... 40%  488K 0s
    50K .......... .......... .......... .......... .......... 80%  325K 0s
   100K .......... .......... ...                             100%  465K=0.3s

2026-09-26 12:46:17 (403 KB/s) - ‘webpages-202609261246/www.saoing.com/105.5.htm’ saved [126763/126763]

--2026-09-26 12:46:17--  http://www.saoing.com/38.0.htm
Reusing existing connection to www.saoing.com:80.
HTTP request sent, awaiting response... 200 OK
Length: 158621 (155K) [text/html]
Saving to: ‘webpages-202609261246/www.saoing.com/38.0.htm’

     0K .......... .......... .......... .......... .......... 32%  488K 0s
    50K .......... .......... .......... .......... .......... 64%  487K 0s
   100K .......... .......... .......... .......... .......... 96%  966K 0s
   150K ....                                                  100% 94.9K=0.3s

2026-09-26 12:46:17 (502 KB/s) - ‘webpages-202609261246/www.saoing.com/38.0.htm’ saved [158621/158621]

--2026-09-26 12:46:17--  http://www.saoing.com/108.0.htm
Reusing existing connection to www.saoing.com:80.
HTTP request sent, awaiting response... 200 OK
Length: 265734 (260K) [text/html]
Saving to: ‘webpages-202609261246/www.saoing.com/108.0.htm’

     0K .......... .......... .......... .......... .......... 19%  488K 0s
    50K .......... .......... .......... .......... .......... 38%  488K 0s
   100K .......... .......... .......... .......... .......... 57%  324K 0s
   150K .......... .......... .......... .......... .......... 77%  489K 0s
   200K .......... .......... .......... .......... .......... 96%  487K 0s
   250K .........                                             100% 88.7M=0.6s

2026-09-26 12:46:18 (460 KB/s) - ‘webpages-202609261246/www.saoing.com/108.0.htm’ saved [265734/265734]

--2026-09-26 12:46:18--  http://www.saoing.com/40.0.htm
Reusing existing connection to www.saoing.com:80.
HTTP request sent, awaiting response... 200 OK
Length: 58484 (57K) [text/html]
Saving to: ‘webpages-202609261246/www.saoing.com/40.0.htm’

     0K .......... .......... .......... .......... .......... 87%  970K 0s
    50K .......                                               100%  139K=0.1s

2026-09-26 12:46:18 (555 KB/s) - ‘webpages-202609261246/www.saoing.com/40.0.htm’ saved [58484/58484]

--2026-09-26 12:46:18--  http://www.saoing.com/108.2.htm
Reusing existing connection to www.saoing.com:80.
HTTP request sent, awaiting response... 200 OK
Length: 735393 (718K) [text/html]
Saving to: ‘webpages-202609261246/www.saoing.com/108.2.htm’

     0K .......... .......... .......... .......... ..........  6%  975K 1s
    50K .......... .......... .......... .......... .......... 13%  488K 1s
   100K .......... .......... .......... .......... .......... 20%  973K 1s
   150K .......... .......... .......... .......... .......... 27%  487K 1s
   200K .......... .......... .......... .......... .......... 34%  976K 1s
   250K .......... .......... .......... .......... .......... 41%  489K 1s
   300K .......... .......... .......... .......... .......... 48%  971K 1s
   350K .......... .......... .......... .......... .......... 55%  978K 0s
   400K .......... .......... .......... .......... .......... 62%  485K 0s
   450K .......... .......... .......... .......... .......... 69%  977K 0s
   500K .......... .......... .......... .......... .......... 76%  961K 0s
   550K .......... .......... .......... .......... .......... 83%  976K 0s
   600K .......... .......... .......... .......... .......... 90%  975K 0s
   650K .......... .......... .......... .......... .......... 97%  490K 0s
   700K .......... ........                                   100%  117M=1.0s

2026-09-26 12:46:19 (737 KB/s) - ‘webpages-202609261246/www.saoing.com/108.2.htm’ saved [735393/735393]

--2026-09-26 12:46:19--  http://www.saoing.com/42.0.htm
Reusing existing connection to www.saoing.com:80.
HTTP request sent, awaiting response... 200 OK
Length: 132247 (129K) [text/html]
Saving to: ‘webpages-202609261246/www.saoing.com/42.0.htm’

     0K .......... .......... .......... .......... .......... 38%  974K 0s
    50K .......... .......... .......... .......... .......... 77%  968K 0s
   100K .......... .......... .........                       100% 54.3T=0.1s

2026-09-26 12:46:19 (1.23 MB/s) - ‘webpages-202609261246/www.saoing.com/42.0.htm’ saved [132247/132247]

--2026-09-26 12:46:19--  http://www.saoing.com/110.0-BS.htm
Reusing existing connection to www.saoing.com:80.
HTTP request sent, awaiting response... 200 OK
Length: 54676 (53K) [text/html]
Saving to: ‘webpages-202609261246/www.saoing.com/110.0-BS.htm’

     0K .......... .......... .......... .......... .......... 93%  976K 0s
    50K ...                                                   100% 71.3M=0.05s

2026-09-26 12:46:19 (1.02 MB/s) - ‘webpages-202609261246/www.saoing.com/110.0-BS.htm’ saved [54676/54676]

--2026-09-26 12:46:19--  http://www.saoing.com/45.0.htm
Reusing existing connection to www.saoing.com:80.
HTTP request sent, awaiting response... 200 OK
Length: 148722 (145K) [text/html]
Saving to: ‘webpages-202609261246/www.saoing.com/45.0.htm’

     0K .......... .......... .......... .......... .......... 34%  977K 0s
    50K .......... .......... .......... .......... .......... 68%  974K 0s
   100K .......... .......... .......... .......... .....     100%  103M=0.1s

2026-09-26 12:46:19 (1.38 MB/s) - ‘webpages-202609261246/www.saoing.com/45.0.htm’ saved [148722/148722]

--2026-09-26 12:46:19--  http://www.saoing.com/110.0-CS.htm
Reusing existing connection to www.saoing.com:80.
HTTP request sent, awaiting response... 200 OK
Length: 65480 (64K) [text/html]
Saving to: ‘webpages-202609261246/www.saoing.com/110.0-CS.htm’

     0K .......... .......... .......... .......... .......... 78%  584M 0s
    50K .......... ...                                        100%  269K=0.05s

2026-09-26 12:46:19 (1.20 MB/s) - ‘webpages-202609261246/www.saoing.com/110.0-CS.htm’ saved [65480/65480]

--2026-09-26 12:46:19--  http://www.saoing.com/46.0.htm
Reusing existing connection to www.saoing.com:80.
HTTP request sent, awaiting response... 200 OK
Length: 24489 (24K) [text/html]
Saving to: ‘webpages-202609261246/www.saoing.com/46.0.htm’

     0K .......... .......... ...                             100% 1.03G=0s

2026-09-26 12:46:19 (1.03 GB/s) - ‘webpages-202609261246/www.saoing.com/46.0.htm’ saved [24489/24489]

--2026-09-26 12:46:19--  http://www.saoing.com/110.5.htm
Reusing existing connection to www.saoing.com:80.
HTTP request sent, awaiting response... 200 OK
Length: 34162 (33K) [text/html]
Saving to: ‘webpages-202609261246/www.saoing.com/110.5.htm’

     0K .......... .......... .......... ...                  100%  940M=0s

2026-09-26 12:46:19 (940 MB/s) - ‘webpages-202609261246/www.saoing.com/110.5.htm’ saved [34162/34162]

--2026-09-26 12:46:19--  http://www.saoing.com/48.0.htm
Reusing existing connection to www.saoing.com:80.
HTTP request sent, awaiting response... 200 OK
Length: 22384 (22K) [text/html]
Saving to: ‘webpages-202609261246/www.saoing.com/48.0.htm’

     0K .......... .......... .                               100%  302M=0s

2026-09-26 12:46:19 (302 MB/s) - ‘webpages-202609261246/www.saoing.com/48.0.htm’ saved [22384/22384]

--2026-09-26 12:46:19--  http://www.saoing.com/113.0-Koreasat5A.htm
Reusing existing connection to www.saoing.com:80.
HTTP request sent, awaiting response... 200 OK
Length: 155218 (152K) [text/html]
Saving to: ‘webpages-202609261246/www.saoing.com/113.0-Koreasat5A.htm’

     0K .......... .......... .......... .......... .......... 32%  520M 0s
    50K .......... .......... .......... .......... .......... 65%  971K 0s
   100K .......... .......... .......... .......... .......... 98%  973K 0s
   150K .                                                     100% 2.94T=0.1s

2026-09-26 12:46:20 (1.44 MB/s) - ‘webpages-202609261246/www.saoing.com/113.0-Koreasat5A.htm’ saved [155218/155218]

--2026-09-26 12:46:20--  http://www.saoing.com/49.0.htm
Reusing existing connection to www.saoing.com:80.
HTTP request sent, awaiting response... 200 OK
Length: 152634 (149K) [text/html]
Saving to: ‘webpages-202609261246/www.saoing.com/49.0.htm’

     0K .......... .......... .......... .......... .......... 33%  309M 0s
    50K .......... .......... .......... .......... .......... 67%  976K 0s
   100K .......... .......... .......... .......... ......... 100%  958K=0.1s

2026-09-26 12:46:20 (1.42 MB/s) - ‘webpages-202609261246/www.saoing.com/49.0.htm’ saved [152634/152634]

--2026-09-26 12:46:20--  http://www.saoing.com/115.5.htm
Reusing existing connection to www.saoing.com:80.
HTTP request sent, awaiting response... 200 OK
Length: 221558 (216K) [text/html]
Saving to: ‘webpages-202609261246/www.saoing.com/115.5.htm’

     0K .......... .......... .......... .......... .......... 23%  821M 0s
    50K .......... .......... .......... .......... .......... 46%  970K 0s
   100K .......... .......... .......... .......... .......... 69%  972K 0s
   150K .......... .......... .......... .......... .......... 92%  977K 0s
   200K .......... ......                                     100% 30.5T=0.2s

2026-09-26 12:46:20 (1.37 MB/s) - ‘webpages-202609261246/www.saoing.com/115.5.htm’ saved [221558/221558]

--2026-09-26 12:46:20--  http://www.saoing.com/50.0.htm
Reusing existing connection to www.saoing.com:80.
HTTP request sent, awaiting response... 200 OK
Length: 21988 (21K) [text/html]
Saving to: ‘webpages-202609261246/www.saoing.com/50.0.htm’

     0K .......... .......... .                               100% 1.70G=0s

2026-09-26 12:46:20 (1.70 GB/s) - ‘webpages-202609261246/www.saoing.com/50.0.htm’ saved [21988/21988]

--2026-09-26 12:46:20--  http://www.saoing.com/116.0.htm
Reusing existing connection to www.saoing.com:80.
HTTP request sent, awaiting response... 200 OK
Length: 331864 (324K) [text/html]
Saving to: ‘webpages-202609261246/www.saoing.com/116.0.htm’

     0K .......... .......... .......... .......... .......... 15%  283M 0s
    50K .......... .......... .......... .......... .......... 30%  970K 0s
   100K .......... .......... .......... .......... .......... 46%  974K 0s
   150K .......... .......... .......... .......... .......... 61%  981K 0s
   200K .......... .......... .......... .......... .......... 77%  168M 0s
   250K .......... .......... .......... .......... .......... 92%  972K 0s
   300K .......... .......... ....                            100%  478K=0.3s

2026-09-26 12:46:20 (1.24 MB/s) - ‘webpages-202609261246/www.saoing.com/116.0.htm’ saved [331864/331864]

--2026-09-26 12:46:20--  http://www.saoing.com/51.5.htm
Reusing existing connection to www.saoing.com:80.
HTTP request sent, awaiting response... 200 OK
Length: 35585 (35K) [text/html]
Saving to: ‘webpages-202609261246/www.saoing.com/51.5.htm’

     0K .......... .......... .......... ....                 100%  886M=0s

2026-09-26 12:46:20 (886 MB/s) - ‘webpages-202609261246/www.saoing.com/51.5.htm’ saved [35585/35585]

--2026-09-26 12:46:20--  http://www.saoing.com/118.0.htm
Reusing existing connection to www.saoing.com:80.
HTTP request sent, awaiting response... 200 OK
Length: 33408 (33K) [text/html]
Saving to: ‘webpages-202609261246/www.saoing.com/118.0.htm’

     0K .......... .......... .......... ..                   100%  894M=0s

2026-09-26 12:46:20 (894 MB/s) - ‘webpages-202609261246/www.saoing.com/118.0.htm’ saved [33408/33408]

--2026-09-26 12:46:20--  http://www.saoing.com/52.0.htm
Reusing existing connection to www.saoing.com:80.
HTTP request sent, awaiting response... 200 OK
Length: 62113 (61K) [text/html]
Saving to: ‘webpages-202609261246/www.saoing.com/52.0.htm’

     0K .......... .......... .......... .......... .......... 82%  267M 0s
    50K ..........                                            100% 19.9T=0s

2026-09-26 12:46:21 (323 MB/s) - ‘webpages-202609261246/www.saoing.com/52.0.htm’ saved [62113/62113]

--2026-09-26 12:46:21--  http://www.saoing.com/119.1.htm
Reusing existing connection to www.saoing.com:80.
HTTP request sent, awaiting response... 200 OK
Length: 172417 (168K) [text/html]
Saving to: ‘webpages-202609261246/www.saoing.com/119.1.htm’

     0K .......... .......... .......... .......... .......... 29%  208M 0s
    50K .......... .......... .......... .......... .......... 59%  972K 0s
   100K .......... .......... .......... .......... .......... 89%  978K 0s
   150K .......... ........                                   100% 50.9M=0.1s

2026-09-26 12:46:21 (1.59 MB/s) - ‘webpages-202609261246/www.saoing.com/119.1.htm’ saved [172417/172417]

--2026-09-26 12:46:21--  http://www.saoing.com/52.5.htm
Reusing existing connection to www.saoing.com:80.
HTTP request sent, awaiting response... 200 OK
Length: 134538 (131K) [text/html]
Saving to: ‘webpages-202609261246/www.saoing.com/52.5.htm’

     0K .......... .......... .......... .......... .......... 38%  327M 0s
    50K .......... .......... .......... .......... .......... 76%  973K 0s
   100K .......... .......... .......... .                    100% 58.5T=0.05s

2026-09-26 12:46:21 (2.49 MB/s) - ‘webpages-202609261246/www.saoing.com/52.5.htm’ saved [134538/134538]

--2026-09-26 12:46:21--  http://www.saoing.com/119.5.htm
Reusing existing connection to www.saoing.com:80.
HTTP request sent, awaiting response... 200 OK
Length: 20723 (20K) [text/html]
Saving to: ‘webpages-202609261246/www.saoing.com/119.5.htm’

     0K .......... ..........                                 100% 1.30G=0s

2026-09-26 12:46:21 (1.30 GB/s) - ‘webpages-202609261246/www.saoing.com/119.5.htm’ saved [20723/20723]

--2026-09-26 12:46:21--  http://www.saoing.com/53.0.htm
Reusing existing connection to www.saoing.com:80.
HTTP request sent, awaiting response... 200 OK
Length: 33013 (32K) [text/html]
Saving to: ‘webpages-202609261246/www.saoing.com/53.0.htm’

     0K .......... .......... .......... ..                   100% 1.22G=0s

2026-09-26 12:46:21 (1.22 GB/s) - ‘webpages-202609261246/www.saoing.com/53.0.htm’ saved [33013/33013]

--2026-09-26 12:46:21--  http://www.saoing.com/120.0.htm
Reusing existing connection to www.saoing.com:80.
HTTP request sent, awaiting response... 200 OK
Length: 39316 (38K) [text/html]
Saving to: ‘webpages-202609261246/www.saoing.com/120.0.htm’

     0K .......... .......... .......... ........             100% 1.30G=0s

2026-09-26 12:46:21 (1.30 GB/s) - ‘webpages-202609261246/www.saoing.com/120.0.htm’ saved [39316/39316]

--2026-09-26 12:46:21--  http://www.saoing.com/54.9.htm
Reusing existing connection to www.saoing.com:80.
HTTP request sent, awaiting response... 200 OK
Length: 100726 (98K) [text/html]
Saving to: ‘webpages-202609261246/www.saoing.com/54.9.htm’

     0K .......... .......... .......... .......... .......... 50%  264M 0s
    50K .......... .......... .......... .......... ........  100%  943K=0.05s

2026-09-26 12:46:21 (1.87 MB/s) - ‘webpages-202609261246/www.saoing.com/54.9.htm’ saved [100726/100726]

--2026-09-26 12:46:21--  http://www.saoing.com/122.0.htm
Reusing existing connection to www.saoing.com:80.
HTTP request sent, awaiting response... 200 OK
Length: 111959 (109K) [text/html]
Saving to: ‘webpages-202609261246/www.saoing.com/122.0.htm’

     0K .......... .......... .......... .......... .......... 45%  189M 0s
    50K .......... .......... .......... .......... .......... 91%  976K 0s
   100K .........                                             100% 17.4T=0.05s

2026-09-26 12:46:21 (2.07 MB/s) - ‘webpages-202609261246/www.saoing.com/122.0.htm’ saved [111959/111959]

--2026-09-26 12:46:21--  http://www.saoing.com/55.0.htm
Reusing existing connection to www.saoing.com:80.
HTTP request sent, awaiting response... 200 OK
Length: 33599 (33K) [text/html]
Saving to: ‘webpages-202609261246/www.saoing.com/55.0.htm’

     0K .......... .......... .......... ..                   100%  537M=0s

2026-09-26 12:46:21 (537 MB/s) - ‘webpages-202609261246/www.saoing.com/55.0.htm’ saved [33599/33599]

--2026-09-26 12:46:21--  http://www.saoing.com/124.0.htm
Reusing existing connection to www.saoing.com:80.
HTTP request sent, awaiting response... 200 OK
Length: 108711 (106K) [text/html]
Saving to: ‘webpages-202609261246/www.saoing.com/124.0.htm’

     0K .......... .......... .......... .......... .......... 47%  226M 0s
    50K .......... .......... .......... .......... .......... 94%  975K 0s
   100K ......                                                100% 11.5T=0.05s

2026-09-26 12:46:21 (2.01 MB/s) - ‘webpages-202609261246/www.saoing.com/124.0.htm’ saved [108711/108711]

--2026-09-26 12:46:21--  http://www.saoing.com/56.0.htm
Reusing existing connection to www.saoing.com:80.
HTTP request sent, awaiting response... 200 OK
Length: 18540 (18K) [text/html]
Saving to: ‘webpages-202609261246/www.saoing.com/56.0.htm’

     0K .......... ........                                   100% 1.24G=0s

2026-09-26 12:46:21 (1.24 GB/s) - ‘webpages-202609261246/www.saoing.com/56.0.htm’ saved [18540/18540]

--2026-09-26 12:46:21--  http://www.saoing.com/125.0.htm
Reusing existing connection to www.saoing.com:80.
HTTP request sent, awaiting response... 200 OK
Length: 168345 (164K) [text/html]
Saving to: ‘webpages-202609261246/www.saoing.com/125.0.htm’

     0K .......... .......... .......... .......... .......... 30%  208M 0s
    50K .......... .......... .......... .......... .......... 60%  979K 0s
   100K .......... .......... .......... .......... .......... 91% 76.6M 0s
   150K .......... ....                                       100%  284K=0.1s

2026-09-26 12:46:22 (1.56 MB/s) - ‘webpages-202609261246/www.saoing.com/125.0.htm’ saved [168345/168345]

--2026-09-26 12:46:22--  http://www.saoing.com/57.0.htm
Reusing existing connection to www.saoing.com:80.
HTTP request sent, awaiting response... 200 OK
Length: 70401 (69K) [text/html]
Saving to: ‘webpages-202609261246/www.saoing.com/57.0.htm’

     0K .......... .......... .......... .......... .......... 72%  183M 0s
    50K .......... ........                                   100% 34.9T=0s

2026-09-26 12:46:22 (252 MB/s) - ‘webpages-202609261246/www.saoing.com/57.0.htm’ saved [70401/70401]

--2026-09-26 12:46:22--  http://www.saoing.com/128.0.htm
Reusing existing connection to www.saoing.com:80.
HTTP request sent, awaiting response... 200 OK
Length: 86699 (85K) [text/html]
Saving to: ‘webpages-202609261246/www.saoing.com/128.0.htm’

     0K .......... .......... .......... .......... .......... 59%  290M 0s
    50K .......... .......... .......... ....                 100%  249M=0s

2026-09-26 12:46:22 (271 MB/s) - ‘webpages-202609261246/www.saoing.com/128.0.htm’ saved [86699/86699]

--2026-09-26 12:46:22--  http://www.saoing.com/62.0.htm
Reusing existing connection to www.saoing.com:80.
HTTP request sent, awaiting response... 200 OK
Length: 312166 (305K) [text/html]
Saving to: ‘webpages-202609261246/www.saoing.com/62.0.htm’

     0K .......... .......... .......... .......... .......... 16%  129M 0s
    50K .......... .......... .......... .......... .......... 32%  974K 0s
   100K .......... .......... .......... .......... .......... 49%  318M 0s
   150K .......... .......... .......... .......... .......... 65%  978K 0s
   200K .......... .......... .......... .......... .......... 82%  112M 0s
   250K .......... .......... .......... .......... .......... 98%  971K 0s
   300K ....                                                  100% 9.03T=0.2s

2026-09-26 12:46:22 (1.92 MB/s) - ‘webpages-202609261246/www.saoing.com/62.0.htm’ saved [312166/312166]

--2026-09-26 12:46:22--  http://www.saoing.com/128.0-Cosmos.htm
Reusing existing connection to www.saoing.com:80.
HTTP request sent, awaiting response... 200 OK
Length: 17340 (17K) [text/html]
Saving to: ‘webpages-202609261246/www.saoing.com/128.0-Cosmos.htm’

     0K .......... ......                                     100%  814M=0s

2026-09-26 12:46:22 (814 MB/s) - ‘webpages-202609261246/www.saoing.com/128.0-Cosmos.htm’ saved [17340/17340]

--2026-09-26 12:46:22--  http://www.saoing.com/65.0.htm
Reusing existing connection to www.saoing.com:80.
HTTP request sent, awaiting response... 200 OK
Length: 99756 (97K) [text/html]
Saving to: ‘webpages-202609261246/www.saoing.com/65.0.htm’

     0K .......... .......... .......... .......... .......... 51%  166M 0s
    50K .......... .......... .......... .......... .......   100%  930K=0.05s

2026-09-26 12:46:22 (1.85 MB/s) - ‘webpages-202609261246/www.saoing.com/65.0.htm’ saved [99756/99756]

--2026-09-26 12:46:22--  http://www.saoing.com/128.5.htm
Reusing existing connection to www.saoing.com:80.
HTTP request sent, awaiting response... 200 OK
Length: 168508 (165K) [text/html]
Saving to: ‘webpages-202609261246/www.saoing.com/128.5.htm’

     0K .......... .......... .......... .......... .......... 30% 1.63G 0s
    50K .......... .......... .......... .......... .......... 60%  975K 0s
   100K .......... .......... .......... .......... .......... 91%  109M 0s
   150K .......... ....                                       100% 27.1T=0.05s

2026-09-26 12:46:22 (3.10 MB/s) - ‘webpages-202609261246/www.saoing.com/128.5.htm’ saved [168508/168508]

--2026-09-26 12:46:22--  http://www.saoing.com/66.0.htm
Reusing existing connection to www.saoing.com:80.
HTTP request sent, awaiting response... 200 OK
Length: 133343 (130K) [text/html]
Saving to: ‘webpages-202609261246/www.saoing.com/66.0.htm’

     0K .......... .......... .......... .......... .......... 38%  133M 0s
    50K .......... .......... .......... .......... .......... 76%  974K 0s
   100K .......... .......... ..........                      100%  237M=0.05s

2026-09-26 12:46:22 (2.45 MB/s) - ‘webpages-202609261246/www.saoing.com/66.0.htm’ saved [133343/133343]

--2026-09-26 12:46:22--  http://www.saoing.com/130.0.htm
Reusing existing connection to www.saoing.com:80.
HTTP request sent, awaiting response... 200 OK
Length: 19511 (19K) [text/html]
Saving to: ‘webpages-202609261246/www.saoing.com/130.0.htm’

     0K .......... .........                                  100% 1.30G=0s

2026-09-26 12:46:22 (1.30 GB/s) - ‘webpages-202609261246/www.saoing.com/130.0.htm’ saved [19511/19511]

--2026-09-26 12:46:22--  http://www.saoing.com/68.5.htm
Reusing existing connection to www.saoing.com:80.
HTTP request sent, awaiting response... 200 OK
Length: 257672 (252K) [text/html]
Saving to: ‘webpages-202609261246/www.saoing.com/68.5.htm’

     0K .......... .......... .......... .......... .......... 19%  271M 0s
    50K .......... .......... .......... .......... .......... 39%  975K 0s
   100K .......... .......... .......... .......... .......... 59%  177M 0s
   150K .......... .......... .......... .......... .......... 79%  970K 0s
   200K .......... .......... .......... .......... .......... 99% 93.1T 0s
   250K .                                                     100% 3.04T=0.1s

2026-09-26 12:46:23 (2.38 MB/s) - ‘webpages-202609261246/www.saoing.com/68.5.htm’ saved [257672/257672]

--2026-09-26 12:46:23--  http://www.saoing.com/132.0-Vinasat.htm
Reusing existing connection to www.saoing.com:80.
HTTP request sent, awaiting response... 200 OK
Length: 186783 (182K) [text/html]
Saving to: ‘webpages-202609261246/www.saoing.com/132.0-Vinasat.htm’

     0K .......... .......... .......... .......... .......... 27% 1.65G 0s
    50K .......... .......... .......... .......... .......... 54%  976K 0s
   100K .......... .......... .......... .......... .......... 82%  108M 0s
   150K .......... .......... .......... ..                   100%  225M=0.05s

2026-09-26 12:46:23 (3.43 MB/s) - ‘webpages-202609261246/www.saoing.com/132.0-Vinasat.htm’ saved [186783/186783]

--2026-09-26 12:46:23--  http://www.saoing.com/70.5.htm
Reusing existing connection to www.saoing.com:80.
HTTP request sent, awaiting response... 200 OK
Length: 40177 (39K) [text/html]
Saving to: ‘webpages-202609261246/www.saoing.com/70.5.htm’

     0K .......... .......... .......... .........            100%  514M=0s

2026-09-26 12:46:23 (514 MB/s) - ‘webpages-202609261246/www.saoing.com/70.5.htm’ saved [40177/40177]

--2026-09-26 12:46:23--  http://www.saoing.com/132.0-JCSAT.htm
Reusing existing connection to www.saoing.com:80.
HTTP request sent, awaiting response... 200 OK
Length: 24335 (24K) [text/html]
Saving to: ‘webpages-202609261246/www.saoing.com/132.0-JCSAT.htm’

     0K .......... .......... ...                             100%  721M=0s

2026-09-26 12:46:23 (721 MB/s) - ‘webpages-202609261246/www.saoing.com/132.0-JCSAT.htm’ saved [24335/24335]

--2026-09-26 12:46:23--  http://www.saoing.com/72.0.htm
Reusing existing connection to www.saoing.com:80.
HTTP request sent, awaiting response... 200 OK
Length: 26150 (26K) [text/html]
Saving to: ‘webpages-202609261246/www.saoing.com/72.0.htm’

     0K .......... .......... .....                           100% 1.45G=0s

2026-09-26 12:46:23 (1.45 GB/s) - ‘webpages-202609261246/www.saoing.com/72.0.htm’ saved [26150/26150]

--2026-09-26 12:46:23--  http://www.saoing.com/134.0.htm
Reusing existing connection to www.saoing.com:80.
HTTP request sent, awaiting response... 200 OK
Length: 132846 (130K) [text/html]
Saving to: ‘webpages-202609261246/www.saoing.com/134.0.htm’

     0K .......... .......... .......... .......... .......... 38%  424M 0s
    50K .......... .......... .......... .......... .......... 77%  337M 0s
   100K .......... .......... .........                       100%  578K=0.05s

2026-09-26 12:46:23 (2.45 MB/s) - ‘webpages-202609261246/www.saoing.com/134.0.htm’ saved [132846/132846]

--2026-09-26 12:46:23--  http://www.saoing.com/74.0.htm
Reusing existing connection to www.saoing.com:80.
HTTP request sent, awaiting response... 200 OK
Length: 34132 (33K) [text/html]
Saving to: ‘webpages-202609261246/www.saoing.com/74.0.htm’

     0K .......... .......... .......... ...                  100% 1.86G=0s

2026-09-26 12:46:23 (1.86 GB/s) - ‘webpages-202609261246/www.saoing.com/74.0.htm’ saved [34132/34132]

--2026-09-26 12:46:23--  http://www.saoing.com/75.0.htm
Reusing existing connection to www.saoing.com:80.
HTTP request sent, awaiting response... 200 OK
Length: 470158 (459K) [text/html]
Saving to: ‘webpages-202609261246/www.saoing.com/75.0.htm’

     0K .......... .......... .......... .......... .......... 10%  273M 0s
    50K .......... .......... .......... .......... .......... 21%  368M 0s
   100K .......... .......... .......... .......... .......... 32%  975K 0s
   150K .......... .......... .......... .......... .......... 43%  555M 0s
   200K .......... .......... .......... .......... .......... 54%  977K 0s
   250K .......... .......... .......... .......... .......... 65%  447M 0s
   300K .......... .......... .......... .......... .......... 76%  973K 0s
   350K .......... .......... .......... .......... .......... 87% 93.1T 0s
   400K .......... .......... .......... .......... .......... 98%  981K 0s
   450K .........                                             100% 17.0T=0.2s

2026-09-26 12:46:23 (2.18 MB/s) - ‘webpages-202609261246/www.saoing.com/75.0.htm’ saved [470158/470158]

--2026-09-26 12:46:23--  http://www.saoing.com/138.0.htm
Reusing existing connection to www.saoing.com:80.
HTTP request sent, awaiting response... 200 OK
Length: 243585 (238K) [text/html]
Saving to: ‘webpages-202609261246/www.saoing.com/138.0.htm’

     0K .......... .......... .......... .......... .......... 21%  331M 0s
    50K .......... .......... .......... .......... .......... 42%  441M 0s
   100K .......... .......... .......... .......... .......... 63%  976K 0s
   150K .......... .......... .......... .......... .......... 84%  156M 0s
   200K .......... .......... .......... .......              100%  745K=0.1s

2026-09-26 12:46:24 (2.26 MB/s) - ‘webpages-202609261246/www.saoing.com/138.0.htm’ saved [243585/243585]

--2026-09-26 12:46:24--  http://www.saoing.com/76.5.htm
Reusing existing connection to www.saoing.com:80.
HTTP request sent, awaiting response... 200 OK
Length: 183560 (179K) [text/html]
Saving to: ‘webpages-202609261246/www.saoing.com/76.5.htm’

     0K .......... .......... .......... .......... .......... 27%  495M 0s
    50K .......... .......... .......... .......... .......... 55%  223M 0s
   100K .......... .......... .......... .......... .......... 83%  974K 0s
   150K .......... .......... .........                       100% 54.5T=0.05s

2026-09-26 12:46:24 (3.39 MB/s) - ‘webpages-202609261246/www.saoing.com/76.5.htm’ saved [183560/183560]

--2026-09-26 12:46:24--  http://www.saoing.com/140.0.htm
Reusing existing connection to www.saoing.com:80.
HTTP request sent, awaiting response... 200 OK
Length: 165150 (161K) [text/html]
Saving to: ‘webpages-202609261246/www.saoing.com/140.0.htm’

     0K .......... .......... .......... .......... .......... 31%  304M 0s
    50K .......... .......... .......... .......... .......... 62%  303M 0s
   100K .......... .......... .......... .......... .......... 93%  977K 0s
   150K .......... .                                          100% 21.0T=0.05s

2026-09-26 12:46:24 (3.06 MB/s) - ‘webpages-202609261246/www.saoing.com/140.0.htm’ saved [165150/165150]

--2026-09-26 12:46:24--  http://www.saoing.com/78.5.htm
Reusing existing connection to www.saoing.com:80.
HTTP request sent, awaiting response... 200 OK
Length: 385965 (377K) [text/html]
Saving to: ‘webpages-202609261246/www.saoing.com/78.5.htm’

     0K .......... .......... .......... .......... .......... 13%  229M 0s
    50K .......... .......... .......... .......... .......... 26%  383M 0s
   100K .......... .......... .......... .......... .......... 39%  975K 0s
   150K .......... .......... .......... .......... .......... 53%  403M 0s
   200K .......... .......... .......... .......... .......... 66%  972K 0s
   250K .......... .......... .......... .......... .......... 79% 93.1T 0s
   300K .......... .......... .......... .......... .......... 92%  981K 0s
   350K .......... .......... ......                          100% 93.8M=0.2s

2026-09-26 12:46:24 (2.38 MB/s) - ‘webpages-202609261246/www.saoing.com/78.5.htm’ saved [385965/385965]

--2026-09-26 12:46:24--  http://www.saoing.com/142.0.htm
Reusing existing connection to www.saoing.com:80.
HTTP request sent, awaiting response... 200 OK
Length: 29893 (29K) [text/html]
Saving to: ‘webpages-202609261246/www.saoing.com/142.0.htm’

     0K .......... .......... .........                       100%  815M=0s

2026-09-26 12:46:24 (815 MB/s) - ‘webpages-202609261246/www.saoing.com/142.0.htm’ saved [29893/29893]

--2026-09-26 12:46:24--  http://www.saoing.com/80.0.htm
Reusing existing connection to www.saoing.com:80.
HTTP request sent, awaiting response... 200 OK
Length: 231399 (226K) [text/html]
Saving to: ‘webpages-202609261246/www.saoing.com/80.0.htm’

     0K .......... .......... .......... .......... .......... 22%  242M 0s
    50K .......... .......... .......... .......... .......... 44%  335M 0s
   100K .......... .......... .......... .......... .......... 66%  975K 0s
   150K .......... .......... .......... .......... .......... 88%  139M 0s
   200K .......... .......... .....                           100% 48.4T=0.05s

2026-09-26 12:46:24 (4.25 MB/s) - ‘webpages-202609261246/www.saoing.com/80.0.htm’ saved [231399/231399]

--2026-09-26 12:46:24--  http://www.saoing.com/144.0.htm
Reusing existing connection to www.saoing.com:80.
HTTP request sent, awaiting response... 200 OK
Length: 26672 (26K) [text/html]
Saving to: ‘webpages-202609261246/www.saoing.com/144.0.htm’

     0K .......... .......... ......                          100%  247M=0s

2026-09-26 12:46:24 (247 MB/s) - ‘webpages-202609261246/www.saoing.com/144.0.htm’ saved [26672/26672]

--2026-09-26 12:46:24--  http://www.saoing.com/83.0.htm
Reusing existing connection to www.saoing.com:80.
HTTP request sent, awaiting response... 200 OK
Length: 818311 (799K) [text/html]
Saving to: ‘webpages-202609261246/www.saoing.com/83.0.htm’

     0K .......... .......... .......... .......... ..........  6%  582M 0s
    50K .......... .......... .......... .......... .......... 12%  424M 0s
   100K .......... .......... .......... .......... .......... 18%  983K 0s
   150K .......... .......... .......... .......... .......... 25% 98.7M 0s
   200K .......... .......... .......... .......... .......... 31%  990K 0s
   250K .......... .......... .......... .......... .......... 37% 73.0M 0s
   300K .......... .......... .......... .......... .......... 43% 93.1T 0s
   350K .......... .......... .......... .......... .......... 50%  984K 0s
   400K .......... .......... .......... .......... .......... 56%  138M 0s
   450K .......... .......... .......... .......... .......... 62%  984K 0s
   500K .......... .......... .......... .......... .......... 68%  170M 0s
   550K .......... .......... .......... .......... .......... 75%  350M 0s
   600K .......... .......... .......... .......... .......... 81%  966K 0s
   650K .......... .......... .......... .......... .......... 87%  260M 0s
   700K .......... .......... .......... .......... .......... 93%  984K 0s
   750K .......... .......... .......... .......... ......... 100%  106M=0.3s

2026-09-26 12:46:25 (2.53 MB/s) - ‘webpages-202609261246/www.saoing.com/83.0.htm’ saved [818311/818311]

--2026-09-26 12:46:25--  http://www.saoing.com/145.0.htm
Reusing existing connection to www.saoing.com:80.
HTTP request sent, awaiting response... 200 OK
Length: 24236 (24K) [text/html]
Saving to: ‘webpages-202609261246/www.saoing.com/145.0.htm’

     0K .......... .......... ...                             100% 1.75G=0s

2026-09-26 12:46:25 (1.75 GB/s) - ‘webpages-202609261246/www.saoing.com/145.0.htm’ saved [24236/24236]

--2026-09-26 12:46:25--  http://www.saoing.com/87.5.htm
Reusing existing connection to www.saoing.com:80.
HTTP request sent, awaiting response... 200 OK
Length: 38061 (37K) [text/html]
Saving to: ‘webpages-202609261246/www.saoing.com/87.5.htm’

     0K .......... .......... .......... .......              100% 1.73G=0s

2026-09-26 12:46:25 (1.73 GB/s) - ‘webpages-202609261246/www.saoing.com/87.5.htm’ saved [38061/38061]

--2026-09-26 12:46:25--  http://www.saoing.com/146.0.htm
Reusing existing connection to www.saoing.com:80.
HTTP request sent, awaiting response... 200 OK
Length: 30739 (30K) [text/html]
Saving to: ‘webpages-202609261246/www.saoing.com/146.0.htm’

     0K .......... .......... ..........                      100% 1.90G=0s

2026-09-26 12:46:25 (1.90 GB/s) - ‘webpages-202609261246/www.saoing.com/146.0.htm’ saved [30739/30739]

--2026-09-26 12:46:25--  http://www.saoing.com/88.0.htm
Reusing existing connection to www.saoing.com:80.
HTTP request sent, awaiting response... 200 OK
Length: 353859 (346K) [text/html]
Saving to: ‘webpages-202609261246/www.saoing.com/88.0.htm’

     0K .......... .......... .......... .......... .......... 14%  329M 0s
    50K .......... .......... .......... .......... .......... 28%  293M 0s
   100K .......... .......... .......... .......... .......... 43%  977K 0s
   150K .......... .......... .......... .......... .......... 57%  147M 0s
   200K .......... .......... .......... .......... .......... 72% 93.1T 0s
   250K .......... .......... .......... .......... .......... 86%  977K 0s
   300K .......... .......... .......... .......... .....     100%  137M=0.1s

2026-09-26 12:46:25 (3.27 MB/s) - ‘webpages-202609261246/www.saoing.com/88.0.htm’ saved [353859/353859]

--2026-09-26 12:46:25--  http://www.saoing.com/150.0.htm
Reusing existing connection to www.saoing.com:80.
HTTP request sent, awaiting response... 200 OK
Length: 31561 (31K) [text/html]
Saving to: ‘webpages-202609261246/www.saoing.com/150.0.htm’

     0K .......... .......... ..........                      100%  866M=0s

2026-09-26 12:46:25 (866 MB/s) - ‘webpages-202609261246/www.saoing.com/150.0.htm’ saved [31561/31561]

--2026-09-26 12:46:25--  http://www.saoing.com/90.0.htm
Reusing existing connection to www.saoing.com:80.
HTTP request sent, awaiting response... 200 OK
Length: 165553 (162K) [text/html]
Saving to: ‘webpages-202609261246/www.saoing.com/90.0.htm’

     0K .......... .......... .......... .......... .......... 30%  256M 0s
    50K .......... .......... .......... .......... .......... 61%  331M 0s
   100K .......... .......... .......... .......... .......... 92%  981K 0s
   150K .......... .                                          100% 21.7T=0.05s

2026-09-26 12:46:25 (3.08 MB/s) - ‘webpages-202609261246/www.saoing.com/90.0.htm’ saved [165553/165553]

--2026-09-26 12:46:25--  http://www.saoing.com/150.5.htm
Reusing existing connection to www.saoing.com:80.
HTTP request sent, awaiting response... 200 OK
Length: 29666 (29K) [text/html]
Saving to: ‘webpages-202609261246/www.saoing.com/150.5.htm’

     0K .......... .......... ........                        100% 1.84G=0s

2026-09-26 12:46:25 (1.84 GB/s) - ‘webpages-202609261246/www.saoing.com/150.5.htm’ saved [29666/29666]

--2026-09-26 12:46:25--  http://www.saoing.com/91.5.htm
Reusing existing connection to www.saoing.com:80.
HTTP request sent, awaiting response... 200 OK
Length: 895592 (875K) [text/html]
Saving to: ‘webpages-202609261246/www.saoing.com/91.5.htm’

     0K .......... .......... .......... .......... ..........  5%  355M 0s
    50K .......... .......... .......... .......... .......... 11%  303M 0s
   100K .......... .......... .......... .......... .......... 17%  972K 0s
   150K .......... .......... .......... .......... .......... 22% 93.1T 0s
   200K .......... .......... .......... .......... .......... 28%  313M 0s
   250K .......... .......... .......... .......... .......... 34%  966K 0s
   300K .......... .......... .......... .......... .......... 40%  251M 0s
   350K .......... .......... .......... .......... .......... 45%  979K 0s
   400K .......... .......... .......... .......... .......... 51% 94.8M 0s
   450K .......... .......... .......... .......... .......... 57%  342M 0s
   500K .......... .......... .......... .......... .......... 62%  984K 0s
   550K .......... .......... .......... .......... .......... 68% 50.2M 0s
   600K .......... .......... .......... .......... .......... 74%  430M 0s
   650K .......... .......... .......... .......... .......... 80%  984K 0s
   700K .......... .......... .......... .......... .......... 85%  170M 0s
   750K .......... .......... .......... .......... .......... 91%  426M 0s
   800K .......... .......... .......... .......... .......... 97%  981K 0s
   850K .......... .......... ....                            100% 45.8T=0.3s

2026-09-26 12:46:26 (2.76 MB/s) - ‘webpages-202609261246/www.saoing.com/91.5.htm’ saved [895592/895592]

--2026-09-26 12:46:26--  http://www.saoing.com/154.0.htm
Reusing existing connection to www.saoing.com:80.
HTTP request sent, awaiting response... 200 OK
Length: 54170 (53K) [text/html]
Saving to: ‘webpages-202609261246/www.saoing.com/154.0.htm’

     0K .......... .......... .......... .......... .......... 94%  365M 0s
    50K ..                                                    100% 5.40T=0s

2026-09-26 12:46:26 (386 MB/s) - ‘webpages-202609261246/www.saoing.com/154.0.htm’ saved [54170/54170]

--2026-09-26 12:46:26--  http://www.saoing.com/92.2.htm
Reusing existing connection to www.saoing.com:80.
HTTP request sent, awaiting response... 200 OK
Length: 125443 (123K) [text/html]
Saving to: ‘webpages-202609261246/www.saoing.com/92.2.htm’

     0K .......... .......... .......... .......... .......... 40%  466M 0s
    50K .......... .......... .......... .......... .......... 81%  296M 0s
   100K .......... .......... ..                              100% 41.9T=0s

2026-09-26 12:46:26 (444 MB/s) - ‘webpages-202609261246/www.saoing.com/92.2.htm’ saved [125443/125443]

--2026-09-26 12:46:26--  http://www.saoing.com/156.0.htm
Reusing existing connection to www.saoing.com:80.
HTTP request sent, awaiting response... 200 OK
Length: 174659 (171K) [text/html]
Saving to: ‘webpages-202609261246/www.saoing.com/156.0.htm’

     0K .......... .......... .......... .......... .......... 29%  535M 0s
    50K .......... .......... .......... .......... .......... 58%  310M 0s
   100K .......... .......... .......... .......... .......... 87%  982K 0s
   150K .......... ..........                                 100%  241M=0.05s

2026-09-26 12:46:26 (3.25 MB/s) - ‘webpages-202609261246/www.saoing.com/156.0.htm’ saved [174659/174659]

--2026-09-26 12:46:26--  http://www.saoing.com/93.5.htm
Reusing existing connection to www.saoing.com:80.
HTTP request sent, awaiting response... 200 OK
Length: 654023 (639K) [text/html]
Saving to: ‘webpages-202609261246/www.saoing.com/93.5.htm’

     0K .......... .......... .......... .......... ..........  7%  341M 0s
    50K .......... .......... .......... .......... .......... 15%  295M 0s
   100K .......... .......... .......... .......... .......... 23%  976K 0s
   150K .......... .......... .......... .......... .......... 31% 53.9M 0s
   200K .......... .......... .......... .......... .......... 39%  273M 0s
   250K .......... .......... .......... .......... .......... 46%  996K 0s
   300K .......... .......... .......... .......... .......... 54% 42.2M 0s
   350K .......... .......... .......... .......... .......... 62%  208M 0s
   400K .......... .......... .......... .......... .......... 70% 1001K 0s
   450K .......... .......... .......... .......... .......... 78% 59.0M 0s
   500K .......... .......... .......... .......... .......... 86%  175M 0s
   550K .......... .......... .......... .......... .......... 93%  990K 0s
   600K .......... .......... .......... ........             100%  247M=0.2s

2026-09-26 12:46:26 (3.03 MB/s) - ‘webpages-202609261246/www.saoing.com/93.5.htm’ saved [654023/654023]

--2026-09-26 12:46:26--  http://www.saoing.com/159.0.htm
Reusing existing connection to www.saoing.com:80.
HTTP request sent, awaiting response... 200 OK
Length: 27216 (27K) [text/html]
Saving to: ‘webpages-202609261246/www.saoing.com/159.0.htm’

     0K .......... .......... ......                          100% 2.09G=0s

2026-09-26 12:46:26 (2.09 GB/s) - ‘webpages-202609261246/www.saoing.com/159.0.htm’ saved [27216/27216]

--2026-09-26 12:46:26--  http://www.saoing.com/95.0.htm
Reusing existing connection to www.saoing.com:80.
HTTP request sent, awaiting response... 200 OK
Length: 217090 (212K) [text/html]
Saving to: ‘webpages-202609261246/www.saoing.com/95.0.htm’

     0K .......... .......... .......... .......... .......... 23%  469M 0s
    50K .......... .......... .......... .......... .......... 47%  199M 0s
   100K .......... .......... .......... .......... .......... 70%  979K 0s
   150K .......... .......... .......... .......... .......... 94%  113M 0s
   200K .......... ..                                         100%  221M=0.05s

2026-09-26 12:46:26 (3.99 MB/s) - ‘webpages-202609261246/www.saoing.com/95.0.htm’ saved [217090/217090]

--2026-09-26 12:46:26--  http://www.saoing.com/162.0.htm
Reusing existing connection to www.saoing.com:80.
HTTP request sent, awaiting response... 200 OK
Length: 43787 (43K) [text/html]
Saving to: ‘webpages-202609261246/www.saoing.com/162.0.htm’

     0K .......... .......... .......... .......... ..        100% 1.45G=0s

2026-09-26 12:46:26 (1.45 GB/s) - ‘webpages-202609261246/www.saoing.com/162.0.htm’ saved [43787/43787]

--2026-09-26 12:46:26--  http://www.saoing.com/96.5.htm
Reusing existing connection to www.saoing.com:80.
HTTP request sent, awaiting response... 200 OK
Length: 38448 (38K) [text/html]
Saving to: ‘webpages-202609261246/www.saoing.com/96.5.htm’

     0K .......... .......... .......... .......              100% 2.07G=0s

2026-09-26 12:46:26 (2.07 GB/s) - ‘webpages-202609261246/www.saoing.com/96.5.htm’ saved [38448/38448]

--2026-09-26 12:46:26--  http://www.saoing.com/163.0.htm
Reusing existing connection to www.saoing.com:80.
HTTP request sent, awaiting response... 200 OK
Length: 16117 (16K) [text/html]
Saving to: ‘webpages-202609261246/www.saoing.com/163.0.htm’

     0K .......... .....                                      100% 1.46G=0s

2026-09-26 12:46:26 (1.46 GB/s) - ‘webpages-202609261246/www.saoing.com/163.0.htm’ saved [16117/16117]

--2026-09-26 12:46:26--  http://www.saoing.com/97.3.htm
Reusing existing connection to www.saoing.com:80.
HTTP request sent, awaiting response... 200 OK
Length: 37024 (36K) [text/html]
Saving to: ‘webpages-202609261246/www.saoing.com/97.3.htm’

     0K .......... .......... .......... ......               100% 1.30G=0s

2026-09-26 12:46:26 (1.30 GB/s) - ‘webpages-202609261246/www.saoing.com/97.3.htm’ saved [37024/37024]

--2026-09-26 12:46:26--  http://www.saoing.com/166.0.htm
Reusing existing connection to www.saoing.com:80.
HTTP request sent, awaiting response... 200 OK
Length: 113876 (111K) [text/html]
Saving to: ‘webpages-202609261246/www.saoing.com/166.0.htm’

     0K .......... .......... .......... .......... .......... 44%  450M 0s
    50K .......... .......... .......... .......... .......... 89%  299M 0s
   100K .......... .                                          100% 20.9T=0s

2026-09-26 12:46:26 (400 MB/s) - ‘webpages-202609261246/www.saoing.com/166.0.htm’ saved [113876/113876]

--2026-09-26 12:46:26--  http://www.saoing.com/98.0.htm
Reusing existing connection to www.saoing.com:80.
HTTP request sent, awaiting response... 200 OK
Length: 82389 (80K) [text/html]
Saving to: ‘webpages-202609261246/www.saoing.com/98.0.htm’

     0K .......... .......... .......... .......... .......... 62%  360M 0s
    50K .......... .......... ..........                      100%  208M=0s

2026-09-26 12:46:27 (282 MB/s) - ‘webpages-202609261246/www.saoing.com/98.0.htm’ saved [82389/82389]

--2026-09-26 12:46:27--  http://www.saoing.com/169.0.htm
Reusing existing connection to www.saoing.com:80.
HTTP request sent, awaiting response... 200 OK
Length: 37229 (36K) [text/html]
Saving to: ‘webpages-202609261246/www.saoing.com/169.0.htm’

     0K .......... .......... .......... ......               100% 1.90G=0s

2026-09-26 12:46:27 (1.90 GB/s) - ‘webpages-202609261246/www.saoing.com/169.0.htm’ saved [37229/37229]

--2026-09-26 12:46:27--  http://www.saoing.com/100.5.htm
Reusing existing connection to www.saoing.com:80.
HTTP request sent, awaiting response... 200 OK
Length: 101891 (100K) [text/html]
Saving to: ‘webpages-202609261246/www.saoing.com/100.5.htm’

     0K .......... .......... .......... .......... .......... 50%  301M 0s
    50K .......... .......... .......... .......... ......... 100%  350M=0s

2026-09-26 12:46:27 (324 MB/s) - ‘webpages-202609261246/www.saoing.com/100.5.htm’ saved [101891/101891]

--2026-09-26 12:46:27--  http://www.saoing.com/172.0.htm
Reusing existing connection to www.saoing.com:80.
HTTP request sent, awaiting response... 200 OK
Length: 63586 (62K) [text/html]
Saving to: ‘webpages-202609261246/www.saoing.com/172.0.htm’

     0K .......... .......... .......... .......... .......... 80% 1.05G 0s
    50K .......... ..                                         100% 22.5T=0s

2026-09-26 12:46:27 (1.30 GB/s) - ‘webpages-202609261246/www.saoing.com/172.0.htm’ saved [63586/63586]

--2026-09-26 12:46:27--  http://www.saoing.com/101.4.htm
Reusing existing connection to www.saoing.com:80.
HTTP request sent, awaiting response... 200 OK
Length: 44099 (43K) [text/html]
Saving to: ‘webpages-202609261246/www.saoing.com/101.4.htm’

     0K .......... .......... .......... .......... ...       100%  422M=0s

2026-09-26 12:46:27 (422 MB/s) - ‘webpages-202609261246/www.saoing.com/101.4.htm’ saved [44099/44099]

--2026-09-26 12:46:27--  http://www.saoing.com/180.0.htm
Reusing existing connection to www.saoing.com:80.
HTTP request sent, awaiting response... 200 OK
Length: 101124 (99K) [text/html]
Saving to: ‘webpages-202609261246/www.saoing.com/180.0.htm’

     0K .......... .......... .......... .......... .......... 50%  249M 0s
    50K .......... .......... .......... .......... ........  100%  281M=0s

2026-09-26 12:46:27 (264 MB/s) - ‘webpages-202609261246/www.saoing.com/180.0.htm’ saved [101124/101124]

--2026-09-26 12:46:27--  http://www.saoing.com/103.0.htm
Reusing existing connection to www.saoing.com:80.
HTTP request sent, awaiting response... 200 OK
Length: 87386 (85K) [text/html]
Saving to: ‘webpages-202609261246/www.saoing.com/103.0.htm’

     0K .......... .......... .......... .......... .......... 58%  817M 0s
    50K .......... .......... .......... .....                100%  218M=0s

2026-09-26 12:46:27 (382 MB/s) - ‘webpages-202609261246/www.saoing.com/103.0.htm’ saved [87386/87386]

--2026-09-26 12:46:27--  http://www.saoing.com/183.0-NSS9.htm
Reusing existing connection to www.saoing.com:80.
HTTP request sent, awaiting response... 200 OK
Length: 31928 (31K) [text/html]
Saving to: ‘webpages-202609261246/www.saoing.com/183.0-NSS9.htm’

     0K .......... .......... .......... .                    100% 1.98G=0s

2026-09-26 12:46:27 (1.98 GB/s) - ‘webpages-202609261246/www.saoing.com/183.0-NSS9.htm’ saved [31928/31928]

--2026-09-26 12:46:27--  http://www.saoing.com/changqiang/38-EIRP.htm
Reusing existing connection to www.saoing.com:80.
HTTP request sent, awaiting response... 200 OK
Length: 999 [text/html]
Saving to: ‘webpages-202609261246/www.saoing.com/changqiang/38-EIRP.htm’

     0K                                                       100%  138M=0s

2026-09-26 12:46:27 (138 MB/s) - ‘webpages-202609261246/www.saoing.com/changqiang/38-EIRP.htm’ saved [999/999]

--2026-09-26 12:46:27--  http://www.saoing.com/changqiang/90.0EIRP-401.htm
Reusing existing connection to www.saoing.com:80.
HTTP request sent, awaiting response... 200 OK
Length: 1326 (1.3K) [text/html]
Saving to: ‘webpages-202609261246/www.saoing.com/changqiang/90.0EIRP-401.htm’

     0K .                                                     100%  176M=0s

2026-09-26 12:46:27 (176 MB/s) - ‘webpages-202609261246/www.saoing.com/changqiang/90.0EIRP-401.htm’ saved [1326/1326]

--2026-09-26 12:46:27--  http://www.saoing.com/changqiang/119.5EIRP.htm
Reusing existing connection to www.saoing.com:80.
HTTP request sent, awaiting response... 200 OK
Length: 504 [text/html]
Saving to: ‘webpages-202609261246/www.saoing.com/changqiang/119.5EIRP.htm’

     0K                                                       100% 41.5M=0s

2026-09-26 12:46:27 (41.5 MB/s) - ‘webpages-202609261246/www.saoing.com/changqiang/119.5EIRP.htm’ saved [504/504]

--2026-09-26 12:46:27--  http://www.saoing.com/changqiang/42.0EIRP.pdf
Reusing existing connection to www.saoing.com:80.
HTTP request sent, awaiting response... 200 OK
Length: 1670297 (1.6M) [application/pdf]
Saving to: ‘webpages-202609261246/www.saoing.com/changqiang/42.0EIRP.pdf’

     0K .......... .......... .......... .......... ..........  3% 1.78G 0s
    50K .......... .......... .......... .......... ..........  6%  202M 0s
   100K .......... .......... .......... .......... ..........  9%  407M 0s
   150K .......... .......... .......... .......... .......... 12%  978K 0s
   200K .......... .......... .......... .......... .......... 15%  154M 0s
   250K .......... .......... .......... .......... .......... 18%  295M 0s
   300K .......... .......... .......... .......... .......... 21%  990K 0s
   350K .......... .......... .......... .......... .......... 24% 85.3M 0s
   400K .......... .......... .......... .......... .......... 27% 93.1T 0s
   450K .......... .......... .......... .......... .......... 30%  191M 0s
   500K .......... .......... .......... .......... .......... 33%  988K 0s
   550K .......... .......... .......... .......... .......... 36%  173M 0s
   600K .......... .......... .......... .......... .......... 39%  247M 0s
   650K .......... .......... .......... .......... .......... 42%  158M 0s
   700K .......... .......... .......... .......... .......... 45%  975K 0s
   750K .......... .......... .......... .......... .......... 49%  516M 0s
   800K .......... .......... .......... .......... .......... 52%  212M 0s
   850K .......... .......... .......... .......... .......... 55%  976K 0s
   900K .......... .......... .......... .......... .......... 58% 93.1T 0s
   950K .......... .......... .......... .......... .......... 61%  228M 0s
  1000K .......... .......... .......... .......... .......... 64%  158M 0s
  1050K .......... .......... .......... .......... .......... 67%  991K 0s
  1100K .......... .......... .......... .......... .......... 70%  185M 0s
  1150K .......... .......... .......... .......... .......... 73%  185M 0s
  1200K .......... .......... .......... .......... .......... 76%  293M 0s
  1250K .......... .......... .......... .......... .......... 79%  988K 0s
  1300K .......... .......... .......... .......... .......... 82% 99.0M 0s
  1350K .......... .......... .......... .......... .......... 85%  408M 0s
  1400K .......... .......... .......... .......... .......... 88%  170M 0s
  1450K .......... .......... .......... .......... .......... 91%  981K 0s
  1500K .......... .......... .......... .......... .......... 95%  334M 0s
  1550K .......... .......... .......... .......... .......... 98%  299M 0s
  1600K .......... .......... .......... .                    100% 58.0T=0.4s

2026-09-26 12:46:28 (3.87 MB/s) - ‘webpages-202609261246/www.saoing.com/changqiang/42.0EIRP.pdf’ saved [1670297/1670297]

--2026-09-26 12:46:28--  http://www.saoing.com/EIRP/91.5-M3a.pdf
Reusing existing connection to www.saoing.com:80.
HTTP request sent, awaiting response... 200 OK
Length: 530824 (518K) [application/pdf]
Saving to: ‘webpages-202609261246/www.saoing.com/EIRP/91.5-M3a.pdf’

     0K .......... .......... .......... .......... ..........  9% 1.73G 0s
    50K .......... .......... .......... .......... .......... 19%  166M 0s
   100K .......... .......... .......... .......... .......... 28%  547M 0s
   150K .......... .......... .......... .......... .......... 38%  665M 0s
   200K .......... .......... .......... .......... .......... 48%  981K 0s
   250K .......... .......... .......... .......... .......... 57% 87.8M 0s
   300K .......... .......... .......... .......... .......... 67%  346M 0s
   350K .......... .......... .......... .......... .......... 77%  316M 0s
   400K .......... .......... .......... .......... .......... 86%  982K 0s
   450K .......... .......... .......... .......... .......... 96%  109M 0s
   500K .......... ........                                   100%  122M=0.1s

2026-09-26 12:46:28 (4.88 MB/s) - ‘webpages-202609261246/www.saoing.com/EIRP/91.5-M3a.pdf’ saved [530824/530824]

--2026-09-26 12:46:28--  http://www.saoing.com/changqiang/120EIRP.htm
Reusing existing connection to www.saoing.com:80.
HTTP request sent, awaiting response... 200 OK
Length: 728 [text/html]
Saving to: ‘webpages-202609261246/www.saoing.com/changqiang/120EIRP.htm’

     0K                                                       100%  108M=0s

2026-09-26 12:46:28 (108 MB/s) - ‘webpages-202609261246/www.saoing.com/changqiang/120EIRP.htm’ saved [728/728]

--2026-09-26 12:46:28--  http://www.saoing.com/changqiang/45.0EIRP.htm
Reusing existing connection to www.saoing.com:80.
HTTP request sent, awaiting response... 200 OK
Length: 1605 (1.6K) [text/html]
Saving to: ‘webpages-202609261246/www.saoing.com/changqiang/45.0EIRP.htm’

     0K .                                                     100%  263M=0s

2026-09-26 12:46:28 (263 MB/s) - ‘webpages-202609261246/www.saoing.com/changqiang/45.0EIRP.htm’ saved [1605/1605]

--2026-09-26 12:46:28--  http://www.saoing.com/EIRP/91.5-M3b.pdf
Reusing existing connection to www.saoing.com:80.
HTTP request sent, awaiting response... 200 OK
Length: 539487 (527K) [application/pdf]
Saving to: ‘webpages-202609261246/www.saoing.com/EIRP/91.5-M3b.pdf’

     0K .......... .......... .......... .......... ..........  9%  139M 0s
    50K .......... .......... .......... .......... .......... 18% 93.1T 0s
   100K .......... .......... .......... .......... .......... 28%  305M 0s
   150K .......... .......... .......... .......... .......... 37%  308M 0s
   200K .......... .......... .......... .......... .......... 47%  984K 0s
   250K .......... .......... .......... .......... .......... 56%  102M 0s
   300K .......... .......... .......... .......... .......... 66%  247M 0s
   350K .......... .......... .......... .......... .......... 75%  369M 0s
   400K .......... .......... .......... .......... .......... 85% 93.1T 0s
   450K .......... .......... .......... .......... .......... 94%  974K 0s
   500K .......... .......... ......                          100%  283M=0.1s

2026-09-26 12:46:28 (4.96 MB/s) - ‘webpages-202609261246/www.saoing.com/EIRP/91.5-M3b.pdf’ saved [539487/539487]

--2026-09-26 12:46:28--  http://www.saoing.com/changqiang/122EIRP.htm
Reusing existing connection to www.saoing.com:80.
HTTP request sent, awaiting response... 200 OK
Length: 2127 (2.1K) [text/html]
Saving to: ‘webpages-202609261246/www.saoing.com/changqiang/122EIRP.htm’

     0K ..                                                    100%  344M=0s

2026-09-26 12:46:28 (344 MB/s) - ‘webpages-202609261246/www.saoing.com/changqiang/122EIRP.htm’ saved [2127/2127]

--2026-09-26 12:46:28--  http://www.saoing.com/changqiang/49.0EIRP.htm
Reusing existing connection to www.saoing.com:80.
HTTP request sent, awaiting response... 200 OK
Length: 400 [text/html]
Saving to: ‘webpages-202609261246/www.saoing.com/changqiang/49.0EIRP.htm’

     0K                                                       100% 43.5M=0s

2026-09-26 12:46:28 (43.5 MB/s) - ‘webpages-202609261246/www.saoing.com/changqiang/49.0EIRP.htm’ saved [400/400]

--2026-09-26 12:46:28--  http://www.saoing.com/EIRP/91.5-M3d.pdf
Reusing existing connection to www.saoing.com:80.
HTTP request sent, awaiting response... 200 OK
Length: 789378 (771K) [application/pdf]
Saving to: ‘webpages-202609261246/www.saoing.com/EIRP/91.5-M3d.pdf’

     0K .......... .......... .......... .......... ..........  6% 1.01G 0s
    50K .......... .......... .......... .......... .......... 12%  248M 0s
   100K .......... .......... .......... .......... .......... 19%  332M 0s
   150K .......... .......... .......... .......... .......... 25%  337M 0s
   200K .......... .......... .......... .......... .......... 32%  987K 0s
   250K .......... .......... .......... .......... .......... 38%  417M 0s
   300K .......... .......... .......... .......... .......... 45%  178M 0s
   350K .......... .......... .......... .......... .......... 51%  222M 0s
   400K .......... .......... .......... .......... .......... 58% 93.1T 0s
   450K .......... .......... .......... .......... .......... 64%  374M 0s
   500K .......... .......... .......... .......... .......... 71%  983K 0s
   550K .......... .......... .......... .......... .......... 77%  133M 0s
   600K .......... .......... .......... .......... .......... 84%  135M 0s
   650K .......... .......... .......... .......... .......... 90%  366M 0s
   700K .......... .......... .......... .......... .......... 97%  257M 0s
   750K .......... ..........                                 100%  420K=0.2s

2026-09-26 12:46:28 (4.90 MB/s) - ‘webpages-202609261246/www.saoing.com/EIRP/91.5-M3d.pdf’ saved [789378/789378]

--2026-09-26 12:46:28--  http://www.saoing.com/changqiang/124-jcsat-4b.pdf
Reusing existing connection to www.saoing.com:80.
HTTP request sent, awaiting response... 200 OK
Length: 10566534 (10M) [application/pdf]
Saving to: ‘webpages-202609261246/www.saoing.com/changqiang/124-jcsat-4b.pdf’

     0K .......... .......... .......... .......... ..........  0% 1.67G 0s
    50K .......... .......... .......... .......... ..........  0%  134M 0s
   100K .......... .......... .......... .......... ..........  1%  438M 0s
   150K .......... .......... .......... .......... ..........  1%  554M 0s
   200K .......... .......... .......... .......... ..........  2% 93.1T 0s
   250K .......... .......... .......... .......... ..........  2%  985K 2s
   300K .......... .......... .......... .......... ..........  3%  329M 1s
   350K .......... .......... .......... .......... ..........  3% 93.1T 1s
   400K .......... .......... .......... .......... ..........  4%  207M 1s
   450K .......... .......... .......... .......... ..........  4%  428M 1s
   500K .......... .......... .......... .......... ..........  5%  994K 2s
   550K .......... .......... .......... .......... ..........  5%  109M 2s
   600K .......... .......... .......... .......... ..........  6%  410M 2s
   650K .......... .......... .......... .......... ..........  6% 99.4M 1s
   700K .......... .......... .......... .......... ..........  7%  204M 1s
   750K .......... .......... .......... .......... ..........  7%  368M 1s
   800K .......... .......... .......... .......... ..........  8%  990K 2s
   850K .......... .......... .......... .......... ..........  8%  219M 2s
   900K .......... .......... .......... .......... ..........  9%  256M 2s
   950K .......... .......... .......... .......... ..........  9%  131M 1s
  1000K .......... .......... .......... .......... .......... 10% 93.1T 1s
  1050K .......... .......... .......... .......... .......... 10%  357M 1s
  1100K .......... .......... .......... .......... .......... 11%  986K 2s
  1150K .......... .......... .......... .......... .......... 11%  184M 2s
  1200K .......... .......... .......... .......... .......... 12%  384M 1s
  1250K .......... .......... .......... .......... .......... 12%  179M 1s
  1300K .......... .......... .......... .......... .......... 13%  362M 1s
  1350K .......... .......... .......... .......... .......... 13%  984K 2s
  1400K .......... .......... .......... .......... .......... 14%  407M 2s
  1450K .......... .......... .......... .......... .......... 14%  214M 2s
  1500K .......... .......... .......... .......... .......... 15%  267M 1s
  1550K .......... .......... .......... .......... .......... 15%  408M 1s
  1600K .......... .......... .......... .......... .......... 15% 93.1T 1s
  1650K .......... .......... .......... .......... .......... 16%  983K 2s
  1700K .......... .......... .......... .......... .......... 16%  148M 2s
  1750K .......... .......... .......... .......... .......... 17%  161M 1s
  1800K .......... .......... .......... .......... .......... 17%  285M 1s
  1850K .......... .......... .......... .......... .......... 18%  351M 1s
  1900K .......... .......... .......... .......... .......... 18%  398M 1s
  1950K .......... .......... .......... .......... .......... 19% 93.1T 1s
  2000K .......... .......... .......... .......... .......... 19%  986K 1s
  2050K .......... .......... .......... .......... .......... 20%  316M 1s
  2100K .......... .......... .......... .......... .......... 20%  514M 1s
  2150K .......... .......... .......... .......... .......... 21%  408M 1s
  2200K .......... .......... .......... .......... .......... 21%  363M 1s
  2250K .......... .......... .......... .......... .......... 22%  478M 1s
  2300K .......... .......... .......... .......... .......... 22%  975K 1s
  2350K .......... .......... .......... .......... .......... 23%  141M 1s
  2400K .......... .......... .......... .......... .......... 23%  296M 1s
  2450K .......... .......... .......... .......... .......... 24%  544M 1s
  2500K .......... .......... .......... .......... .......... 24% 93.1T 1s
  2550K .......... .......... .......... .......... .......... 25% 43.6M 1s
  2600K .......... .......... .......... .......... .......... 25% 1002K 1s
  2650K .......... .......... .......... .......... .......... 26%  115M 1s
  2700K .......... .......... .......... .......... .......... 26%  303M 1s
  2750K .......... .......... .......... .......... .......... 27% 93.1T 1s
  2800K .......... .......... .......... .......... .......... 27%  245M 1s
  2850K .......... .......... .......... .......... .......... 28%  156M 1s
  2900K .......... .......... .......... .......... .......... 28%  229M 1s
  2950K .......... .......... .......... .......... .......... 29%  994K 1s
  3000K .......... .......... .......... .......... .......... 29%  290M 1s
  3050K .......... .......... .......... .......... .......... 30%  258M 1s
  3100K .......... .......... .......... .......... .......... 30%  238M 1s
  3150K .......... .......... .......... .......... .......... 31% 93.1T 1s
  3200K .......... .......... .......... .......... .......... 31%  281M 1s
  3250K .......... .......... .......... .......... .......... 31%  989K 1s
  3300K .......... .......... .......... .......... .......... 32%  110M 1s
  3350K .......... .......... .......... .......... .......... 32%  198M 1s
  3400K .......... .......... .......... .......... .......... 33% 93.1T 1s
  3450K .......... .......... .......... .......... .......... 33%  260M 1s
  3500K .......... .......... .......... .......... .......... 34%  171M 1s
  3550K .......... .......... .......... .......... .......... 34%  346M 1s
  3600K .......... .......... .......... .......... .......... 35%  992K 1s
  3650K .......... .......... .......... .......... .......... 35%  177M 1s
  3700K .......... .......... .......... .......... .......... 36%  269M 1s
  3750K .......... .......... .......... .......... .......... 36%  303M 1s
  3800K .......... .......... .......... .......... .......... 37%  486M 1s
  3850K .......... .......... .......... .......... .......... 37%  258M 1s
  3900K .......... .......... .......... .......... .......... 38%  383M 1s
  3950K .......... .......... .......... .......... .......... 38%  990K 1s
  4000K .......... .......... .......... .......... .......... 39%  147M 1s
  4050K .......... .......... .......... .......... .......... 39%  170M 1s
  4100K .......... .......... .......... .......... .......... 40%  368M 1s
  4150K .......... .......... .......... .......... .......... 40% 93.1T 1s
  4200K .......... .......... .......... .......... .......... 41%  175M 1s
  4250K .......... .......... .......... .......... .......... 41%  384M 1s
  4300K .......... .......... .......... .......... .......... 42%  991K 1s
  4350K .......... .......... .......... .......... .......... 42% 86.6M 1s
  4400K .......... .......... .......... .......... .......... 43%  425M 1s
  4450K .......... .......... .......... .......... .......... 43%  248M 1s
  4500K .......... .......... .......... .......... .......... 44%  461M 1s
  4550K .......... .......... .......... .......... .......... 44%  232M 1s
  4600K .......... .......... .......... .......... .......... 45%  448M 1s
  4650K .......... .......... .......... .......... .......... 45%  994K 1s
  4700K .......... .......... .......... .......... .......... 46%  137M 1s
  4750K .......... .......... .......... .......... .......... 46%  317M 1s
  4800K .......... .......... .......... .......... .......... 47%  268M 1s
  4850K .......... .......... .......... .......... .......... 47% 93.1T 1s
  4900K .......... .......... .......... .......... .......... 47%  143M 1s
  4950K .......... .......... .......... .......... .......... 48%  436M 1s
  5000K .......... .......... .......... .......... .......... 48% 1000K 1s
  5050K .......... .......... .......... .......... .......... 49%  153M 1s
  5100K .......... .......... .......... .......... .......... 49%  160M 1s
  5150K .......... .......... .......... .......... .......... 50%  301M 1s
  5200K .......... .......... .......... .......... .......... 50%  197M 1s
  5250K .......... .......... .......... .......... .......... 51% 93.1T 1s
  5300K .......... .......... .......... .......... .......... 51%  396M 1s
  5350K .......... .......... .......... .......... .......... 52%  404M 1s
  5400K .......... .......... .......... .......... .......... 52%  992K 1s
  5450K .......... .......... .......... .......... .......... 53%  289M 1s
  5500K .......... .......... .......... .......... .......... 53% 93.1T 1s
  5550K .......... .......... .......... .......... .......... 54%  331M 1s
  5600K .......... .......... .......... .......... .......... 54%  289M 1s
  5650K .......... .......... .......... .......... .......... 55%  181M 1s
  5700K .......... .......... .......... .......... .......... 55% 93.1T 1s
  5750K .......... .......... .......... .......... .......... 56%  359M 1s
  5800K .......... .......... .......... .......... .......... 56%  993K 1s
  5850K .......... .......... .......... .......... .......... 57%  357M 1s
  5900K .......... .......... .......... .......... .......... 57%  278M 1s
  5950K .......... .......... .......... .......... .......... 58% 93.1T 1s
  6000K .......... .......... .......... .......... .......... 58%  203M 1s
  6050K .......... .......... .......... .......... .......... 59%  186M 1s
  6100K .......... .......... .......... .......... .......... 59%  383M 1s
  6150K .......... .......... .......... .......... .......... 60% 1007K 1s
  6200K .......... .......... .......... .......... .......... 60%  123M 1s
  6250K .......... .......... .......... .......... .......... 61%  245M 1s
  6300K .......... .......... .......... .......... .......... 61%  277M 1s
  6350K .......... .......... .......... .......... .......... 62%  453M 1s
  6400K .......... .......... .......... .......... .......... 62%  422M 1s
  6450K .......... .......... .......... .......... .......... 62%  240M 1s
  6500K .......... .......... .......... .......... .......... 63%  282M 1s
  6550K .......... .......... .......... .......... .......... 63%  991K 1s
  6600K .......... .......... .......... .......... .......... 64% 84.1M 1s
  6650K .......... .......... .......... .......... .......... 64%  170M 1s
  6700K .......... .......... .......... .......... .......... 65% 93.1T 1s
  6750K .......... .......... .......... .......... .......... 65%  182M 1s
  6800K .......... .......... .......... .......... .......... 66%  313M 1s
  6850K .......... .......... .......... .......... .......... 66%  412M 1s
  6900K .......... .......... .......... .......... .......... 67% 93.1T 0s
  6950K .......... .......... .......... .......... .......... 67% 1001K 1s
  7000K .......... .......... .......... .......... .......... 68%  195M 1s
  7050K .......... .......... .......... .......... .......... 68%  429M 0s
  7100K .......... .......... .......... .......... .......... 69% 55.4M 0s
  7150K .......... .......... .......... .......... .......... 69%  199M 0s
  7200K .......... .......... .......... .......... .......... 70%  562M 0s
  7250K .......... .......... .......... .......... .......... 70% 93.1T 0s
  7300K .......... .......... .......... .......... .......... 71%  178M 0s
  7350K .......... .......... .......... .......... .......... 71% 1010K 0s
  7400K .......... .......... .......... .......... .......... 72%  122M 0s
  7450K .......... .......... .......... .......... .......... 72%  172M 0s
  7500K .......... .......... .......... .......... .......... 73% 86.6M 0s
  7550K .......... .......... .......... .......... .......... 73% 93.1T 0s
  7600K .......... .......... .......... .......... .......... 74%  138M 0s
  7650K .......... .......... .......... .......... .......... 74%  438M 0s
  7700K .......... .......... .......... .......... .......... 75%  250M 0s
  7750K .......... .......... .......... .......... .......... 75% 1006K 0s
  7800K .......... .......... .......... .......... .......... 76% 73.1M 0s
  7850K .......... .......... .......... .......... .......... 76%  377M 0s
  7900K .......... .......... .......... .......... .......... 77%  246M 0s
  7950K .......... .......... .......... .......... .......... 77% 93.1T 0s
  8000K .......... .......... .......... .......... .......... 78%  129M 0s
  8050K .......... .......... .......... .......... .......... 78%  359M 0s
  8100K .......... .......... .......... .......... .......... 78% 93.1T 0s
  8150K .......... .......... .......... .......... .......... 79%  198M 0s
  8200K .......... .......... .......... .......... .......... 79%  993K 0s
  8250K .......... .......... .......... .......... .......... 80% 93.1T 0s
  8300K .......... .......... .......... .......... .......... 80%  335M 0s
  8350K .......... .......... .......... .......... .......... 81%  233M 0s
  8400K .......... .......... .......... .......... .......... 81% 93.1T 0s
  8450K .......... .......... .......... .......... .......... 82%  377M 0s
  8500K .......... .......... .......... .......... .......... 82%  197M 0s
  8550K .......... .......... .......... .......... .......... 83%  199M 0s
  8600K .......... .......... .......... .......... .......... 83% 1006K 0s
  8650K .......... .......... .......... .......... .......... 84% 73.9M 0s
  8700K .......... .......... .......... .......... .......... 84%  434M 0s
  8750K .......... .......... .......... .......... .......... 85% 93.1T 0s
  8800K .......... .......... .......... .......... .......... 85%  117M 0s
  8850K .......... .......... .......... .......... .......... 86%  405M 0s
  8900K .......... .......... .......... .......... .......... 86%  283M 0s
  8950K .......... .......... .......... .......... .......... 87%  396M 0s
  9000K .......... .......... .......... .......... .......... 87%  511M 0s
  9050K .......... .......... .......... .......... .......... 88% 1002K 0s
  9100K .......... .......... .......... .......... .......... 88%  103M 0s
  9150K .......... .......... .......... .......... .......... 89%  327M 0s
  9200K .......... .......... .......... .......... .......... 89%  389M 0s
  9250K .......... .......... .......... .......... .......... 90%  294M 0s
  9300K .......... .......... .......... .......... .......... 90%  516M 0s
  9350K .......... .......... .......... .......... .......... 91%  191M 0s
  9400K .......... .......... .......... .......... .......... 91%  432M 0s
  9450K .......... .......... .......... .......... .......... 92%  482M 0s
  9500K .......... .......... .......... .......... .......... 92%  991K 0s
  9550K .......... .......... .......... .......... .......... 93% 93.1T 0s
  9600K .......... .......... .......... .......... .......... 93%  293M 0s
  9650K .......... .......... .......... .......... .......... 94%  410M 0s
  9700K .......... .......... .......... .......... .......... 94%  218M 0s
  9750K .......... .......... .......... .......... .......... 94%  461M 0s
  9800K .......... .......... .......... .......... .......... 95%  317M 0s
  9850K .......... .......... .......... .......... .......... 95%  445M 0s
  9900K .......... .......... .......... .......... .......... 96%  372M 0s
  9950K .......... .......... .......... .......... .......... 96%  991K 0s
 10000K .......... .......... .......... .......... .......... 97% 93.1T 0s
 10050K .......... .......... .......... .......... .......... 97%  434M 0s
 10100K .......... .......... .......... .......... .......... 98%  308M 0s
 10150K .......... .......... .......... .......... .......... 98%  210M 0s
 10200K .......... .......... .......... .......... .......... 99%  361M 0s
 10250K .......... .......... .......... .......... .......... 99%  380M 0s
 10300K .......... ........                                   100% 35.2T=1.4s

2026-09-26 12:46:30 (6.98 MB/s) - ‘webpages-202609261246/www.saoing.com/changqiang/124-jcsat-4b.pdf’ saved [10566534/10566534]

--2026-09-26 12:46:30--  http://www.saoing.com/changqiang/51.5EIRP.htm
Reusing existing connection to www.saoing.com:80.
HTTP request sent, awaiting response... 200 OK
Length: 1553 (1.5K) [text/html]
Saving to: ‘webpages-202609261246/www.saoing.com/changqiang/51.5EIRP.htm’

     0K .                                                     100%  182M=0s

2026-09-26 12:46:30 (182 MB/s) - ‘webpages-202609261246/www.saoing.com/changqiang/51.5EIRP.htm’ saved [1553/1553]

--2026-09-26 12:46:30--  http://www.saoing.com/changqiang/92.2EIRP.htm
Reusing existing connection to www.saoing.com:80.
HTTP request sent, awaiting response... 200 OK
Length: 725 [text/html]
Saving to: ‘webpages-202609261246/www.saoing.com/changqiang/92.2EIRP.htm’

     0K                                                       100%  114M=0s

2026-09-26 12:46:30 (114 MB/s) - ‘webpages-202609261246/www.saoing.com/changqiang/92.2EIRP.htm’ saved [725/725]

--2026-09-26 12:46:30--  http://www.saoing.com/changqiang/125.0EIRP.htm
Reusing existing connection to www.saoing.com:80.
HTTP request sent, awaiting response... 200 OK
Length: 1240 (1.2K) [text/html]
Saving to: ‘webpages-202609261246/www.saoing.com/changqiang/125.0EIRP.htm’

     0K .                                                     100%  133M=0s

2026-09-26 12:46:30 (133 MB/s) - ‘webpages-202609261246/www.saoing.com/changqiang/125.0EIRP.htm’ saved [1240/1240]

--2026-09-26 12:46:30--  http://www.saoing.com/changqiang/52.0-EIRP.htm
Reusing existing connection to www.saoing.com:80.
HTTP request sent, awaiting response... 200 OK
Length: 1242 (1.2K) [text/html]
Saving to: ‘webpages-202609261246/www.saoing.com/changqiang/52.0-EIRP.htm’

     0K .                                                     100%  160M=0s

2026-09-26 12:46:30 (160 MB/s) - ‘webpages-202609261246/www.saoing.com/changqiang/52.0-EIRP.htm’ saved [1242/1242]

--2026-09-26 12:46:30--  http://www.saoing.com/changqiang/128-jcsat-3a.pdf
Reusing existing connection to www.saoing.com:80.
HTTP request sent, awaiting response... 200 OK
Length: 9158520 (8.7M) [application/pdf]
Saving to: ‘webpages-202609261246/www.saoing.com/changqiang/128-jcsat-3a.pdf’

     0K .......... .......... .......... .......... ..........  0% 1.80G 0s
    50K .......... .......... .......... .......... ..........  1%  188M 0s
   100K .......... .......... .......... .......... ..........  1%  217M 0s
   150K .......... .......... .......... .......... ..........  2%  488M 0s
   200K .......... .......... .......... .......... ..........  2%  422M 0s
   250K .......... .......... .......... .......... ..........  3%  608M 0s
   300K .......... .......... .......... .......... ..........  3%  648M 0s
   350K .......... .......... .......... .......... ..........  4%  478M 0s
   400K .......... .......... .......... .......... ..........  5%  302M 0s
   450K .......... .......... .......... .......... ..........  5%  997K 1s
   500K .......... .......... .......... .......... ..........  6%  123M 1s
   550K .......... .......... .......... .......... ..........  6%  229M 1s
   600K .......... .......... .......... .......... ..........  7%  218M 1s
   650K .......... .......... .......... .......... ..........  7% 93.1T 1s
   700K .......... .......... .......... .......... ..........  8%  305M 1s
   750K .......... .......... .......... .......... ..........  8%  232M 1s
   800K .......... .......... .......... .......... ..........  9%  405M 1s
   850K .......... .......... .......... .......... .......... 10%  412M 0s
   900K .......... .......... .......... .......... .......... 10%  989K 1s
   950K .......... .......... .......... .......... .......... 11%  165M 1s
  1000K .......... .......... .......... .......... .......... 11%  363M 1s
  1050K .......... .......... .......... .......... .......... 12%  151M 1s
  1100K .......... .......... .......... .......... .......... 12%  218M 1s
  1150K .......... .......... .......... .......... .......... 13%  368M 1s
  1200K .......... .......... .......... .......... .......... 13% 93.1T 1s
  1250K .......... .......... .......... .......... .......... 14%  349M 1s
  1300K .......... .......... .......... .......... .......... 15%  391M 1s
  1350K .......... .......... .......... .......... .......... 15% 1004K 1s
  1400K .......... .......... .......... .......... .......... 16%  107M 1s
  1450K .......... .......... .......... .......... .......... 16%  229M 1s
  1500K .......... .......... .......... .......... .......... 17%  276M 1s
  1550K .......... .......... .......... .......... .......... 17%  312M 1s
  1600K .......... .......... .......... .......... .......... 18%  226M 1s
  1650K .......... .......... .......... .......... .......... 19%  351M 1s
  1700K .......... .......... .......... .......... .......... 19%  374M 1s
  1750K .......... .......... .......... .......... .......... 20%  212M 1s
  1800K .......... .......... .......... .......... .......... 20%  341M 1s
  1850K .......... .......... .......... .......... .......... 21%  999K 1s
  1900K .......... .......... .......... .......... .......... 21% 93.1T 1s
  1950K .......... .......... .......... .......... .......... 22%  317M 1s
  2000K .......... .......... .......... .......... .......... 22%  293M 1s
  2050K .......... .......... .......... .......... .......... 23%  182M 1s
  2100K .......... .......... .......... .......... .......... 24% 93.1T 1s
  2150K .......... .......... .......... .......... .......... 24%  320M 1s
  2200K .......... .......... .......... .......... .......... 25%  145M 1s
  2250K .......... .......... .......... .......... .......... 25% 93.1T 1s
  2300K .......... .......... .......... .......... .......... 26%  195M 1s
  2350K .......... .......... .......... .......... .......... 26% 1000K 1s
  2400K .......... .......... .......... .......... .......... 27%  409M 1s
  2450K .......... .......... .......... .......... .......... 27%  262M 1s
  2500K .......... .......... .......... .......... .......... 28%  154M 1s
  2550K .......... .......... .......... .......... .......... 29% 93.1T 1s
  2600K .......... .......... .......... .......... .......... 29%  159M 1s
  2650K .......... .......... .......... .......... .......... 30%  416M 1s
  2700K .......... .......... .......... .......... .......... 30%  235M 1s
  2750K .......... .......... .......... .......... .......... 31%  431M 1s
  2800K .......... .......... .......... .......... .......... 31%  465M 1s
  2850K .......... .......... .......... .......... .......... 32%  988K 1s
  2900K .......... .......... .......... .......... .......... 32%  417M 1s
  2950K .......... .......... .......... .......... .......... 33%  423M 1s
  3000K .......... .......... .......... .......... .......... 34%  127M 1s
  3050K .......... .......... .......... .......... .......... 34%  158M 1s
  3100K .......... .......... .......... .......... .......... 35% 93.1T 1s
  3150K .......... .......... .......... .......... .......... 35%  458M 1s
  3200K .......... .......... .......... .......... .......... 36%  254M 1s
  3250K .......... .......... .......... .......... .......... 36%  379M 1s
  3300K .......... .......... .......... .......... .......... 37%  382M 1s
  3350K .......... .......... .......... .......... .......... 38% 1003K 1s
  3400K .......... .......... .......... .......... .......... 38% 93.1T 1s
  3450K .......... .......... .......... .......... .......... 39%  129M 1s
  3500K .......... .......... .......... .......... .......... 39%  146M 1s
  3550K .......... .......... .......... .......... .......... 40% 93.1T 1s
  3600K .......... .......... .......... .......... .......... 40%  108M 1s
  3650K .......... .......... .......... .......... .......... 41%  434M 1s
  3700K .......... .......... .......... .......... .......... 41%  284M 1s
  3750K .......... .......... .......... .......... .......... 42%  161M 0s
  3800K .......... .......... .......... .......... .......... 43% 93.1T 0s
  3850K .......... .......... .......... .......... .......... 43% 1010K 1s
  3900K .......... .......... .......... .......... .......... 44% 93.1T 1s
  3950K .......... .......... .......... .......... .......... 44%  230M 1s
  4000K .......... .......... .......... .......... .......... 45%  246M 0s
  4050K .......... .......... .......... .......... .......... 45%  127M 0s
  4100K .......... .......... .......... .......... .......... 46%  158M 0s
  4150K .......... .......... .......... .......... .......... 46% 93.8M 0s
  4200K .......... .......... .......... .......... .......... 47%  432M 0s
  4250K .......... .......... .......... .......... .......... 48%  218M 0s
  4300K .......... .......... .......... .......... .......... 48% 93.1T 0s
  4350K .......... .......... .......... .......... .......... 49% 1.01M 0s
  4400K .......... .......... .......... .......... .......... 49% 62.6M 0s
  4450K .......... .......... .......... .......... .......... 50%  509M 0s
  4500K .......... .......... .......... .......... .......... 50% 98.5M 0s
  4550K .......... .......... .......... .......... .......... 51%  110M 0s
  4600K .......... .......... .......... .......... .......... 51%  514M 0s
  4650K .......... .......... .......... .......... .......... 52%  499M 0s
  4700K .......... .......... .......... .......... .......... 53% 50.4M 0s
  4750K .......... .......... .......... .......... .......... 53%  714M 0s
  4800K .......... .......... .......... .......... .......... 54%  364M 0s
  4850K .......... .......... .......... .......... .......... 54%  438M 0s
  4900K .......... .......... .......... .......... .......... 55% 1.01M 0s
  4950K .......... .......... .......... .......... .......... 55%  250M 0s
  5000K .......... .......... .......... .......... .......... 56%  118M 0s
  5050K .......... .......... .......... .......... .......... 57%  217M 0s
  5100K .......... .......... .......... .......... .......... 57%  106M 0s
  5150K .......... .......... .......... .......... .......... 58%  220M 0s
  5200K .......... .......... .......... .......... .......... 58%  137M 0s
  5250K .......... .......... .......... .......... .......... 59%  117M 0s
  5300K .......... .......... .......... .......... .......... 59%  151M 0s
  5350K .......... .......... .......... .......... .......... 60%  431M 0s
  5400K .......... .......... .......... .......... .......... 60% 1.02M 0s
  5450K .......... .......... .......... .......... .......... 61% 40.7M 0s
  5500K .......... .......... .......... .......... .......... 62%  242M 0s
  5550K .......... .......... .......... .......... .......... 62%  197M 0s
  5600K .......... .......... .......... .......... .......... 63% 93.1T 0s
  5650K .......... .......... .......... .......... .......... 63%  125M 0s
  5700K .......... .......... .......... .......... .......... 64%  188M 0s
  5750K .......... .......... .......... .......... .......... 64%  127M 0s
  5800K .......... .......... .......... .......... .......... 65%  136M 0s
  5850K .......... .......... .......... .......... .......... 65%  274M 0s
  5900K .......... .......... .......... .......... .......... 66%  165M 0s
  5950K .......... .......... .......... .......... .......... 67% 1.02M 0s
  6000K .......... .......... .......... .......... .......... 67% 42.2M 0s
  6050K .......... .......... .......... .......... .......... 68%  102M 0s
  6100K .......... .......... .......... .......... .......... 68% 93.1T 0s
  6150K .......... .......... .......... .......... .......... 69%  386M 0s
  6200K .......... .......... .......... .......... .......... 69% 95.2M 0s
  6250K .......... .......... .......... .......... .......... 70%  190M 0s
  6300K .......... .......... .......... .......... .......... 70%  202M 0s
  6350K .......... .......... .......... .......... .......... 71%  251M 0s
  6400K .......... .......... .......... .......... .......... 72%  123M 0s
  6450K .......... .......... .......... .......... .......... 72%  206M 0s
  6500K .......... .......... .......... .......... .......... 73%  506M 0s
  6550K .......... .......... .......... .......... .......... 73% 1024K 0s
  6600K .......... .......... .......... .......... .......... 74%  350M 0s
  6650K .......... .......... .......... .......... .......... 74%  168M 0s
  6700K .......... .......... .......... .......... .......... 75%  303M 0s
  6750K .......... .......... .......... .......... .......... 76%  223M 0s
  6800K .......... .......... .......... .......... .......... 76%  144M 0s
  6850K .......... .......... .......... .......... .......... 77%  170M 0s
  6900K .......... .......... .......... .......... .......... 77%  110M 0s
  6950K .......... .......... .......... .......... .......... 78%  128M 0s
  7000K .......... .......... .......... .......... .......... 78%  373M 0s
  7050K .......... .......... .......... .......... .......... 79% 93.2M 0s
  7100K .......... .......... .......... .......... .......... 79% 1.04M 0s
  7150K .......... .......... .......... .......... .......... 80% 56.5M 0s
  7200K .......... .......... .......... .......... .......... 81%  127M 0s
  7250K .......... .......... .......... .......... .......... 81%  310M 0s
  7300K .......... .......... .......... .......... .......... 82%  143M 0s
  7350K .......... .......... .......... .......... .......... 82%  444M 0s
  7400K .......... .......... .......... .......... .......... 83%  112M 0s
  7450K .......... .......... .......... .......... .......... 83%  211M 0s
  7500K .......... .......... .......... .......... .......... 84%  190M 0s
  7550K .......... .......... .......... .......... .......... 84%  137M 0s
  7600K .......... .......... .......... .......... .......... 85%  145M 0s
  7650K .......... .......... .......... .......... .......... 86% 86.9M 0s
  7700K .......... .......... .......... .......... .......... 86% 1.03M 0s
  7750K .......... .......... .......... .......... .......... 87% 85.6M 0s
  7800K .......... .......... .......... .......... .......... 87%  308M 0s
  7850K .......... .......... .......... .......... .......... 88%  125M 0s
  7900K .......... .......... .......... .......... .......... 88%  182M 0s
  7950K .......... .......... .......... .......... .......... 89%  482M 0s
  8000K .......... .......... .......... .......... .......... 90%  190M 0s
  8050K .......... .......... .......... .......... .......... 90%  165M 0s
  8100K .......... .......... .......... .......... .......... 91%  152M 0s
  8150K .......... .......... .......... .......... .......... 91% 13.0M 0s
  8200K .......... .......... .......... .......... .......... 92%  209M 0s
  8250K .......... .......... .......... .......... .......... 92%  354M 0s
  8300K .......... .......... .......... .......... .......... 93% 1.08M 0s
  8350K .......... .......... .......... .......... .......... 93%  105M 0s
  8400K .......... .......... .......... .......... .......... 94%  182M 0s
  8450K .......... .......... .......... .......... .......... 95%  410M 0s
  8500K .......... .......... .......... .......... .......... 95%  128M 0s
  8550K .......... .......... .......... .......... .......... 96%  349M 0s
  8600K .......... .......... .......... .......... .......... 96%  241M 0s
  8650K .......... .......... .......... .......... .......... 97%  545M 0s
  8700K .......... .......... .......... .......... .......... 97% 87.3M 0s
  8750K .......... .......... .......... .......... .......... 98% 93.1T 0s
  8800K .......... .......... .......... .......... .......... 98% 14.1M 0s
  8850K .......... .......... .......... .......... .......... 99%  119M 0s
  8900K .......... .......... .......... .......... ...       100%  388M=0.8s

2026-09-26 12:46:31 (10.5 MB/s) - ‘webpages-202609261246/www.saoing.com/changqiang/128-jcsat-3a.pdf’ saved [9158520/9158520]

--2026-09-26 12:46:31--  http://www.saoing.com/changqiang/53.0-EIRP.htm
Reusing existing connection to www.saoing.com:80.
HTTP request sent, awaiting response... 200 OK
Length: 1738 (1.7K) [text/html]
Saving to: ‘webpages-202609261246/www.saoing.com/changqiang/53.0-EIRP.htm’

     0K .                                                     100%  211M=0s

2026-09-26 12:46:31 (211 MB/s) - ‘webpages-202609261246/www.saoing.com/changqiang/53.0-EIRP.htm’ saved [1738/1738]

--2026-09-26 12:46:31--  http://www.saoing.com/changqiang/128.5EIRP.htm
Reusing existing connection to www.saoing.com:80.
HTTP request sent, awaiting response... 200 OK
Length: 987 [text/html]
Saving to: ‘webpages-202609261246/www.saoing.com/changqiang/128.5EIRP.htm’

     0K                                                       100%  108M=0s

2026-09-26 12:46:31 (108 MB/s) - ‘webpages-202609261246/www.saoing.com/changqiang/128.5EIRP.htm’ saved [987/987]

--2026-09-26 12:46:31--  http://www.saoing.com/changqiang/56.0-EIRP.htm
Reusing existing connection to www.saoing.com:80.
HTTP request sent, awaiting response... 200 OK
Length: 1020 [text/html]
Saving to: ‘webpages-202609261246/www.saoing.com/changqiang/56.0-EIRP.htm’

     0K                                                       100%  157M=0s

2026-09-26 12:46:31 (157 MB/s) - ‘webpages-202609261246/www.saoing.com/changqiang/56.0-EIRP.htm’ saved [1020/1020]

--2026-09-26 12:46:31--  http://www.saoing.com/changqiang/95.0-SES-12EIRP.htm
Reusing existing connection to www.saoing.com:80.
HTTP request sent, awaiting response... 200 OK
Length: 2701 (2.6K) [text/html]
Saving to: ‘webpages-202609261246/www.saoing.com/changqiang/95.0-SES-12EIRP.htm’

     0K ..                                                    100%  311M=0s

2026-09-26 12:46:31 (311 MB/s) - ‘webpages-202609261246/www.saoing.com/changqiang/95.0-SES-12EIRP.htm’ saved [2701/2701]

--2026-09-26 12:46:31--  http://www.saoing.com/changqiang/130.0EIRP.htm
Reusing existing connection to www.saoing.com:80.
HTTP request sent, awaiting response... 200 OK
Length: 725 [text/html]
Saving to: ‘webpages-202609261246/www.saoing.com/changqiang/130.0EIRP.htm’

     0K                                                       100% 93.6M=0s

2026-09-26 12:46:31 (93.6 MB/s) - ‘webpages-202609261246/www.saoing.com/changqiang/130.0EIRP.htm’ saved [725/725]

--2026-09-26 12:46:31--  http://www.saoing.com/changqiang/57.0EIRP.htm
Reusing existing connection to www.saoing.com:80.
HTTP request sent, awaiting response... 200 OK
Length: 2473 (2.4K) [text/html]
Saving to: ‘webpages-202609261246/www.saoing.com/changqiang/57.0EIRP.htm’

     0K ..                                                    100%  251M=0s

2026-09-26 12:46:31 (251 MB/s) - ‘webpages-202609261246/www.saoing.com/changqiang/57.0EIRP.htm’ saved [2473/2473]

--2026-09-26 12:46:31--  http://www.saoing.com/changqiang/95.0-SES-8EIRP.htm
Reusing existing connection to www.saoing.com:80.
HTTP request sent, awaiting response... 200 OK
Length: 999 [text/html]
Saving to: ‘webpages-202609261246/www.saoing.com/changqiang/95.0-SES-8EIRP.htm’

     0K                                                       100%  129M=0s

2026-09-26 12:46:31 (129 MB/s) - ‘webpages-202609261246/www.saoing.com/changqiang/95.0-SES-8EIRP.htm’ saved [999/999]

--2026-09-26 12:46:31--  http://www.saoing.com/changqiang/132.0-jcsat_5b.pdf
Reusing existing connection to www.saoing.com:80.
HTTP request sent, awaiting response... 200 OK
Length: 2884680 (2.8M) [application/pdf]
Saving to: ‘webpages-202609261246/www.saoing.com/changqiang/132.0-jcsat_5b.pdf’

     0K .......... .......... .......... .......... ..........  1%  617M 0s
    50K .......... .......... .......... .......... ..........  3%  185M 0s
   100K .......... .......... .......... .......... ..........  5%  305M 0s
   150K .......... .......... .......... .......... ..........  7%  333M 0s
   200K .......... .......... .......... .......... ..........  8% 93.1T 0s
   250K .......... .......... .......... .......... .......... 10%  310M 0s
   300K .......... .......... .......... .......... .......... 12%  338M 0s
   350K .......... .......... .......... .......... .......... 14%  284M 0s
   400K .......... .......... .......... .......... .......... 15%  351M 0s
   450K .......... .......... .......... .......... .......... 17% 93.1T 0s
   500K .......... .......... .......... .......... .......... 19%  341M 0s
   550K .......... .......... .......... .......... .......... 21%  319M 0s
   600K .......... .......... .......... .......... .......... 23% 1006K 0s
   650K .......... .......... .......... .......... .......... 24%  290M 0s
   700K .......... .......... .......... .......... .......... 26%  264M 0s
   750K .......... .......... .......... .......... .......... 28%  243M 0s
   800K .......... .......... .......... .......... .......... 30%  355M 0s
   850K .......... .......... .......... .......... .......... 31% 93.1T 0s
   900K .......... .......... .......... .......... .......... 33%  207M 0s
   950K .......... .......... .......... .......... .......... 35%  212M 0s
  1000K .......... .......... .......... .......... .......... 37%  252M 0s
  1050K .......... .......... .......... .......... .......... 39%  397M 0s
  1100K .......... .......... .......... .......... .......... 40%  348M 0s
  1150K .......... .......... .......... .......... .......... 42% 93.1T 0s
  1200K .......... .......... .......... .......... .......... 44%  350M 0s
  1250K .......... .......... .......... .......... .......... 46% 1010K 0s
  1300K .......... .......... .......... .......... .......... 47%  329M 0s
  1350K .......... .......... .......... .......... .......... 49%  291M 0s
  1400K .......... .......... .......... .......... .......... 51%  347M 0s
  1450K .......... .......... .......... .......... .......... 53%  215M 0s
  1500K .......... .......... .......... .......... .......... 55%  233M 0s
  1550K .......... .......... .......... .......... .......... 56%  649M 0s
  1600K .......... .......... .......... .......... .......... 58%  320M 0s
  1650K .......... .......... .......... .......... .......... 60%  164M 0s
  1700K .......... .......... .......... .......... .......... 62%  485M 0s
  1750K .......... .......... .......... .......... .......... 63%  337M 0s
  1800K .......... .......... .......... .......... .......... 65%  391M 0s
  1850K .......... .......... .......... .......... .......... 67%  394M 0s
  1900K .......... .......... .......... .......... .......... 69% 1005K 0s
  1950K .......... .......... .......... .......... .......... 70%  322M 0s
  2000K .......... .......... .......... .......... .......... 72%  205M 0s
  2050K .......... .......... .......... .......... .......... 74%  397M 0s
  2100K .......... .......... .......... .......... .......... 76%  365M 0s
  2150K .......... .......... .......... .......... .......... 78%  387M 0s
  2200K .......... .......... .......... .......... .......... 79%  183M 0s
  2250K .......... .......... .......... .......... .......... 81%  314M 0s
  2300K .......... .......... .......... .......... .......... 83%  491M 0s
  2350K .......... .......... .......... .......... .......... 85%  403M 0s
  2400K .......... .......... .......... .......... .......... 86%  338M 0s
  2450K .......... .......... .......... .......... .......... 88%  374M 0s
  2500K .......... .......... .......... .......... .......... 90%  508M 0s
  2550K .......... .......... .......... .......... .......... 92%  289M 0s
  2600K .......... .......... .......... .......... .......... 94% 1003K 0s
  2650K .......... .......... .......... .......... .......... 95%  259M 0s
  2700K .......... .......... .......... .......... .......... 97%  282M 0s
  2750K .......... .......... .......... .......... .......... 99%  499M 0s
  2800K .......... .......                                    100%  131M=0.2s

2026-09-26 12:46:32 (13.3 MB/s) - ‘webpages-202609261246/www.saoing.com/changqiang/132.0-jcsat_5b.pdf’ saved [2884680/2884680]

--2026-09-26 12:46:32--  http://www.saoing.com/changqiang/62.0EIRP.htm
Reusing existing connection to www.saoing.com:80.
HTTP request sent, awaiting response... 200 OK
Length: 4434 (4.3K) [text/html]
Saving to: ‘webpages-202609261246/www.saoing.com/changqiang/62.0EIRP.htm’

     0K ....                                                  100%  442M=0s

2026-09-26 12:46:32 (442 MB/s) - ‘webpages-202609261246/www.saoing.com/changqiang/62.0EIRP.htm’ saved [4434/4434]

--2026-09-26 12:46:32--  http://www.saoing.com/changqiang/96.5EIRP.htm
Reusing existing connection to www.saoing.com:80.
HTTP request sent, awaiting response... 200 OK
Length: 1330 (1.3K) [text/html]
Saving to: ‘webpages-202609261246/www.saoing.com/changqiang/96.5EIRP.htm’

     0K .                                                     100%  183M=0s

2026-09-26 12:46:32 (183 MB/s) - ‘webpages-202609261246/www.saoing.com/changqiang/96.5EIRP.htm’ saved [1330/1330]

--2026-09-26 12:46:32--  http://www.saoing.com/changqiang/132.0EIRP.htm
Reusing existing connection to www.saoing.com:80.
HTTP request sent, awaiting response... 200 OK
Length: 516 [text/html]
Saving to: ‘webpages-202609261246/www.saoing.com/changqiang/132.0EIRP.htm’

     0K                                                       100% 55.3M=0s

2026-09-26 12:46:32 (55.3 MB/s) - ‘webpages-202609261246/www.saoing.com/changqiang/132.0EIRP.htm’ saved [516/516]

--2026-09-26 12:46:32--  http://www.saoing.com/changqiang/64.0EIRP.htm
Reusing existing connection to www.saoing.com:80.
HTTP request sent, awaiting response... 200 OK
Length: 1576 (1.5K) [text/html]
Saving to: ‘webpages-202609261246/www.saoing.com/changqiang/64.0EIRP.htm’

     0K .                                                     100%  163M=0s

2026-09-26 12:46:32 (163 MB/s) - ‘webpages-202609261246/www.saoing.com/changqiang/64.0EIRP.htm’ saved [1576/1576]

--2026-09-26 12:46:32--  http://www.saoing.com/changqiang/98.0EIRP.htm
Reusing existing connection to www.saoing.com:80.
HTTP request sent, awaiting response... 200 OK
Length: 1825 (1.8K) [text/html]
Saving to: ‘webpages-202609261246/www.saoing.com/changqiang/98.0EIRP.htm’

     0K .                                                     100%  177M=0s

2026-09-26 12:46:32 (177 MB/s) - ‘webpages-202609261246/www.saoing.com/changqiang/98.0EIRP.htm’ saved [1825/1825]

--2026-09-26 12:46:32--  http://www.saoing.com/changqiang/134-6C-EIRP.htm
Reusing existing connection to www.saoing.com:80.
HTTP request sent, awaiting response... 200 OK
Length: 1532 (1.5K) [text/html]
Saving to: ‘webpages-202609261246/www.saoing.com/changqiang/134-6C-EIRP.htm’

     0K .                                                     100%  149M=0s

2026-09-26 12:46:32 (149 MB/s) - ‘webpages-202609261246/www.saoing.com/changqiang/134-6C-EIRP.htm’ saved [1532/1532]

--2026-09-26 12:46:32--  http://www.saoing.com/changqiang/65.0EIRP.htm
Reusing existing connection to www.saoing.com:80.
HTTP request sent, awaiting response... 200 OK
Length: 2651 (2.6K) [text/html]
Saving to: ‘webpages-202609261246/www.saoing.com/changqiang/65.0EIRP.htm’

     0K ..                                                    100%  218M=0s

2026-09-26 12:46:32 (218 MB/s) - ‘webpages-202609261246/www.saoing.com/changqiang/65.0EIRP.htm’ saved [2651/2651]

--2026-09-26 12:46:32--  http://www.saoing.com/changqiang/100.5EIRP.htm
Reusing existing connection to www.saoing.com:80.
HTTP request sent, awaiting response... 200 OK
Length: 1617 (1.6K) [text/html]
Saving to: ‘webpages-202609261246/www.saoing.com/changqiang/100.5EIRP.htm’

     0K .                                                     100%  223M=0s

2026-09-26 12:46:32 (223 MB/s) - ‘webpages-202609261246/www.saoing.com/changqiang/100.5EIRP.htm’ saved [1617/1617]

--2026-09-26 12:46:32--  http://www.saoing.com/changqiang/134-6D-EIRP.htm
Reusing existing connection to www.saoing.com:80.
HTTP request sent, awaiting response... 200 OK
Length: 693 [text/html]
Saving to: ‘webpages-202609261246/www.saoing.com/changqiang/134-6D-EIRP.htm’

     0K                                                       100%  104M=0s

2026-09-26 12:46:32 (104 MB/s) - ‘webpages-202609261246/www.saoing.com/changqiang/134-6D-EIRP.htm’ saved [693/693]

--2026-09-26 12:46:32--  http://www.saoing.com/changqiang/66.0EIRP.htm
Reusing existing connection to www.saoing.com:80.
HTTP request sent, awaiting response... 200 OK
Length: 2048 (2.0K) [text/html]
Saving to: ‘webpages-202609261246/www.saoing.com/changqiang/66.0EIRP.htm’

     0K ..                                                    100%  262M=0s

2026-09-26 12:46:32 (262 MB/s) - ‘webpages-202609261246/www.saoing.com/changqiang/66.0EIRP.htm’ saved [2048/2048]

--2026-09-26 12:46:32--  http://www.saoing.com/changqiang/101.4EIRP.htm
Reusing existing connection to www.saoing.com:80.
HTTP request sent, awaiting response... 200 OK
Length: 973 [text/html]
Saving to: ‘webpages-202609261246/www.saoing.com/changqiang/101.4EIRP.htm’

     0K                                                       100%  144M=0s

2026-09-26 12:46:32 (144 MB/s) - ‘webpages-202609261246/www.saoing.com/changqiang/101.4EIRP.htm’ saved [973/973]

--2026-09-26 12:46:32--  http://www.saoing.com/changqiang/138.0EIRP.htm
Reusing existing connection to www.saoing.com:80.
HTTP request sent, awaiting response... 200 OK
Length: 2699 (2.6K) [text/html]
Saving to: ‘webpages-202609261246/www.saoing.com/changqiang/138.0EIRP.htm’

     0K ..                                                    100%  327M=0s

2026-09-26 12:46:32 (327 MB/s) - ‘webpages-202609261246/www.saoing.com/changqiang/138.0EIRP.htm’ saved [2699/2699]

--2026-09-26 12:46:32--  http://www.saoing.com/changqiang/68.5EIRP.htm
Reusing existing connection to www.saoing.com:80.
HTTP request sent, awaiting response... 200 OK
Length: 1910 (1.9K) [text/html]
Saving to: ‘webpages-202609261246/www.saoing.com/changqiang/68.5EIRP.htm’

     0K .                                                     100%  217M=0s

2026-09-26 12:46:32 (217 MB/s) - ‘webpages-202609261246/www.saoing.com/changqiang/68.5EIRP.htm’ saved [1910/1910]

--2026-09-26 12:46:32--  http://www.saoing.com/changqiang/103.0EIRP.htm
Reusing existing connection to www.saoing.com:80.
HTTP request sent, awaiting response... 200 OK
Length: 1575 (1.5K) [text/html]
Saving to: ‘webpages-202609261246/www.saoing.com/changqiang/103.0EIRP.htm’

     0K .                                                     100%  205M=0s

2026-09-26 12:46:33 (205 MB/s) - ‘webpages-202609261246/www.saoing.com/changqiang/103.0EIRP.htm’ saved [1575/1575]

--2026-09-26 12:46:33--  http://www.saoing.com/changqiang/140.0EIRP-AM5.htm
Reusing existing connection to www.saoing.com:80.
HTTP request sent, awaiting response... 200 OK
Length: 2459 (2.4K) [text/html]
Saving to: ‘webpages-202609261246/www.saoing.com/changqiang/140.0EIRP-AM5.htm’

     0K ..                                                    100%  252M=0s

2026-09-26 12:46:33 (252 MB/s) - ‘webpages-202609261246/www.saoing.com/changqiang/140.0EIRP-AM5.htm’ saved [2459/2459]

--2026-09-26 12:46:33--  http://www.saoing.com/changqiang/70.5EIRP.htm
Reusing existing connection to www.saoing.com:80.
HTTP request sent, awaiting response... 200 OK
Length: 1815 (1.8K) [text/html]
Saving to: ‘webpages-202609261246/www.saoing.com/changqiang/70.5EIRP.htm’

     0K .                                                     100%  251M=0s

2026-09-26 12:46:33 (251 MB/s) - ‘webpages-202609261246/www.saoing.com/changqiang/70.5EIRP.htm’ saved [1815/1815]

--2026-09-26 12:46:33--  http://www.saoing.com/changqiang/105.5EIRP.htm
Reusing existing connection to www.saoing.com:80.
HTTP request sent, awaiting response... 200 OK
Length: 1880 (1.8K) [text/html]
Saving to: ‘webpages-202609261246/www.saoing.com/changqiang/105.5EIRP.htm’

     0K .                                                     100%  231M=0s

2026-09-26 12:46:33 (231 MB/s) - ‘webpages-202609261246/www.saoing.com/changqiang/105.5EIRP.htm’ saved [1880/1880]

--2026-09-26 12:46:33--  http://www.saoing.com/changqiang/140.0EIRP-AT2.htm
Reusing existing connection to www.saoing.com:80.
HTTP request sent, awaiting response... 200 OK
Length: 751 [text/html]
Saving to: ‘webpages-202609261246/www.saoing.com/changqiang/140.0EIRP-AT2.htm’

     0K                                                       100% 76.6M=0s

2026-09-26 12:46:33 (76.6 MB/s) - ‘webpages-202609261246/www.saoing.com/changqiang/140.0EIRP-AT2.htm’ saved [751/751]

--2026-09-26 12:46:33--  http://www.saoing.com/changqiang/72.0EIRP.htm
Reusing existing connection to www.saoing.com:80.
HTTP request sent, awaiting response... 200 OK
Length: 1515 (1.5K) [text/html]
Saving to: ‘webpages-202609261246/www.saoing.com/changqiang/72.0EIRP.htm’

     0K .                                                     100%  217M=0s

2026-09-26 12:46:33 (217 MB/s) - ‘webpages-202609261246/www.saoing.com/changqiang/72.0EIRP.htm’ saved [1515/1515]

--2026-09-26 12:46:33--  http://www.saoing.com/changqiang/108.0EIRP.htm
Reusing existing connection to www.saoing.com:80.
HTTP request sent, awaiting response... 200 OK
Length: 427 [text/html]
Saving to: ‘webpages-202609261246/www.saoing.com/changqiang/108.0EIRP.htm’

     0K                                                       100% 49.3M=0s

2026-09-26 12:46:33 (49.3 MB/s) - ‘webpages-202609261246/www.saoing.com/changqiang/108.0EIRP.htm’ saved [427/427]

--2026-09-26 12:46:33--  http://www.saoing.com/changqiang/142.0EIRP.htm
Reusing existing connection to www.saoing.com:80.
HTTP request sent, awaiting response... 200 OK
Length: 2105 (2.1K) [text/html]
Saving to: ‘webpages-202609261246/www.saoing.com/changqiang/142.0EIRP.htm’

     0K ..                                                    100%  276M=0s

2026-09-26 12:46:33 (276 MB/s) - ‘webpages-202609261246/www.saoing.com/changqiang/142.0EIRP.htm’ saved [2105/2105]

--2026-09-26 12:46:33--  http://www.saoing.com/changqiang/74.0ERIP.htm
Reusing existing connection to www.saoing.com:80.
HTTP request sent, awaiting response... 200 OK
Length: 505 [text/html]
Saving to: ‘webpages-202609261246/www.saoing.com/changqiang/74.0ERIP.htm’

     0K                                                       100% 57.6M=0s

2026-09-26 12:46:33 (57.6 MB/s) - ‘webpages-202609261246/www.saoing.com/changqiang/74.0ERIP.htm’ saved [505/505]

--2026-09-26 12:46:33--  http://www.saoing.com/changqiang/108.2EIRP-SES-7.htm
Reusing existing connection to www.saoing.com:80.
HTTP request sent, awaiting response... 200 OK
Length: 1329 (1.3K) [text/html]
Saving to: ‘webpages-202609261246/www.saoing.com/changqiang/108.2EIRP-SES-7.htm’

     0K .                                                     100%  142M=0s

2026-09-26 12:46:33 (142 MB/s) - ‘webpages-202609261246/www.saoing.com/changqiang/108.2EIRP-SES-7.htm’ saved [1329/1329]

--2026-09-26 12:46:33--  http://www.saoing.com/changqiang/144.0-superbird-C2.pdf
Reusing existing connection to www.saoing.com:80.
HTTP request sent, awaiting response... 200 OK
Length: 3106864 (3.0M) [application/pdf]
Saving to: ‘webpages-202609261246/www.saoing.com/changqiang/144.0-superbird-C2.pdf’

     0K .......... .......... .......... .......... ..........  1% 1.08G 0s
    50K .......... .......... .......... .......... ..........  3%  255M 0s
   100K .......... .......... .......... .......... ..........  4%  326M 0s
   150K .......... .......... .......... .......... ..........  6%  375M 0s
   200K .......... .......... .......... .......... ..........  8% 93.1T 0s
   250K .......... .......... .......... .......... ..........  9%  371M 0s
   300K .......... .......... .......... .......... .......... 11%  270M 0s
   350K .......... .......... .......... .......... .......... 13%  364M 0s
   400K .......... .......... .......... .......... .......... 14%  353M 0s
   450K .......... .......... .......... .......... .......... 16% 93.1T 0s
   500K .......... .......... .......... .......... .......... 18%  384M 0s
   550K .......... .......... .......... .......... .......... 19%  336M 0s
   600K .......... .......... .......... .......... .......... 21%  376M 0s
   650K .......... .......... .......... .......... .......... 23%  405M 0s
   700K .......... .......... .......... .......... .......... 24% 1008K 0s
   750K .......... .......... .......... .......... .......... 26%  420M 0s
   800K .......... .......... .......... .......... .......... 28%  145M 0s
   850K .......... .......... .......... .......... .......... 29%  383M 0s
   900K .......... .......... .......... .......... .......... 31%  373M 0s
   950K .......... .......... .......... .......... .......... 32%  233M 0s
  1000K .......... .......... .......... .......... .......... 34%  363M 0s
  1050K .......... .......... .......... .......... .......... 36%  248M 0s
  1100K .......... .......... .......... .......... .......... 37%  371M 0s
  1150K .......... .......... .......... .......... .......... 39%  272M 0s
  1200K .......... .......... .......... .......... .......... 41%  169M 0s
  1250K .......... .......... .......... .......... .......... 42%  283M 0s
  1300K .......... .......... .......... .......... .......... 44%  588M 0s
  1350K .......... .......... .......... .......... .......... 46%  441M 0s
  1400K .......... .......... .......... .......... .......... 47% 1021K 0s
  1450K .......... .......... .......... .......... .......... 49%  392M 0s
  1500K .......... .......... .......... .......... .......... 51%  263M 0s
  1550K .......... .......... .......... .......... .......... 52%  198M 0s
  1600K .......... .......... .......... .......... .......... 54% 93.1T 0s
  1650K .......... .......... .......... .......... .......... 56%  186M 0s
  1700K .......... .......... .......... .......... .......... 57%  155M 0s
  1750K .......... .......... .......... .......... .......... 59%  346M 0s
  1800K .......... .......... .......... .......... .......... 60%  214M 0s
  1850K .......... .......... .......... .......... .......... 62%  329M 0s
  1900K .......... .......... .......... .......... .......... 64%  231M 0s
  1950K .......... .......... .......... .......... .......... 65%  254M 0s
  2000K .......... .......... .......... .......... .......... 67%  138M 0s
  2050K .......... .......... .......... .......... .......... 69%  383M 0s
  2100K .......... .......... .......... .......... .......... 70%  605M 0s
  2150K .......... .......... .......... .......... .......... 72% 1.00M 0s
  2200K .......... .......... .......... .......... .......... 74%  294M 0s
  2250K .......... .......... .......... .......... .......... 75%  258M 0s
  2300K .......... .......... .......... .......... .......... 77%  310M 0s
  2350K .......... .......... .......... .......... .......... 79%  282M 0s
  2400K .......... .......... .......... .......... .......... 80% 93.1T 0s
  2450K .......... .......... .......... .......... .......... 82%  284M 0s
  2500K .......... .......... .......... .......... .......... 84%  279M 0s
  2550K .......... .......... .......... .......... .......... 85%  299M 0s
  2600K .......... .......... .......... .......... .......... 87%  176M 0s
  2650K .......... .......... .......... .......... .......... 88%  446M 0s
  2700K .......... .......... .......... .......... .......... 90%  233M 0s
  2750K .......... .......... .......... .......... .......... 92%  203M 0s
  2800K .......... .......... .......... .......... .......... 93%  228M 0s
  2850K .......... .......... .......... .......... .......... 95%  289M 0s
  2900K .......... .......... .......... .......... .......... 97%  299M 0s
  2950K .......... .......... .......... .......... .......... 98% 1.00M 0s
  3000K .......... .......... .......... ....                 100%  332M=0.2s

2026-09-26 12:46:33 (14.4 MB/s) - ‘webpages-202609261246/www.saoing.com/changqiang/144.0-superbird-C2.pdf’ saved [3106864/3106864]

--2026-09-26 12:46:33--  http://www.saoing.com/changqiang/75.0-ABS-2EIRP.htm
Reusing existing connection to www.saoing.com:80.
HTTP request sent, awaiting response... 200 OK
Length: 3358 (3.3K) [text/html]
Saving to: ‘webpages-202609261246/www.saoing.com/changqiang/75.0-ABS-2EIRP.htm’

     0K ...                                                   100%  396M=0s

2026-09-26 12:46:33 (396 MB/s) - ‘webpages-202609261246/www.saoing.com/changqiang/75.0-ABS-2EIRP.htm’ saved [3358/3358]

--2026-09-26 12:46:33--  http://www.saoing.com/changqiang/108.2EIRP-SES-9.htm
Reusing existing connection to www.saoing.com:80.
HTTP request sent, awaiting response... 200 OK
Length: 2025 (2.0K) [text/html]
Saving to: ‘webpages-202609261246/www.saoing.com/changqiang/108.2EIRP-SES-9.htm’

     0K .                                                     100%  240M=0s

2026-09-26 12:46:33 (240 MB/s) - ‘webpages-202609261246/www.saoing.com/changqiang/108.2EIRP-SES-9.htm’ saved [2025/2025]

--2026-09-26 12:46:33--  http://www.saoing.com/changqiang/145.0EIRP.htm
Reusing existing connection to www.saoing.com:80.
HTTP request sent, awaiting response... 200 OK
Length: 1008 [text/html]
Saving to: ‘webpages-202609261246/www.saoing.com/changqiang/145.0EIRP.htm’

     0K                                                       100%  109M=0s

2026-09-26 12:46:33 (109 MB/s) - ‘webpages-202609261246/www.saoing.com/changqiang/145.0EIRP.htm’ saved [1008/1008]

--2026-09-26 12:46:33--  http://www.saoing.com/changqiang/75.0-ABS-2AEIRP.htm
Reusing existing connection to www.saoing.com:80.
HTTP request sent, awaiting response... 200 OK
Length: 1966 (1.9K) [text/html]
Saving to: ‘webpages-202609261246/www.saoing.com/changqiang/75.0-ABS-2AEIRP.htm’

     0K .                                                     100%  263M=0s

2026-09-26 12:46:34 (263 MB/s) - ‘webpages-202609261246/www.saoing.com/changqiang/75.0-ABS-2AEIRP.htm’ saved [1966/1966]

--2026-09-26 12:46:34--  http://www.saoing.com/changqiang/110.0EIRP.htm
Reusing existing connection to www.saoing.com:80.
HTTP request sent, awaiting response... 200 OK
Length: 403 [text/html]
Saving to: ‘webpages-202609261246/www.saoing.com/changqiang/110.0EIRP.htm’

     0K                                                       100% 41.5M=0s

2026-09-26 12:46:34 (41.5 MB/s) - ‘webpages-202609261246/www.saoing.com/changqiang/110.0EIRP.htm’ saved [403/403]

--2026-09-26 12:46:34--  http://www.saoing.com/changqiang/146.0EIRP.htm
Reusing existing connection to www.saoing.com:80.
HTTP request sent, awaiting response... 200 OK
Length: 942 [text/html]
Saving to: ‘webpages-202609261246/www.saoing.com/changqiang/146.0EIRP.htm’

     0K                                                       100%  120M=0s

2026-09-26 12:46:34 (120 MB/s) - ‘webpages-202609261246/www.saoing.com/changqiang/146.0EIRP.htm’ saved [942/942]

--2026-09-26 12:46:34--  http://www.saoing.com/changqiang/76.5EIRP.htm
Reusing existing connection to www.saoing.com:80.
HTTP request sent, awaiting response... 200 OK
Length: 1794 (1.8K) [text/html]
Saving to: ‘webpages-202609261246/www.saoing.com/changqiang/76.5EIRP.htm’

     0K .                                                     100%  196M=0s

2026-09-26 12:46:34 (196 MB/s) - ‘webpages-202609261246/www.saoing.com/changqiang/76.5EIRP.htm’ saved [1794/1794]

--2026-09-26 12:46:34--  http://www.saoing.com/changqiang/150.0-jcsat-1c.pdf
Reusing existing connection to www.saoing.com:80.
HTTP request sent, awaiting response... 200 OK
Length: 3293461 (3.1M) [application/pdf]
Saving to: ‘webpages-202609261246/www.saoing.com/changqiang/150.0-jcsat-1c.pdf’

     0K .......... .......... .......... .......... ..........  1% 1.21G 0s
    50K .......... .......... .......... .......... ..........  3%  315M 0s
   100K .......... .......... .......... .......... ..........  4%  368M 0s
   150K .......... .......... .......... .......... ..........  6%  373M 0s
   200K .......... .......... .......... .......... ..........  7% 93.1T 0s
   250K .......... .......... .......... .......... ..........  9%  328M 0s
   300K .......... .......... .......... .......... .......... 10%  308M 0s
   350K .......... .......... .......... .......... .......... 12%  384M 0s
   400K .......... .......... .......... .......... .......... 13%  375M 0s
   450K .......... .......... .......... .......... .......... 15% 93.1T 0s
   500K .......... .......... .......... .......... .......... 17%  381M 0s
   550K .......... .......... .......... .......... .......... 18%  373M 0s
   600K .......... .......... .......... .......... .......... 20%  367M 0s
   650K .......... .......... .......... .......... .......... 21% 93.1T 0s
   700K .......... .......... .......... .......... .......... 23%  370M 0s
   750K .......... .......... .......... .......... .......... 24%  364M 0s
   800K .......... .......... .......... .......... .......... 26% 1012K 0s
   850K .......... .......... .......... .......... .......... 27%  121M 0s
   900K .......... .......... .......... .......... .......... 29%  275M 0s
   950K .......... .......... .......... .......... .......... 31% 93.1T 0s
  1000K .......... .......... .......... .......... .......... 32%  329M 0s
  1050K .......... .......... .......... .......... .......... 34%  347M 0s
  1100K .......... .......... .......... .......... .......... 35%  264M 0s
  1150K .......... .......... .......... .......... .......... 37%  519M 0s
  1200K .......... .......... .......... .......... .......... 38%  261M 0s
  1250K .......... .......... .......... .......... .......... 40%  369M 0s
  1300K .......... .......... .......... .......... .......... 41%  368M 0s
  1350K .......... .......... .......... .......... .......... 43%  427M 0s
  1400K .......... .......... .......... .......... .......... 45% 93.1T 0s
  1450K .......... .......... .......... .......... .......... 46%  354M 0s
  1500K .......... .......... .......... .......... .......... 48%  351M 0s
  1550K .......... .......... .......... .......... .......... 49%  353M 0s
  1600K .......... .......... .......... .......... .......... 51%  424M 0s
  1650K .......... .......... .......... .......... .......... 52% 1015K 0s
  1700K .......... .......... .......... .......... .......... 54%  153M 0s
  1750K .......... .......... .......... .......... .......... 55%  454M 0s
  1800K .......... .......... .......... .......... .......... 57%  488M 0s
  1850K .......... .......... .......... .......... .......... 59%  236M 0s
  1900K .......... .......... .......... .......... .......... 60%  116M 0s
  1950K .......... .......... .......... .......... .......... 62%  157M 0s
  2000K .......... .......... .......... .......... .......... 63% 93.1T 0s
  2050K .......... .......... .......... .......... .......... 65%  360M 0s
  2100K .......... .......... .......... .......... .......... 66%  489M 0s
  2150K .......... .......... .......... .......... .......... 68%  486M 0s
  2200K .......... .......... .......... .......... .......... 69%  461M 0s
  2250K .......... .......... .......... .......... .......... 71%  875M 0s
  2300K .......... .......... .......... .......... .......... 73%  294M 0s
  2350K .......... .......... .......... .......... .......... 74%  311M 0s
  2400K .......... .......... .......... .......... .......... 76%  436M 0s
  2450K .......... .......... .......... .......... .......... 77% 93.1T 0s
  2500K .......... .......... .......... .......... .......... 79% 1020K 0s
  2550K .......... .......... .......... .......... .......... 80%  202M 0s
  2600K .......... .......... .......... .......... .......... 82% 93.1T 0s
  2650K .......... .......... .......... .......... .......... 83%  307M 0s
  2700K .......... .......... .......... .......... .......... 85%  304M 0s
  2750K .......... .......... .......... .......... .......... 87%  185M 0s
  2800K .......... .......... .......... .......... .......... 88%  433M 0s
  2850K .......... .......... .......... .......... .......... 90%  191M 0s
  2900K .......... .......... .......... .......... .......... 91%  416M 0s
  2950K .......... .......... .......... .......... .......... 93%  176M 0s
  3000K .......... .......... .......... .......... .......... 94% 93.1T 0s
  3050K .......... .......... .......... .......... .......... 96%  330M 0s
  3100K .......... .......... .......... .......... .......... 97%  211M 0s
  3150K .......... .......... .......... .......... .......... 99%  455M 0s
  3200K .......... ......                                     100% 30.3T=0.2s

2026-09-26 12:46:34 (20.1 MB/s) - ‘webpages-202609261246/www.saoing.com/changqiang/150.0-jcsat-1c.pdf’ saved [3293461/3293461]

--2026-09-26 12:46:34--  http://www.saoing.com/EIRP/78.5-thaicom6.pdf
Reusing existing connection to www.saoing.com:80.
HTTP request sent, awaiting response... 200 OK
Length: 2787678 (2.7M) [application/pdf]
Saving to: ‘webpages-202609261246/www.saoing.com/EIRP/78.5-thaicom6.pdf’

     0K .......... .......... .......... .......... ..........  1% 1.04G 0s
    50K .......... .......... .......... .......... ..........  3%  322M 0s
   100K .......... .......... .......... .......... ..........  5%  370M 0s
   150K .......... .......... .......... .......... ..........  7%  397M 0s
   200K .......... .......... .......... .......... ..........  9% 93.1T 0s
   250K .......... .......... .......... .......... .......... 11%  355M 0s
   300K .......... .......... .......... .......... .......... 12%  686M 0s
   350K .......... .......... .......... .......... .......... 14%  587M 0s
   400K .......... .......... .......... .......... .......... 16%  315M 0s
   450K .......... .......... .......... .......... .......... 18%  414M 0s
   500K .......... .......... .......... .......... .......... 20%  279M 0s
   550K .......... .......... .......... .......... .......... 22%  406M 0s
   600K .......... .......... .......... .......... .......... 23%  243M 0s
   650K .......... .......... .......... .......... .......... 25% 93.1T 0s
   700K .......... .......... .......... .......... .......... 27%  336M 0s
   750K .......... .......... .......... .......... .......... 29%  367M 0s
   800K .......... .......... .......... .......... .......... 31%  335M 0s
   850K .......... .......... .......... .......... .......... 33% 1015K 0s
   900K .......... .......... .......... .......... .......... 34%  159M 0s
   950K .......... .......... .......... .......... .......... 36%  300M 0s
  1000K .......... .......... .......... .......... .......... 38%  209M 0s
  1050K .......... .......... .......... .......... .......... 40%  279M 0s
  1100K .......... .......... .......... .......... .......... 42% 93.1T 0s
  1150K .......... .......... .......... .......... .......... 44%  294M 0s
  1200K .......... .......... .......... .......... .......... 45%  176M 0s
  1250K .......... .......... .......... .......... .......... 47%  437M 0s
  1300K .......... .......... .......... .......... .......... 49%  245M 0s
  1350K .......... .......... .......... .......... .......... 51% 93.1T 0s
  1400K .......... .......... .......... .......... .......... 53%  381M 0s
  1450K .......... .......... .......... .......... .......... 55%  240M 0s
  1500K .......... .......... .......... .......... .......... 56%  177M 0s
  1550K .......... .......... .......... .......... .......... 58% 93.1T 0s
  1600K .......... .......... .......... .......... .......... 60%  427M 0s
  1650K .......... .......... .......... .......... .......... 62%  299M 0s
  1700K .......... .......... .......... .......... .......... 64%  336M 0s
  1750K .......... .......... .......... .......... .......... 66%  394M 0s
  1800K .......... .......... .......... .......... .......... 67% 1.00M 0s
  1850K .......... .......... .......... .......... .......... 69%  291M 0s
  1900K .......... .......... .......... .......... .......... 71% 93.1T 0s
  1950K .......... .......... .......... .......... .......... 73%  285M 0s
  2000K .......... .......... .......... .......... .......... 75%  334M 0s
  2050K .......... .......... .......... .......... .......... 77%  332M 0s
  2100K .......... .......... .......... .......... .......... 78%  256M 0s
  2150K .......... .......... .......... .......... .......... 80%  368M 0s
  2200K .......... .......... .......... .......... .......... 82% 93.1T 0s
  2250K .......... .......... .......... .......... .......... 84%  161M 0s
  2300K .......... .......... .......... .......... .......... 86%  413M 0s
  2350K .......... .......... .......... .......... .......... 88%  244M 0s
  2400K .......... .......... .......... .......... .......... 89% 93.1T 0s
  2450K .......... .......... .......... .......... .......... 91%  397M 0s
  2500K .......... .......... .......... .......... .......... 93%  236M 0s
  2550K .......... .......... .......... .......... .......... 95%  419M 0s
  2600K .......... .......... .......... .......... .......... 97%  363M 0s
  2650K .......... .......... .......... .......... .......... 99%  374M 0s
  2700K .......... .......... ..                              100% 41.6T=0.1s

2026-09-26 12:46:34 (25.3 MB/s) - ‘webpages-202609261246/www.saoing.com/EIRP/78.5-thaicom6.pdf’ saved [2787678/2787678]

--2026-09-26 12:46:34--  http://www.saoing.com/changqiang/110.0-jcsat-110a.pdf
Reusing existing connection to www.saoing.com:80.
HTTP request sent, awaiting response... 200 OK
Length: 1867329 (1.8M) [application/pdf]
Saving to: ‘webpages-202609261246/www.saoing.com/changqiang/110.0-jcsat-110a.pdf’

     0K .......... .......... .......... .......... ..........  2% 1.01G 0s
    50K .......... .......... .......... .......... ..........  5%  297M 0s
   100K .......... .......... .......... .......... ..........  8%  395M 0s
   150K .......... .......... .......... .......... .......... 10%  282M 0s
   200K .......... .......... .......... .......... .......... 13% 93.1T 0s
   250K .......... .......... .......... .......... .......... 16%  305M 0s
   300K .......... .......... .......... .......... .......... 19%  430M 0s
   350K .......... .......... .......... .......... .......... 21%  438M 0s
   400K .......... .......... .......... .......... .......... 24%  450M 0s
   450K .......... .......... .......... .......... .......... 27% 93.1T 0s
   500K .......... .......... .......... .......... .......... 30%  525M 0s
   550K .......... .......... .......... .......... .......... 32%  583M 0s
   600K .......... .......... .......... .......... .......... 35%  541M 0s
   650K .......... .......... .......... .......... .......... 38% 93.1T 0s
   700K .......... .......... .......... .......... .......... 41%  519M 0s
   750K .......... .......... .......... .......... .......... 43%  381M 0s
   800K .......... .......... .......... .......... .......... 46%  551M 0s
   850K .......... .......... .......... .......... .......... 49%  558M 0s
   900K .......... .......... .......... .......... .......... 52% 1012K 0s
   950K .......... .......... .......... .......... .......... 54%  221M 0s
  1000K .......... .......... .......... .......... .......... 57%  270M 0s
  1050K .......... .......... .......... .......... .......... 60%  298M 0s
  1100K .......... .......... .......... .......... .......... 63%  285M 0s
  1150K .......... .......... .......... .......... .......... 65% 93.1T 0s
  1200K .......... .......... .......... .......... .......... 68%  301M 0s
  1250K .......... .......... .......... .......... .......... 71%  343M 0s
  1300K .......... .......... .......... .......... .......... 74%  452M 0s
  1350K .......... .......... .......... .......... .......... 76% 93.1T 0s
  1400K .......... .......... .......... .......... .......... 79%  350M 0s
  1450K .......... .......... .......... .......... .......... 82%  432M 0s
  1500K .......... .......... .......... .......... .......... 84%  209M 0s
  1550K .......... .......... .......... .......... .......... 87%  718M 0s
  1600K .......... .......... .......... .......... .......... 90%  526M 0s
  1650K .......... .......... .......... .......... .......... 93%  554M 0s
  1700K .......... .......... .......... .......... .......... 95%  287M 0s
  1750K .......... .......... .......... .......... .......... 98%  562M 0s
  1800K .......... .......... ...                             100% 43.9T=0.05s

2026-09-26 12:46:34 (33.5 MB/s) - ‘webpages-202609261246/www.saoing.com/changqiang/110.0-jcsat-110a.pdf’ saved [1867329/1867329]

--2026-09-26 12:46:34--  http://www.saoing.com/changqiang/154.0EIRP.htm
Reusing existing connection to www.saoing.com:80.
HTTP request sent, awaiting response... 200 OK
Length: 538 [text/html]
Saving to: ‘webpages-202609261246/www.saoing.com/changqiang/154.0EIRP.htm’

     0K                                                       100% 64.6M=0s

2026-09-26 12:46:34 (64.6 MB/s) - ‘webpages-202609261246/www.saoing.com/changqiang/154.0EIRP.htm’ saved [538/538]

--2026-09-26 12:46:34--  http://www.saoing.com/EIRP/78.5-thaicom8.pdf
Reusing existing connection to www.saoing.com:80.
HTTP request sent, awaiting response... 200 OK
Length: 2461540 (2.3M) [application/pdf]
Saving to: ‘webpages-202609261246/www.saoing.com/EIRP/78.5-thaicom8.pdf’

     0K .......... .......... .......... .......... ..........  2%  978M 0s
    50K .......... .......... .......... .......... ..........  4%  220M 0s
   100K .......... .......... .......... .......... ..........  6%  301M 0s
   150K .......... .......... .......... .......... ..........  8%  296M 0s
   200K .......... .......... .......... .......... .......... 10% 93.1T 0s
   250K .......... .......... .......... .......... .......... 12%  305M 0s
   300K .......... .......... .......... .......... .......... 14%  332M 0s
   350K .......... .......... .......... .......... .......... 16%  332M 0s
   400K .......... .......... .......... .......... .......... 18%  353M 0s
   450K .......... .......... .......... .......... .......... 20% 93.1T 0s
   500K .......... .......... .......... .......... .......... 22%  370M 0s
   550K .......... .......... .......... .......... .......... 24%  451M 0s
   600K .......... .......... .......... .......... .......... 27%  458M 0s
   650K .......... .......... .......... .......... .......... 29% 93.1T 0s
   700K .......... .......... .......... .......... .......... 31%  387M 0s
   750K .......... .......... .......... .......... .......... 33%  400M 0s
   800K .......... .......... .......... .......... .......... 35%  488M 0s
   850K .......... .......... .......... .......... .......... 37%  623M 0s
   900K .......... .......... .......... .......... .......... 39% 93.1T 0s
   950K .......... .......... .......... .......... .......... 41%  585M 0s
  1000K .......... .......... .......... .......... .......... 43% 1015K 0s
  1050K .......... .......... .......... .......... .......... 45%  386M 0s
  1100K .......... .......... .......... .......... .......... 47% 93.4M 0s
  1150K .......... .......... .......... .......... .......... 49% 76.7M 0s
  1200K .......... .......... .......... .......... .......... 51%  306M 0s
  1250K .......... .......... .......... .......... .......... 54%  332M 0s
  1300K .......... .......... .......... .......... .......... 56%  167M 0s
  1350K .......... .......... .......... .......... .......... 58% 58.6M 0s
  1400K .......... .......... .......... .......... .......... 60%  131M 0s
  1450K .......... .......... .......... .......... .......... 62%  124M 0s
  1500K .......... .......... .......... .......... .......... 64%  352M 0s
  1550K .......... .......... .......... .......... .......... 66%  175M 0s
  1600K .......... .......... .......... .......... .......... 68%  145M 0s
  1650K .......... .......... .......... .......... .......... 70%  184M 0s
  1700K .......... .......... .......... .......... .......... 72%  142M 0s
  1750K .......... .......... .......... .......... .......... 74%  161M 0s
  1800K .......... .......... .......... .......... .......... 76%  116M 0s
  1850K .......... .......... .......... .......... .......... 79%  166M 0s
  1900K .......... .......... .......... .......... .......... 81%  136M 0s
  1950K .......... .......... .......... .......... .......... 83%  360M 0s
  2000K .......... .......... .......... .......... .......... 85%  207M 0s
  2050K .......... .......... .......... .......... .......... 87%  255M 0s
  2100K .......... .......... .......... .......... .......... 89% 61.1M 0s
  2150K .......... .......... .......... .......... .......... 91% 1.12M 0s
  2200K .......... .......... .......... .......... .......... 93%  101M 0s
  2250K .......... .......... .......... .......... .......... 95%  133M 0s
  2300K .......... .......... .......... .......... .......... 97% 94.0M 0s
  2350K .......... .......... .......... .......... .......... 99%  125M 0s
  2400K ...                                                   100% 7.17T=0.1s

2026-09-26 12:46:34 (22.5 MB/s) - ‘webpages-202609261246/www.saoing.com/EIRP/78.5-thaicom8.pdf’ saved [2461540/2461540]

--2026-09-26 12:46:34--  http://www.saoing.com/changqiang/110.5EIRP.htm
Reusing existing connection to www.saoing.com:80.
HTTP request sent, awaiting response... 200 OK
Length: 988 [text/html]
Saving to: ‘webpages-202609261246/www.saoing.com/changqiang/110.5EIRP.htm’

     0K                                                       100%  102M=0s

2026-09-26 12:46:35 (102 MB/s) - ‘webpages-202609261246/www.saoing.com/changqiang/110.5EIRP.htm’ saved [988/988]

--2026-09-26 12:46:35--  http://www.saoing.com/changqiang/159.0EIRP.htm
Reusing existing connection to www.saoing.com:80.
HTTP request sent, awaiting response... 200 OK
Length: 2259 (2.2K) [text/html]
Saving to: ‘webpages-202609261246/www.saoing.com/changqiang/159.0EIRP.htm’

     0K ..                                                    100%  308M=0s

2026-09-26 12:46:35 (308 MB/s) - ‘webpages-202609261246/www.saoing.com/changqiang/159.0EIRP.htm’ saved [2259/2259]

--2026-09-26 12:46:35--  http://www.saoing.com/changqiang/80.0EIRP.htm
Reusing existing connection to www.saoing.com:80.
HTTP request sent, awaiting response... 200 OK
Length: 990 [text/html]
Saving to: ‘webpages-202609261246/www.saoing.com/changqiang/80.0EIRP.htm’

     0K                                                       100%  147M=0s

2026-09-26 12:46:35 (147 MB/s) - ‘webpages-202609261246/www.saoing.com/changqiang/80.0EIRP.htm’ saved [990/990]

--2026-09-26 12:46:35--  http://www.saoing.com/changqiang/113-Y-EIRP.htm
Reusing existing connection to www.saoing.com:80.
HTTP request sent, awaiting response... 200 OK
Length: 680 [text/html]
Saving to: ‘webpages-202609261246/www.saoing.com/changqiang/113-Y-EIRP.htm’

     0K                                                       100% 74.9M=0s

2026-09-26 12:46:35 (74.9 MB/s) - ‘webpages-202609261246/www.saoing.com/changqiang/113-Y-EIRP.htm’ saved [680/680]

--2026-09-26 12:46:35--  http://www.saoing.com/changqiang/162-superbird-b3en.pdf
Reusing existing connection to www.saoing.com:80.
HTTP request sent, awaiting response... 200 OK
Length: 994543 (971K) [application/pdf]
Saving to: ‘webpages-202609261246/www.saoing.com/changqiang/162-superbird-b3en.pdf’

     0K .......... .......... .......... .......... ..........  5%  474M 0s
    50K .......... .......... .......... .......... .......... 10%  258M 0s
   100K .......... .......... .......... .......... .......... 15%  297M 0s
   150K .......... .......... .......... .......... .......... 20%  333M 0s
   200K .......... .......... .......... .......... .......... 25%  369M 0s
   250K .......... .......... .......... .......... .......... 30%  373M 0s
   300K .......... .......... .......... .......... .......... 36% 93.1T 0s
   350K .......... .......... .......... .......... .......... 41%  386M 0s
   400K .......... .......... .......... .......... .......... 46%  326M 0s
   450K .......... .......... .......... .......... .......... 51%  558M 0s
   500K .......... .......... .......... .......... .......... 56%  368M 0s
   550K .......... .......... .......... .......... .......... 61%  399M 0s
   600K .......... .......... .......... .......... .......... 66%  429M 0s
   650K .......... .......... .......... .......... .......... 72%  507M 0s
   700K .......... .......... .......... .......... .......... 77%  496M 0s
   750K .......... .......... .......... .......... .......... 82%  489M 0s
   800K .......... .......... .......... .......... .......... 87%  377M 0s
   850K .......... .......... .......... .......... .......... 92%  334M 0s
   900K .......... .......... .......... .......... .......... 97%  266M 0s
   950K .......... .......... .                               100% 39.6T=0.002s

2026-09-26 12:46:35 (403 MB/s) - ‘webpages-202609261246/www.saoing.com/changqiang/162-superbird-b3en.pdf’ saved [994543/994543]

--2026-09-26 12:46:35--  http://www.saoing.com/changqiang/113.0-5A-EIRP.htm
Reusing existing connection to www.saoing.com:80.
HTTP request sent, awaiting response... 200 OK
Length: 1500 (1.5K) [text/html]
Saving to: ‘webpages-202609261246/www.saoing.com/changqiang/113.0-5A-EIRP.htm’

     0K .                                                     100%  297M=0s

2026-09-26 12:46:35 (297 MB/s) - ‘webpages-202609261246/www.saoing.com/changqiang/113.0-5A-EIRP.htm’ saved [1500/1500]

--2026-09-26 12:46:35--  http://www.saoing.com/changqiang/166.0EIRP.htm
Reusing existing connection to www.saoing.com:80.
HTTP request sent, awaiting response... 200 OK
Length: 1822 (1.8K) [text/html]
Saving to: ‘webpages-202609261246/www.saoing.com/changqiang/166.0EIRP.htm’

     0K .                                                     100%  281M=0s

2026-09-26 12:46:35 (281 MB/s) - ‘webpages-202609261246/www.saoing.com/changqiang/166.0EIRP.htm’ saved [1822/1822]

--2026-09-26 12:46:35--  http://www.saoing.com/changqiang/115.5EIRP.htm
Reusing existing connection to www.saoing.com:80.
HTTP request sent, awaiting response... 200 OK
Length: 714 [text/html]
Saving to: ‘webpages-202609261246/www.saoing.com/changqiang/115.5EIRP.htm’

     0K                                                       100%  119M=0s

2026-09-26 12:46:35 (119 MB/s) - ‘webpages-202609261246/www.saoing.com/changqiang/115.5EIRP.htm’ saved [714/714]

--2026-09-26 12:46:35--  http://www.saoing.com/changqiang/169.0-horizons-3e.pdf
Reusing existing connection to www.saoing.com:80.
HTTP request sent, awaiting response... 200 OK
Length: 1462801 (1.4M) [application/pdf]
Saving to: ‘webpages-202609261246/www.saoing.com/changqiang/169.0-horizons-3e.pdf’

     0K .......... .......... .......... .......... ..........  3% 1.19G 0s
    50K .......... .......... .......... .......... ..........  7%  293M 0s
   100K .......... .......... .......... .......... .......... 10%  376M 0s
   150K .......... .......... .......... .......... .......... 14%  251M 0s
   200K .......... .......... .......... .......... .......... 17% 93.1T 0s
   250K .......... .......... .......... .......... .......... 21%  207M 0s
   300K .......... .......... .......... .......... .......... 24%  469M 0s
   350K .......... .......... .......... .......... .......... 28%  532M 0s
   400K .......... .......... .......... .......... .......... 31%  229M 0s
   450K .......... .......... .......... .......... .......... 35%  528M 0s
   500K .......... .......... .......... .......... .......... 38%  283M 0s
   550K .......... .......... .......... .......... .......... 42%  333M 0s
   600K .......... .......... .......... .......... .......... 45%  380M 0s
   650K .......... .......... .......... .......... .......... 49%  470M 0s
   700K .......... .......... .......... .......... .......... 52%  191M 0s
   750K .......... .......... .......... .......... .......... 56%  603M 0s
   800K .......... .......... .......... .......... .......... 59%  397M 0s
   850K .......... .......... .......... .......... .......... 63%  313M 0s
   900K .......... .......... .......... .......... .......... 66% 93.1T 0s
   950K .......... .......... .......... .......... .......... 70%  345M 0s
  1000K .......... .......... .......... .......... .......... 73%  385M 0s
  1050K .......... .......... .......... .......... .......... 77%  365M 0s
  1100K .......... .......... .......... .......... .......... 80% 93.1T 0s
  1150K .......... .......... .......... .......... .......... 84%  397M 0s
  1200K .......... .......... .......... .......... .......... 87% 1.01M 0s
  1250K .......... .......... .......... .......... .......... 91%  250M 0s
  1300K .......... .......... .......... .......... .......... 94%  166M 0s
  1350K .......... .......... .......... .......... .......... 98%  398M 0s
  1400K .......... .......... ........                        100% 53.1T=0.05s

2026-09-26 12:46:35 (26.8 MB/s) - ‘webpages-202609261246/www.saoing.com/changqiang/169.0-horizons-3e.pdf’ saved [1462801/1462801]

--2026-09-26 12:46:35--  http://www.saoing.com/changqiang/85.0EIRP.htm
Reusing existing connection to www.saoing.com:80.
HTTP request sent, awaiting response... 200 OK
Length: 980 [text/html]
Saving to: ‘webpages-202609261246/www.saoing.com/changqiang/85.0EIRP.htm’

     0K                                                       100%  109M=0s

2026-09-26 12:46:35 (109 MB/s) - ‘webpages-202609261246/www.saoing.com/changqiang/85.0EIRP.htm’ saved [980/980]

--2026-09-26 12:46:35--  http://www.saoing.com/changqiang/116.0-6-EIRP.htm
Reusing existing connection to www.saoing.com:80.
HTTP request sent, awaiting response... 200 OK
Length: 682 [text/html]
Saving to: ‘webpages-202609261246/www.saoing.com/changqiang/116.0-6-EIRP.htm’

     0K                                                       100%  118M=0s

2026-09-26 12:46:35 (118 MB/s) - ‘webpages-202609261246/www.saoing.com/changqiang/116.0-6-EIRP.htm’ saved [682/682]

--2026-09-26 12:46:35--  http://www.saoing.com/changqiang/172.0EIRP.htm
Reusing existing connection to www.saoing.com:80.
HTTP request sent, awaiting response... 200 OK
Length: 2356 (2.3K) [text/html]
Saving to: ‘webpages-202609261246/www.saoing.com/changqiang/172.0EIRP.htm’

     0K ..                                                    100%  247M=0s

2026-09-26 12:46:35 (247 MB/s) - ‘webpages-202609261246/www.saoing.com/changqiang/172.0EIRP.htm’ saved [2356/2356]

--2026-09-26 12:46:35--  http://www.saoing.com/changqiang/85.0-IS15-EIRP.htm
Reusing existing connection to www.saoing.com:80.
HTTP request sent, awaiting response... 200 OK
Length: 986 [text/html]
Saving to: ‘webpages-202609261246/www.saoing.com/changqiang/85.0-IS15-EIRP.htm’

     0K                                                       100%  111M=0s

2026-09-26 12:46:35 (111 MB/s) - ‘webpages-202609261246/www.saoing.com/changqiang/85.0-IS15-EIRP.htm’ saved [986/986]

--2026-09-26 12:46:35--  http://www.saoing.com/changqiang/116.0-7-EIRP.htm
Reusing existing connection to www.saoing.com:80.
HTTP request sent, awaiting response... 200 OK
Length: 1652 (1.6K) [text/html]
Saving to: ‘webpages-202609261246/www.saoing.com/changqiang/116.0-7-EIRP.htm’

     0K .                                                     100%  184M=0s

2026-09-26 12:46:35 (184 MB/s) - ‘webpages-202609261246/www.saoing.com/changqiang/116.0-7-EIRP.htm’ saved [1652/1652]

--2026-09-26 12:46:35--  http://www.saoing.com/changqiang/180.0EIRP.htm
Reusing existing connection to www.saoing.com:80.
HTTP request sent, awaiting response... 200 OK
Length: 1820 (1.8K) [text/html]
Saving to: ‘webpages-202609261246/www.saoing.com/changqiang/180.0EIRP.htm’

     0K .                                                     100%  181M=0s

2026-09-26 12:46:35 (181 MB/s) - ‘webpages-202609261246/www.saoing.com/changqiang/180.0EIRP.htm’ saved [1820/1820]

--2026-09-26 12:46:35--  http://www.saoing.com/changqiang/87.5EIRP.htm
Reusing existing connection to www.saoing.com:80.
HTTP request sent, awaiting response... 200 OK
Length: 1573 (1.5K) [text/html]
Saving to: ‘webpages-202609261246/www.saoing.com/changqiang/87.5EIRP.htm’

     0K .                                                     100%  180M=0s

2026-09-26 12:46:35 (180 MB/s) - ‘webpages-202609261246/www.saoing.com/changqiang/87.5EIRP.htm’ saved [1573/1573]

--2026-09-26 12:46:35--  http://www.saoing.com/changqiang/118.0EIRP.htm
Reusing existing connection to www.saoing.com:80.
HTTP request sent, awaiting response... 200 OK
Length: 394 [text/html]
Saving to: ‘webpages-202609261246/www.saoing.com/changqiang/118.0EIRP.htm’

     0K                                                       100% 62.3M=0s

2026-09-26 12:46:36 (62.3 MB/s) - ‘webpages-202609261246/www.saoing.com/changqiang/118.0EIRP.htm’ saved [394/394]

--2026-09-26 12:46:36--  http://www.saoing.com/changqiang/183.0EIRP.htm
Reusing existing connection to www.saoing.com:80.
HTTP request sent, awaiting response... 200 OK
Length: 1175 (1.1K) [text/html]
Saving to: ‘webpages-202609261246/www.saoing.com/changqiang/183.0EIRP.htm’

     0K .                                                     100%  131M=0s

2026-09-26 12:46:36 (131 MB/s) - ‘webpages-202609261246/www.saoing.com/changqiang/183.0EIRP.htm’ saved [1175/1175]

--2026-09-26 12:46:36--  http://www.saoing.com/changqiang/88.0EIRP.htm
Reusing existing connection to www.saoing.com:80.
HTTP request sent, awaiting response... 200 OK
Length: 468 [text/html]
Saving to: ‘webpages-202609261246/www.saoing.com/changqiang/88.0EIRP.htm’

     0K                                                       100% 60.4M=0s

2026-09-26 12:46:36 (60.4 MB/s) - ‘webpages-202609261246/www.saoing.com/changqiang/88.0EIRP.htm’ saved [468/468]

--2026-09-26 12:46:36--  http://www.saoing.com/changqiang/119.1EIRP.htm
Reusing existing connection to www.saoing.com:80.
HTTP request sent, awaiting response... 200 OK
Length: 1839 (1.8K) [text/html]
Saving to: ‘webpages-202609261246/www.saoing.com/changqiang/119.1EIRP.htm’

     0K .                                                     100%  243M=0s

2026-09-26 12:46:36 (243 MB/s) - ‘webpages-202609261246/www.saoing.com/changqiang/119.1EIRP.htm’ saved [1839/1839]

--2026-09-26 12:46:36--  http://www.saoing.com/changqiang/172.0EIRP-C.htm
Reusing existing connection to www.saoing.com:80.
HTTP request sent, awaiting response... 200 OK
Length: 374 [text/html]
Saving to: ‘webpages-202609261246/www.saoing.com/changqiang/172.0EIRP-C.htm’

     0K                                                       100% 40.5M=0s

2026-09-26 12:46:36 (40.5 MB/s) - ‘webpages-202609261246/www.saoing.com/changqiang/172.0EIRP-C.htm’ saved [374/374]

--2026-09-26 12:46:36--  http://www.saoing.com/ru/Leomax-24.html
Reusing existing connection to www.saoing.com:80.
HTTP request sent, awaiting response... 404 Not Found
2026-09-26 12:46:36 ERROR 404: Not Found.

--2026-09-26 12:46:36--  http://www.saoing.com/ru/Rossiya-1.html
Reusing existing connection to www.saoing.com:80.
HTTP request sent, awaiting response... 404 Not Found
2026-09-26 12:46:36 ERROR 404: Not Found.

--2026-09-26 12:46:36--  http://www.saoing.com/ru/Match.html
Reusing existing connection to www.saoing.com:80.
HTTP request sent, awaiting response... 404 Not Found
2026-09-26 12:46:36 ERROR 404: Not Found.

--2026-09-26 12:46:36--  http://www.saoing.com/ru/5-Kanal.html
Reusing existing connection to www.saoing.com:80.
HTTP request sent, awaiting response... 404 Not Found
2026-09-26 12:46:36 ERROR 404: Not Found.

--2026-09-26 12:46:36--  http://www.saoing.com/ru/REN-TV.html
Reusing existing connection to www.saoing.com:80.
HTTP request sent, awaiting response... 404 Not Found
2026-09-26 12:46:36 ERROR 404: Not Found.

--2026-09-26 12:46:36--  http://www.saoing.com/ru/Rossiya-K.html
Reusing existing connection to www.saoing.com:80.
HTTP request sent, awaiting response... 404 Not Found
2026-09-26 12:46:36 ERROR 404: Not Found.

--2026-09-26 12:46:36--  http://www.saoing.com/ru/Rossiya-24.html
Reusing existing connection to www.saoing.com:80.
HTTP request sent, awaiting response... 404 Not Found
2026-09-26 12:46:36 ERROR 404: Not Found.

--2026-09-26 12:46:36--  http://www.saoing.com/ru/Telekanal-Spas.html
Reusing existing connection to www.saoing.com:80.
HTTP request sent, awaiting response... 404 Not Found
2026-09-26 12:46:36 ERROR 404: Not Found.

--2026-09-26 12:46:36--  http://www.saoing.com/ru/TV-3.html
Reusing existing connection to www.saoing.com:80.
HTTP request sent, awaiting response... 404 Not Found
2026-09-26 12:46:36 ERROR 404: Not Found.

--2026-09-26 12:46:36--  http://www.saoing.com/ru/Pyatnitsa.html
Reusing existing connection to www.saoing.com:80.
HTTP request sent, awaiting response... 404 Not Found
2026-09-26 12:46:36 ERROR 404: Not Found.

--2026-09-26 12:46:36--  http://www.saoing.com/ru/Mir.html
Reusing existing connection to www.saoing.com:80.
HTTP request sent, awaiting response... 404 Not Found
2026-09-26 12:46:36 ERROR 404: Not Found.

--2026-09-26 12:46:36--  http://www.saoing.com/ru/Shopping-Live.html
Reusing existing connection to www.saoing.com:80.
HTTP request sent, awaiting response... 404 Not Found
2026-09-26 12:46:36 ERROR 404: Not Found.

--2026-09-26 12:46:36--  http://www.saoing.com/ru/Pobeda.html
Reusing existing connection to www.saoing.com:80.
HTTP request sent, awaiting response... 404 Not Found
2026-09-26 12:46:36 ERROR 404: Not Found.

--2026-09-26 12:46:36--  http://www.saoing.com/ru/Perviy-kanal.html
Reusing existing connection to www.saoing.com:80.
HTTP request sent, awaiting response... 404 Not Found
2026-09-26 12:46:37 ERROR 404: Not Found.

--2026-09-26 12:46:37--  http://www.saoing.com/ru/Domashniy.html
Reusing existing connection to www.saoing.com:80.
HTTP request sent, awaiting response... 404 Not Found
2026-09-26 12:46:37 ERROR 404: Not Found.

--2026-09-26 12:46:37--  http://www.saoing.com/ru/Kuban-24-Orbita.html
Reusing existing connection to www.saoing.com:80.
HTTP request sent, awaiting response... 404 Not Found
2026-09-26 12:46:37 ERROR 404: Not Found.

--2026-09-26 12:46:37--  http://www.saoing.com/ru/STS.html
Reusing existing connection to www.saoing.com:80.
HTTP request sent, awaiting response... 404 Not Found
2026-09-26 12:46:37 ERROR 404: Not Found.

--2026-09-26 12:46:37--  http://www.saoing.com/ru/STS-Love.html
Reusing existing connection to www.saoing.com:80.
HTTP request sent, awaiting response... 404 Not Found
2026-09-26 12:46:37 ERROR 404: Not Found.

--2026-09-26 12:46:37--  http://www.saoing.com/ru/Arkhyz-24.html
Reusing existing connection to www.saoing.com:80.
HTTP request sent, awaiting response... 404 Not Found
2026-09-26 12:46:37 ERROR 404: Not Found.

--2026-09-26 12:46:37--  http://www.saoing.com/ru/TNV-Planeta.html
Reusing existing connection to www.saoing.com:80.
HTTP request sent, awaiting response... 404 Not Found
2026-09-26 12:46:37 ERROR 404: Not Found.

--2026-09-26 12:46:37--  http://www.saoing.com/ru/Che.html
Reusing existing connection to www.saoing.com:80.
HTTP request sent, awaiting response... 404 Not Found
2026-09-26 12:46:37 ERROR 404: Not Found.

--2026-09-26 12:46:37--  http://www.saoing.com/ru/Unikum.html
Reusing existing connection to www.saoing.com:80.
HTTP request sent, awaiting response... 404 Not Found
2026-09-26 12:46:37 ERROR 404: Not Found.

--2026-09-26 12:46:37--  http://www.saoing.com/ru/Kino-TV.html
Reusing existing connection to www.saoing.com:80.
HTTP request sent, awaiting response... 404 Not Found
2026-09-26 12:46:37 ERROR 404: Not Found.

--2026-09-26 12:46:37--  http://www.saoing.com/ru/Russkaya-Komediya.html
Reusing existing connection to www.saoing.com:80.
HTTP request sent, awaiting response... 404 Not Found
2026-09-26 12:46:37 ERROR 404: Not Found.

--2026-09-26 12:46:37--  http://www.saoing.com/ru/Shayan-TV.html
Reusing existing connection to www.saoing.com:80.
HTTP request sent, awaiting response... 404 Not Found
2026-09-26 12:46:37 ERROR 404: Not Found.

--2026-09-26 12:46:37--  http://www.saoing.com/ru/Mosfilm.html
Reusing existing connection to www.saoing.com:80.
HTTP request sent, awaiting response... 404 Not Found
2026-09-26 12:46:37 ERROR 404: Not Found.

--2026-09-26 12:46:37--  http://www.saoing.com/EIRP/105.5-c.jpg
Reusing existing connection to www.saoing.com:80.
HTTP request sent, awaiting response... 200 OK
Length: 246069 (240K) [image/jpeg]
Saving to: ‘webpages-202609261246/www.saoing.com/EIRP/105.5-c.jpg’

     0K .......... .......... .......... .......... .......... 20%  858M 0s
    50K .......... .......... .......... .......... .......... 41%  280M 0s
   100K .......... .......... .......... .......... .......... 62%  278M 0s
   150K .......... .......... .......... .......... .......... 83%  373M 0s
   200K .......... .......... .......... ..........           100% 75.1T=0.001s

2026-09-26 12:46:37 (436 MB/s) - ‘webpages-202609261246/www.saoing.com/EIRP/105.5-c.jpg’ saved [246069/246069]

--2026-09-26 12:46:37--  http://www.saoing.com/EIRP/105.5-ku-easia.jpg
Reusing existing connection to www.saoing.com:80.
HTTP request sent, awaiting response... 200 OK
Length: 95329 (93K) [image/jpeg]
Saving to: ‘webpages-202609261246/www.saoing.com/EIRP/105.5-ku-easia.jpg’

     0K .......... .......... .......... .......... .......... 53% 1.33G 0s
    50K .......... .......... .......... .......... ...       100%  293M=0s

2026-09-26 12:46:37 (506 MB/s) - ‘webpages-202609261246/www.saoing.com/EIRP/105.5-ku-easia.jpg’ saved [95329/95329]

--2026-09-26 12:46:37--  http://www.saoing.com/EIRP/38-c.jpg
Reusing existing connection to www.saoing.com:80.
HTTP request sent, awaiting response... 200 OK
Length: 125289 (122K) [image/jpeg]
Saving to: ‘webpages-202609261246/www.saoing.com/EIRP/38-c.jpg’

     0K .......... .......... .......... .......... .......... 40% 1.34G 0s
    50K .......... .......... .......... .......... .......... 81%  236M 0s
   100K .......... .......... ..                              100%  205M=0s

2026-09-26 12:46:37 (343 MB/s) - ‘webpages-202609261246/www.saoing.com/EIRP/38-c.jpg’ saved [125289/125289]

--2026-09-26 12:46:37--  http://www.saoing.com/EIRP/38-ku.jpg
Reusing existing connection to www.saoing.com:80.
HTTP request sent, awaiting response... 200 OK
Length: 97055 (95K) [image/jpeg]
Saving to: ‘webpages-202609261246/www.saoing.com/EIRP/38-ku.jpg’

     0K .......... .......... .......... .......... .......... 52% 1.34G 0s
    50K .......... .......... .......... .......... ....      100%  299M=0s

2026-09-26 12:46:37 (508 MB/s) - ‘webpages-202609261246/www.saoing.com/EIRP/38-ku.jpg’ saved [97055/97055]

--2026-09-26 12:46:37--  http://www.saoing.com/EIRP/108.0-C.jpg
Reusing existing connection to www.saoing.com:80.
HTTP request sent, awaiting response... 200 OK
Length: 126799 (124K) [image/jpeg]
Saving to: ‘webpages-202609261246/www.saoing.com/EIRP/108.0-C.jpg’

     0K .......... .......... .......... .......... .......... 40% 1.07G 0s
    50K .......... .......... .......... .......... .......... 80%  307M 0s
   100K .......... .......... ...                             100% 44.4T=0s

2026-09-26 12:46:38 (594 MB/s) - ‘webpages-202609261246/www.saoing.com/EIRP/108.0-C.jpg’ saved [126799/126799]

--2026-09-26 12:46:38--  http://www.saoing.com/RRI-Pro-1-Kendari.html
Reusing existing connection to www.saoing.com:80.
HTTP request sent, awaiting response... 404 Not Found
2026-09-26 12:46:38 ERROR 404: Not Found.

--2026-09-26 12:46:38--  http://www.saoing.com/RRI-Pro-1-Sibolga.html
Reusing existing connection to www.saoing.com:80.
HTTP request sent, awaiting response... 404 Not Found
2026-09-26 12:46:38 ERROR 404: Not Found.

--2026-09-26 12:46:38--  http://www.saoing.com/RRI-Pro-1-Bandar-Lampung.html
Reusing existing connection to www.saoing.com:80.
HTTP request sent, awaiting response... 404 Not Found
2026-09-26 12:46:38 ERROR 404: Not Found.

--2026-09-26 12:46:38--  http://www.saoing.com/RRI-Pro-1-Banda-Aceh.html
Reusing existing connection to www.saoing.com:80.
HTTP request sent, awaiting response... 404 Not Found
2026-09-26 12:46:38 ERROR 404: Not Found.

--2026-09-26 12:46:38--  http://www.saoing.com/RRI-Pro-1-Pekanbaru.html
Reusing existing connection to www.saoing.com:80.
HTTP request sent, awaiting response... 404 Not Found
2026-09-26 12:46:38 ERROR 404: Not Found.

--2026-09-26 12:46:38--  http://www.saoing.com/RRI-Pro-1-Manado.html
Reusing existing connection to www.saoing.com:80.
HTTP request sent, awaiting response... 404 Not Found
2026-09-26 12:46:38 ERROR 404: Not Found.

--2026-09-26 12:46:38--  http://www.saoing.com/RRI-Pro-1-Padang.html
Reusing existing connection to www.saoing.com:80.
HTTP request sent, awaiting response... 404 Not Found
2026-09-26 12:46:38 ERROR 404: Not Found.

--2026-09-26 12:46:38--  http://www.saoing.com/RRI-Pro-1-Palu.html
Reusing existing connection to www.saoing.com:80.
HTTP request sent, awaiting response... 404 Not Found
2026-09-26 12:46:38 ERROR 404: Not Found.

--2026-09-26 12:46:38--  http://www.saoing.com/RRI-Pro-1-Cirebon.html
Reusing existing connection to www.saoing.com:80.
HTTP request sent, awaiting response... 404 Not Found
2026-09-26 12:46:38 ERROR 404: Not Found.

--2026-09-26 12:46:38--  http://www.saoing.com/RRI-Pro-1-Mataram.html
Reusing existing connection to www.saoing.com:80.
HTTP request sent, awaiting response... 404 Not Found
2026-09-26 12:46:38 ERROR 404: Not Found.

--2026-09-26 12:46:38--  http://www.saoing.com/RRI-Pro-1-Malang.html
Reusing existing connection to www.saoing.com:80.
HTTP request sent, awaiting response... 404 Not Found
2026-09-26 12:46:38 ERROR 404: Not Found.

--2026-09-26 12:46:38--  http://www.saoing.com/RRI-Pro-1-Singaraja.html
Reusing existing connection to www.saoing.com:80.
HTTP request sent, awaiting response... 404 Not Found
2026-09-26 12:46:38 ERROR 404: Not Found.

--2026-09-26 12:46:38--  http://www.saoing.com/RRI-Pro-1-Palembang.html
Reusing existing connection to www.saoing.com:80.
HTTP request sent, awaiting response... 404 Not Found
2026-09-26 12:46:38 ERROR 404: Not Found.

--2026-09-26 12:46:38--  http://www.saoing.com/RRI-Pro-1-Tanjung-Pinang.html
Reusing existing connection to www.saoing.com:80.
HTTP request sent, awaiting response... 404 Not Found
2026-09-26 12:46:38 ERROR 404: Not Found.

--2026-09-26 12:46:38--  http://www.saoing.com/RRI-Pro-1-Tarakan.html
Reusing existing connection to www.saoing.com:80.
HTTP request sent, awaiting response... 404 Not Found
2026-09-26 12:46:38 ERROR 404: Not Found.

--2026-09-26 12:46:38--  http://www.saoing.com/RRI-Pro-3.html
Reusing existing connection to www.saoing.com:80.
HTTP request sent, awaiting response... 404 Not Found
2026-09-26 12:46:38 ERROR 404: Not Found.

--2026-09-26 12:46:38--  http://www.saoing.com/RRI-Pro-1-Madiun.html
Reusing existing connection to www.saoing.com:80.
HTTP request sent, awaiting response... 404 Not Found
2026-09-26 12:46:38 ERROR 404: Not Found.

--2026-09-26 12:46:38--  http://www.saoing.com/RRI-Pro-1-Bandung.html
Reusing existing connection to www.saoing.com:80.
HTTP request sent, awaiting response... 404 Not Found
2026-09-26 12:46:39 ERROR 404: Not Found.

--2026-09-26 12:46:39--  http://www.saoing.com/RRI-Pro-1-Semarang.html
Reusing existing connection to www.saoing.com:80.
HTTP request sent, awaiting response... 404 Not Found
2026-09-26 12:46:39 ERROR 404: Not Found.

--2026-09-26 12:46:39--  http://www.saoing.com/RRI-Pro-1-Medan.html
Reusing existing connection to www.saoing.com:80.
HTTP request sent, awaiting response... 404 Not Found
2026-09-26 12:46:39 ERROR 404: Not Found.

--2026-09-26 12:46:39--  http://www.saoing.com/RRI-Pro-1-Meulaboh.html
Reusing existing connection to www.saoing.com:80.
HTTP request sent, awaiting response... 404 Not Found
2026-09-26 12:46:39 ERROR 404: Not Found.

--2026-09-26 12:46:39--  http://www.saoing.com/RRI-Pro-1-Palangkaraya.html
Reusing existing connection to www.saoing.com:80.
HTTP request sent, awaiting response... 404 Not Found
2026-09-26 12:46:39 ERROR 404: Not Found.

--2026-09-26 12:46:39--  http://www.saoing.com/RRI-Pro-1-Samarinda.html
Reusing existing connection to www.saoing.com:80.
HTTP request sent, awaiting response... 404 Not Found
2026-09-26 12:46:39 ERROR 404: Not Found.

--2026-09-26 12:46:39--  http://www.saoing.com/RRI-Pro-1-Jember.html
Reusing existing connection to www.saoing.com:80.
HTTP request sent, awaiting response... 404 Not Found
2026-09-26 12:46:39 ERROR 404: Not Found.

--2026-09-26 12:46:39--  http://www.saoing.com/RRI-Pro-1-Sintang.html
Reusing existing connection to www.saoing.com:80.
HTTP request sent, awaiting response... 404 Not Found
2026-09-26 12:46:39 ERROR 404: Not Found.

--2026-09-26 12:46:39--  http://www.saoing.com/RRI-Pro-1-Toli-Toli.html
Reusing existing connection to www.saoing.com:80.
HTTP request sent, awaiting response... 404 Not Found
2026-09-26 12:46:39 ERROR 404: Not Found.

--2026-09-26 12:46:39--  http://www.saoing.com/RRI-Pro-1-Atambua.html
Reusing existing connection to www.saoing.com:80.
HTTP request sent, awaiting response... 404 Not Found
2026-09-26 12:46:39 ERROR 404: Not Found.

--2026-09-26 12:46:39--  http://www.saoing.com/RRI-Pro-1-Ambon.html
Reusing existing connection to www.saoing.com:80.
HTTP request sent, awaiting response... 404 Not Found
2026-09-26 12:46:39 ERROR 404: Not Found.

--2026-09-26 12:46:39--  http://www.saoing.com/RRI-Pro-1-Banjarmasin.html
Reusing existing connection to www.saoing.com:80.
HTTP request sent, awaiting response... 404 Not Found
2026-09-26 12:46:39 ERROR 404: Not Found.

--2026-09-26 12:46:39--  http://www.saoing.com/RRI-Pro-1-Surabaya.html
Reusing existing connection to www.saoing.com:80.
HTTP request sent, awaiting response... 404 Not Found
2026-09-26 12:46:39 ERROR 404: Not Found.

--2026-09-26 12:46:39--  http://www.saoing.com/RRI-Pro-1-Fak-Fak.html
Reusing existing connection to www.saoing.com:80.
HTTP request sent, awaiting response... 404 Not Found
2026-09-26 12:46:39 ERROR 404: Not Found.

--2026-09-26 12:46:39--  http://www.saoing.com/RRI-Pro-1-Bengkulu.html
Reusing existing connection to www.saoing.com:80.
HTTP request sent, awaiting response... 404 Not Found
2026-09-26 12:46:39 ERROR 404: Not Found.

--2026-09-26 12:46:39--  http://www.saoing.com/RRI-Pro-1-Jakarta.html
Reusing existing connection to www.saoing.com:80.
HTTP request sent, awaiting response... 404 Not Found
2026-09-26 12:46:39 ERROR 404: Not Found.

--2026-09-26 12:46:39--  http://www.saoing.com/RRI-Pro-4-Jakarta.html
Reusing existing connection to www.saoing.com:80.
HTTP request sent, awaiting response... 404 Not Found
2026-09-26 12:46:39 ERROR 404: Not Found.

--2026-09-26 12:46:39--  http://www.saoing.com/RRI-Pro-2-Jakarta.html
Reusing existing connection to www.saoing.com:80.
HTTP request sent, awaiting response... 404 Not Found
2026-09-26 12:46:39 ERROR 404: Not Found.

--2026-09-26 12:46:39--  http://www.saoing.com/RRI-Pro-1-Makassar.html
Reusing existing connection to www.saoing.com:80.
HTTP request sent, awaiting response... 404 Not Found
2026-09-26 12:46:40 ERROR 404: Not Found.

--2026-09-26 12:46:40--  http://www.saoing.com/RRI-Pro-1-Ende.html
Reusing existing connection to www.saoing.com:80.
HTTP request sent, awaiting response... 404 Not Found
2026-09-26 12:46:40 ERROR 404: Not Found.

--2026-09-26 12:46:40--  http://www.saoing.com/RRI-Pro-1-Merauke.html
Reusing existing connection to www.saoing.com:80.
HTTP request sent, awaiting response... 404 Not Found
2026-09-26 12:46:40 ERROR 404: Not Found.

--2026-09-26 12:46:40--  http://www.saoing.com/RRI-Pro-1-Sorong.html
Reusing existing connection to www.saoing.com:80.
HTTP request sent, awaiting response... 404 Not Found
2026-09-26 12:46:40 ERROR 404: Not Found.

--2026-09-26 12:46:40--  http://www.saoing.com/Voice-of-Indonesia.html
Reusing existing connection to www.saoing.com:80.
HTTP request sent, awaiting response... 404 Not Found
2026-09-26 12:46:40 ERROR 404: Not Found.

--2026-09-26 12:46:40--  http://www.saoing.com/RRI-Pro-4-Makassar.html
Reusing existing connection to www.saoing.com:80.
HTTP request sent, awaiting response... 404 Not Found
2026-09-26 12:46:40 ERROR 404: Not Found.

--2026-09-26 12:46:40--  http://www.saoing.com/RRI-Pro-1-Tual.html
Reusing existing connection to www.saoing.com:80.
HTTP request sent, awaiting response... 404 Not Found
2026-09-26 12:46:40 ERROR 404: Not Found.

--2026-09-26 12:46:40--  http://www.saoing.com/RRI-Pro-1-Gorontalo.html
Reusing existing connection to www.saoing.com:80.
HTTP request sent, awaiting response... 404 Not Found
2026-09-26 12:46:40 ERROR 404: Not Found.

--2026-09-26 12:46:40--  http://www.saoing.com/RRI-Pro-1-Nunukan.html
Reusing existing connection to www.saoing.com:80.
HTTP request sent, awaiting response... 404 Not Found
2026-09-26 12:46:40 ERROR 404: Not Found.

--2026-09-26 12:46:40--  http://www.saoing.com/RRI-Pro-1-Kupang.html
Reusing existing connection to www.saoing.com:80.
HTTP request sent, awaiting response... 404 Not Found
2026-09-26 12:46:40 ERROR 404: Not Found.

--2026-09-26 12:46:40--  http://www.saoing.com/RRI-Pro-1-Pontianak.html
Reusing existing connection to www.saoing.com:80.
HTTP request sent, awaiting response... 404 Not Found
2026-09-26 12:46:40 ERROR 404: Not Found.

--2026-09-26 12:46:40--  http://www.saoing.com/RRI-Pro-1-Wamena.html
Reusing existing connection to www.saoing.com:80.
HTTP request sent, awaiting response... 404 Not Found
2026-09-26 12:46:40 ERROR 404: Not Found.

--2026-09-26 12:46:40--  http://www.saoing.com/RRI-Pro-1-Sungailiat.html
Reusing existing connection to www.saoing.com:80.
HTTP request sent, awaiting response... 404 Not Found
2026-09-26 12:46:40 ERROR 404: Not Found.

--2026-09-26 12:46:40--  http://www.saoing.com/RRI-Pro-1-Manokwari.html
Reusing existing connection to www.saoing.com:80.
HTTP request sent, awaiting response... 404 Not Found
2026-09-26 12:46:40 ERROR 404: Not Found.

--2026-09-26 12:46:40--  http://www.saoing.com/RRI-Pro-1-Jayapura.html
Reusing existing connection to www.saoing.com:80.
HTTP request sent, awaiting response... 404 Not Found
2026-09-26 12:46:40 ERROR 404: Not Found.

--2026-09-26 12:46:40--  http://www.saoing.com/RRI-Pro-1-Gunung-Sitoli.html
Reusing existing connection to www.saoing.com:80.
HTTP request sent, awaiting response... 404 Not Found
2026-09-26 12:46:40 ERROR 404: Not Found.

--2026-09-26 12:46:40--  http://www.saoing.com/RRI-Pro-1-Bogor.html
Reusing existing connection to www.saoing.com:80.
HTTP request sent, awaiting response... 404 Not Found
2026-09-26 12:46:40 ERROR 404: Not Found.

--2026-09-26 12:46:40--  http://www.saoing.com/RRI-Pro-1-Nabire.html
Reusing existing connection to www.saoing.com:80.
HTTP request sent, awaiting response... 404 Not Found
2026-09-26 12:46:40 ERROR 404: Not Found.

--2026-09-26 12:46:40--  http://www.saoing.com/RRI-Pro-1-Banten.html
Reusing existing connection to www.saoing.com:80.
HTTP request sent, awaiting response... 404 Not Found
2026-09-26 12:46:41 ERROR 404: Not Found.

--2026-09-26 12:46:41--  http://www.saoing.com/RRI-Pro-1-Biak.html
Reusing existing connection to www.saoing.com:80.
HTTP request sent, awaiting response... 404 Not Found
2026-09-26 12:46:41 ERROR 404: Not Found.

--2026-09-26 12:46:41--  http://www.saoing.com/RRI-Pro-1-Entikong.html
Reusing existing connection to www.saoing.com:80.
HTTP request sent, awaiting response... 404 Not Found
2026-09-26 12:46:41 ERROR 404: Not Found.

--2026-09-26 12:46:41--  http://www.saoing.com/RRI-Pro-1-Bukittinggi.html
Reusing existing connection to www.saoing.com:80.
HTTP request sent, awaiting response... 404 Not Found
2026-09-26 12:46:41 ERROR 404: Not Found.

--2026-09-26 12:46:41--  http://www.saoing.com/RRI-Pro-1-Sumenep.html
Reusing existing connection to www.saoing.com:80.
HTTP request sent, awaiting response... 404 Not Found
2026-09-26 12:46:41 ERROR 404: Not Found.

--2026-09-26 12:46:41--  http://www.saoing.com/RRI-Pro-1-Lhokseumave.html
Reusing existing connection to www.saoing.com:80.
HTTP request sent, awaiting response... 404 Not Found
2026-09-26 12:46:41 ERROR 404: Not Found.

--2026-09-26 12:46:41--  http://www.saoing.com/RRI-Pro-1-Takengon.html
Reusing existing connection to www.saoing.com:80.
HTTP request sent, awaiting response... 404 Not Found
2026-09-26 12:46:41 ERROR 404: Not Found.

--2026-09-26 12:46:41--  http://www.saoing.com/RRI-Pro-1-Serui.html
Reusing existing connection to www.saoing.com:80.
HTTP request sent, awaiting response... 404 Not Found
2026-09-26 12:46:41 ERROR 404: Not Found.

--2026-09-26 12:46:41--  http://www.saoing.com/RRI-Pro-1-Tahuna.html
Reusing existing connection to www.saoing.com:80.
HTTP request sent, awaiting response... 404 Not Found
2026-09-26 12:46:41 ERROR 404: Not Found.

--2026-09-26 12:46:41--  http://www.saoing.com/RRI-Pro-1-Yogyakarta.html
Reusing existing connection to www.saoing.com:80.
HTTP request sent, awaiting response... 404 Not Found
2026-09-26 12:46:41 ERROR 404: Not Found.

--2026-09-26 12:46:41--  http://www.saoing.com/RRI-Pro-1-Purwokerto.html
Reusing existing connection to www.saoing.com:80.
HTTP request sent, awaiting response... 404 Not Found
2026-09-26 12:46:41 ERROR 404: Not Found.

--2026-09-26 12:46:41--  http://www.saoing.com/RRI-Pro-1-Batam.html
Reusing existing connection to www.saoing.com:80.
HTTP request sent, awaiting response... 404 Not Found
2026-09-26 12:46:41 ERROR 404: Not Found.

--2026-09-26 12:46:41--  http://www.saoing.com/RRI-Channel-5.html
Reusing existing connection to www.saoing.com:80.
HTTP request sent, awaiting response... 404 Not Found
2026-09-26 12:46:41 ERROR 404: Not Found.

--2026-09-26 12:46:41--  http://www.saoing.com/RRI-Pro-2-Tanjung-Pinang.html
Reusing existing connection to www.saoing.com:80.
HTTP request sent, awaiting response... 404 Not Found
2026-09-26 12:46:41 ERROR 404: Not Found.

--2026-09-26 12:46:41--  http://www.saoing.com/id/INews.html
Reusing existing connection to www.saoing.com:80.
HTTP request sent, awaiting response... 404 Not Found
2026-09-26 12:46:41 ERROR 404: Not Found.

--2026-09-26 12:46:41--  http://www.saoing.com/id/RCTI.html
Reusing existing connection to www.saoing.com:80.
HTTP request sent, awaiting response... 404 Not Found
2026-09-26 12:46:41 ERROR 404: Not Found.

--2026-09-26 12:46:41--  http://www.saoing.com/id/GTV.html
Reusing existing connection to www.saoing.com:80.
HTTP request sent, awaiting response... 404 Not Found
2026-09-26 12:46:41 ERROR 404: Not Found.

--2026-09-26 12:46:41--  http://www.saoing.com/ca/Blue-Ant-Extreme.html
Reusing existing connection to www.saoing.com:80.
HTTP request sent, awaiting response... 404 Not Found
2026-09-26 12:46:42 ERROR 404: Not Found.

--2026-09-26 12:46:42--  http://www.saoing.com/us/AXN-East-Asia.html
Reusing existing connection to www.saoing.com:80.
HTTP request sent, awaiting response... 404 Not Found
2026-09-26 12:46:42 ERROR 404: Not Found.

--2026-09-26 12:46:42--  http://www.saoing.com/id/My-Cinema.html
Reusing existing connection to www.saoing.com:80.
HTTP request sent, awaiting response... 404 Not Found
2026-09-26 12:46:42 ERROR 404: Not Found.

--2026-09-26 12:46:42--  http://www.saoing.com/id/Trans-TV.html
Reusing existing connection to www.saoing.com:80.
HTTP request sent, awaiting response... 404 Not Found
2026-09-26 12:46:42 ERROR 404: Not Found.

--2026-09-26 12:46:42--  http://www.saoing.com/id/ANTV.html
Reusing existing connection to www.saoing.com:80.
HTTP request sent, awaiting response... 404 Not Found
2026-09-26 12:46:42 ERROR 404: Not Found.

--2026-09-26 12:46:42--  http://www.saoing.com/id/Trans-7.html
Reusing existing connection to www.saoing.com:80.
HTTP request sent, awaiting response... 404 Not Found
2026-09-26 12:46:42 ERROR 404: Not Found.

--2026-09-26 12:46:42--  http://www.saoing.com/id/SCTV.html
Reusing existing connection to www.saoing.com:80.
HTTP request sent, awaiting response... 404 Not Found
2026-09-26 12:46:42 ERROR 404: Not Found.

--2026-09-26 12:46:42--  http://www.saoing.com/id/MNC-Sports-2.html
Reusing existing connection to www.saoing.com:80.
HTTP request sent, awaiting response... 404 Not Found
2026-09-26 12:46:42 ERROR 404: Not Found.

--2026-09-26 12:46:42--  http://www.saoing.com/id/Indosiar.html
Reusing existing connection to www.saoing.com:80.
HTTP request sent, awaiting response... 404 Not Found
2026-09-26 12:46:42 ERROR 404: Not Found.

--2026-09-26 12:46:42--  http://www.saoing.com/id/NET.html
Reusing existing connection to www.saoing.com:80.
HTTP request sent, awaiting response... 404 Not Found
2026-09-26 12:46:42 ERROR 404: Not Found.

--2026-09-26 12:46:42--  http://www.saoing.com/id/TVRI-Nasional.html
Reusing existing connection to www.saoing.com:80.
HTTP request sent, awaiting response... 404 Not Found
2026-09-26 12:46:42 ERROR 404: Not Found.

--2026-09-26 12:46:42--  http://www.saoing.com/in/Zee-Bioskop.html
Reusing existing connection to www.saoing.com:80.
HTTP request sent, awaiting response... 404 Not Found
2026-09-26 12:46:42 ERROR 404: Not Found.

--2026-09-26 12:46:42--  http://www.saoing.com/nz/ZooMoo-Asia.html
Reusing existing connection to www.saoing.com:80.
HTTP request sent, awaiting response... 404 Not Found
2026-09-26 12:46:42 ERROR 404: Not Found.

--2026-09-26 12:46:42--  http://www.saoing.com/id/Horee.html
Reusing existing connection to www.saoing.com:80.
HTTP request sent, awaiting response... 404 Not Found
2026-09-26 12:46:42 ERROR 404: Not Found.

--2026-09-26 12:46:42--  http://www.saoing.com/id/Citra-Drama.html
Reusing existing connection to www.saoing.com:80.
HTTP request sent, awaiting response... 404 Not Found
2026-09-26 12:46:42 ERROR 404: Not Found.

--2026-09-26 12:46:42--  http://www.saoing.com/id/Citra-Entertainment.html
Reusing existing connection to www.saoing.com:80.
HTTP request sent, awaiting response... 404 Not Found
2026-09-26 12:46:42 ERROR 404: Not Found.

--2026-09-26 12:46:42--  http://www.saoing.com/id/Citra-Dangdut.html
Reusing existing connection to www.saoing.com:80.
HTTP request sent, awaiting response... 404 Not Found
2026-09-26 12:46:42 ERROR 404: Not Found.

--2026-09-26 12:46:42--  http://www.saoing.com/id/Champions-TV-1.html
Reusing existing connection to www.saoing.com:80.
HTTP request sent, awaiting response... 404 Not Found
2026-09-26 12:46:42 ERROR 404: Not Found.

--2026-09-26 12:46:42--  http://www.saoing.com/id/Champions-TV-2.html
Reusing existing connection to www.saoing.com:80.
HTTP request sent, awaiting response... 404 Not Found
2026-09-26 12:46:43 ERROR 404: Not Found.

--2026-09-26 12:46:43--  http://www.saoing.com/id/Champions-TV-3.html
Reusing existing connection to www.saoing.com:80.
HTTP request sent, awaiting response... 404 Not Found
2026-09-26 12:46:43 ERROR 404: Not Found.

--2026-09-26 12:46:43--  http://www.saoing.com/changqiang/53.0-EIRP-KU-ST.htm
Reusing existing connection to www.saoing.com:80.
HTTP request sent, awaiting response... 200 OK
Length: 685 [text/html]
Saving to: ‘webpages-202609261246/www.saoing.com/changqiang/53.0-EIRP-KU-ST.htm’

     0K                                                       100% 79.3M=0s

2026-09-26 12:46:43 (79.3 MB/s) - ‘webpages-202609261246/www.saoing.com/changqiang/53.0-EIRP-KU-ST.htm’ saved [685/685]

--2026-09-26 12:46:43--  http://www.saoing.com/EIRP/108.2-SES-9_NEA.jpg
Reusing existing connection to www.saoing.com:80.
HTTP request sent, awaiting response... 200 OK
Length: 199193 (195K) [image/jpeg]
Saving to: ‘webpages-202609261246/www.saoing.com/EIRP/108.2-SES-9_NEA.jpg’

     0K .......... .......... .......... .......... .......... 25% 1.42G 0s
    50K .......... .......... .......... .......... .......... 51%  216M 0s
   100K .......... .......... .......... .......... .......... 77%  391M 0s
   150K .......... .......... .......... .......... ....      100%  449M=0s

2026-09-26 12:46:43 (394 MB/s) - ‘webpages-202609261246/www.saoing.com/EIRP/108.2-SES-9_NEA.jpg’ saved [199193/199193]

--2026-09-26 12:46:43--  http://www.saoing.com/EIRP/108.2-SES-9_SEA.jpg
Reusing existing connection to www.saoing.com:80.
HTTP request sent, awaiting response... 200 OK
Length: 206608 (202K) [image/jpeg]
Saving to: ‘webpages-202609261246/www.saoing.com/EIRP/108.2-SES-9_SEA.jpg’

     0K .......... .......... .......... .......... .......... 24% 1.29G 0s
    50K .......... .......... .......... .......... .......... 49%  275M 0s
   100K .......... .......... .......... .......... .......... 74%  296M 0s
   150K .......... .......... .......... .......... .......... 99%  355M 0s
   200K .                                                     100% 3.29T=0.001s

2026-09-26 12:46:43 (381 MB/s) - ‘webpages-202609261246/www.saoing.com/EIRP/108.2-SES-9_SEA.jpg’ saved [206608/206608]

--2026-09-26 12:46:43--  http://www.saoing.com/EIRP/108.2ses-7_north_east_asia_ku.jpg
Reusing existing connection to www.saoing.com:80.
HTTP request sent, awaiting response... 200 OK
Length: 94167 (92K) [image/jpeg]
Saving to: ‘webpages-202609261246/www.saoing.com/EIRP/108.2ses-7_north_east_asia_ku.jpg’

     0K .......... .......... .......... .......... .......... 54% 1.71G 0s
    50K .......... .......... .......... .......... .         100%  277M=0s

2026-09-26 12:46:43 (511 MB/s) - ‘webpages-202609261246/www.saoing.com/EIRP/108.2ses-7_north_east_asia_ku.jpg’ saved [94167/94167]

--2026-09-26 12:46:43--  http://www.saoing.com/EIRP/108.2ses-7_south_asia_ku.jpg
Reusing existing connection to www.saoing.com:80.
HTTP request sent, awaiting response... 200 OK
Length: 109119 (107K) [image/jpeg]
Saving to: ‘webpages-202609261246/www.saoing.com/EIRP/108.2ses-7_south_asia_ku.jpg’

     0K .......... .......... .......... .......... .......... 46%  998M 0s
    50K .......... .......... .......... .......... .......... 93%  314M 0s
   100K ......                                                100% 12.2T=0s

2026-09-26 12:46:43 (509 MB/s) - ‘webpages-202609261246/www.saoing.com/EIRP/108.2ses-7_south_asia_ku.jpg’ saved [109119/109119]

--2026-09-26 12:46:43--  http://www.saoing.com/SCTV.html
Reusing existing connection to www.saoing.com:80.
HTTP request sent, awaiting response... 404 Not Found
2026-09-26 12:46:43 ERROR 404: Not Found.

--2026-09-26 12:46:43--  http://www.saoing.com/Indosiar.html
Reusing existing connection to www.saoing.com:80.
HTTP request sent, awaiting response... 404 Not Found
2026-09-26 12:46:43 ERROR 404: Not Found.

--2026-09-26 12:46:43--  http://www.saoing.com/TVRI-Nasional.html
Reusing existing connection to www.saoing.com:80.
HTTP request sent, awaiting response... 404 Not Found
2026-09-26 12:46:43 ERROR 404: Not Found.

--2026-09-26 12:46:43--  http://www.saoing.com/TVOne.html
Reusing existing connection to www.saoing.com:80.
HTTP request sent, awaiting response... 404 Not Found
2026-09-26 12:46:43 ERROR 404: Not Found.

--2026-09-26 12:46:43--  http://www.saoing.com/NET.html
Reusing existing connection to www.saoing.com:80.
HTTP request sent, awaiting response... 404 Not Found
2026-09-26 12:46:43 ERROR 404: Not Found.

--2026-09-26 12:46:43--  http://www.saoing.com/Rajawali-TV.html
Reusing existing connection to www.saoing.com:80.
HTTP request sent, awaiting response... 404 Not Found
2026-09-26 12:46:43 ERROR 404: Not Found.

--2026-09-26 12:46:43--  http://www.saoing.com/Kompas-TV.html
Reusing existing connection to www.saoing.com:80.
HTTP request sent, awaiting response... 404 Not Found
2026-09-26 12:46:43 ERROR 404: Not Found.

--2026-09-26 12:46:43--  http://www.saoing.com/Metro-TV.html
Reusing existing connection to www.saoing.com:80.
HTTP request sent, awaiting response... 404 Not Found
2026-09-26 12:46:43 ERROR 404: Not Found.

--2026-09-26 12:46:43--  http://www.saoing.com/Trans-TV.html
Reusing existing connection to www.saoing.com:80.
HTTP request sent, awaiting response... 404 Not Found
2026-09-26 12:46:43 ERROR 404: Not Found.

--2026-09-26 12:46:43--  http://www.saoing.com/Trans-7.html
Reusing existing connection to www.saoing.com:80.
HTTP request sent, awaiting response... 404 Not Found
2026-09-26 12:46:43 ERROR 404: Not Found.

--2026-09-26 12:46:43--  http://www.saoing.com/ANTV.html
Reusing existing connection to www.saoing.com:80.
HTTP request sent, awaiting response... 404 Not Found
2026-09-26 12:46:43 ERROR 404: Not Found.

--2026-09-26 12:46:43--  http://www.saoing.com/Horee.html
Reusing existing connection to www.saoing.com:80.
HTTP request sent, awaiting response... 404 Not Found
2026-09-26 12:46:44 ERROR 404: Not Found.

--2026-09-26 12:46:44--  http://www.saoing.com/Citra-Drama.html
Reusing existing connection to www.saoing.com:80.
HTTP request sent, awaiting response... 404 Not Found
2026-09-26 12:46:44 ERROR 404: Not Found.

--2026-09-26 12:46:44--  http://www.saoing.com/Citra-Dangdut.html
Reusing existing connection to www.saoing.com:80.
HTTP request sent, awaiting response... 404 Not Found
2026-09-26 12:46:44 ERROR 404: Not Found.

--2026-09-26 12:46:44--  http://www.saoing.com/Citra-Muslim.html
Reusing existing connection to www.saoing.com:80.
HTTP request sent, awaiting response... 404 Not Found
2026-09-26 12:46:44 ERROR 404: Not Found.

--2026-09-26 12:46:44--  http://www.saoing.com/Citra-Bioskop.html
Reusing existing connection to www.saoing.com:80.
HTTP request sent, awaiting response... 404 Not Found
2026-09-26 12:46:44 ERROR 404: Not Found.

--2026-09-26 12:46:44--  http://www.saoing.com/Citra-Drama-Plus.html
Reusing existing connection to www.saoing.com:80.
HTTP request sent, awaiting response... 404 Not Found
2026-09-26 12:46:44 ERROR 404: Not Found.

--2026-09-26 12:46:44--  http://www.saoing.com/Champions-TV-1.html
Reusing existing connection to www.saoing.com:80.
HTTP request sent, awaiting response... 404 Not Found
2026-09-26 12:46:44 ERROR 404: Not Found.

--2026-09-26 12:46:44--  http://www.saoing.com/Champions-TV-2.html
Reusing existing connection to www.saoing.com:80.
HTTP request sent, awaiting response... 404 Not Found
2026-09-26 12:46:44 ERROR 404: Not Found.

--2026-09-26 12:46:44--  http://www.saoing.com/RCTI.html
Reusing existing connection to www.saoing.com:80.
HTTP request sent, awaiting response... 404 Not Found
2026-09-26 12:46:44 ERROR 404: Not Found.

--2026-09-26 12:46:44--  http://www.saoing.com/MNC-TV.html
Reusing existing connection to www.saoing.com:80.
HTTP request sent, awaiting response... 404 Not Found
2026-09-26 12:46:44 ERROR 404: Not Found.

--2026-09-26 12:46:44--  http://www.saoing.com/GTV.html
Reusing existing connection to www.saoing.com:80.
HTTP request sent, awaiting response... 404 Not Found
2026-09-26 12:46:44 ERROR 404: Not Found.

--2026-09-26 12:46:44--  http://www.saoing.com/INews.html
Reusing existing connection to www.saoing.com:80.
HTTP request sent, awaiting response... 404 Not Found
2026-09-26 12:46:44 ERROR 404: Not Found.

--2026-09-26 12:46:44--  http://www.saoing.com/Hip-Hip-Horee.html
Reusing existing connection to www.saoing.com:80.
HTTP request sent, awaiting response... 404 Not Found
2026-09-26 12:46:44 ERROR 404: Not Found.

--2026-09-26 12:46:44--  http://www.saoing.com/EIRP/42-ku-east.jpg
Reusing existing connection to www.saoing.com:80.
HTTP request sent, awaiting response... 200 OK
Length: 96905 (95K) [image/jpeg]
Saving to: ‘webpages-202609261246/www.saoing.com/EIRP/42-ku-east.jpg’

     0K .......... .......... .......... .......... .......... 52%  993M 0s
    50K .......... .......... .......... .......... ....      100%  260M=0s

2026-09-26 12:46:44 (426 MB/s) - ‘webpages-202609261246/www.saoing.com/EIRP/42-ku-east.jpg’ saved [96905/96905]

--2026-09-26 12:46:44--  http://www.saoing.com/EIRP/45-Ku-SriLanka.jpg
Reusing existing connection to www.saoing.com:80.
HTTP request sent, awaiting response... 200 OK
Length: 159186 (155K) [image/jpeg]
Saving to: ‘webpages-202609261246/www.saoing.com/EIRP/45-Ku-SriLanka.jpg’

     0K .......... .......... .......... .......... .......... 32%  606M 0s
    50K .......... .......... .......... .......... .......... 64%  286M 0s
   100K .......... .......... .......... .......... .......... 96%  376M 0s
   150K .....                                                 100% 10.2T=0s

2026-09-26 12:46:44 (399 MB/s) - ‘webpages-202609261246/www.saoing.com/EIRP/45-Ku-SriLanka.jpg’ saved [159186/159186]

--2026-09-26 12:46:44--  http://www.saoing.com/EIRP/110.5-C.jpg
Reusing existing connection to www.saoing.com:80.
HTTP request sent, awaiting response... 200 OK
Length: 326749 (319K) [image/jpeg]
Saving to: ‘webpages-202609261246/www.saoing.com/EIRP/110.5-C.jpg’

     0K .......... .......... .......... .......... .......... 15% 1.06G 0s
    50K .......... .......... .......... .......... .......... 31%  282M 0s
   100K .......... .......... .......... .......... .......... 47%  306M 0s
   150K .......... .......... .......... .......... .......... 62%  342M 0s
   200K .......... .......... .......... .......... .......... 78% 93.1T 0s
   250K .......... .......... .......... .......... .......... 94%  222M 0s
   300K .......... .........                                  100% 35.6T=0.001s

2026-09-26 12:46:44 (421 MB/s) - ‘webpages-202609261246/www.saoing.com/EIRP/110.5-C.jpg’ saved [326749/326749]

--2026-09-26 12:46:44--  http://www.saoing.com/EIRP/110.5-ku.jpg
Reusing existing connection to www.saoing.com:80.
HTTP request sent, awaiting response... 200 OK
Length: 278271 (272K) [image/jpeg]
Saving to: ‘webpages-202609261246/www.saoing.com/EIRP/110.5-ku.jpg’

     0K .......... .......... .......... .......... .......... 18% 1.89G 0s
    50K .......... .......... .......... .......... .......... 36%  272M 0s
   100K .......... .......... .......... .......... .......... 55%  300M 0s
   150K .......... .......... .......... .......... .......... 73%  307M 0s
   200K .......... .......... .......... .......... .......... 91%  333M 0s
   250K .......... .......... .                               100% 40.5T=0.001s

2026-09-26 12:46:44 (394 MB/s) - ‘webpages-202609261246/www.saoing.com/EIRP/110.5-ku.jpg’ saved [278271/278271]

--2026-09-26 12:46:44--  http://www.saoing.com/EIRP/113MN.jpg
Reusing existing connection to www.saoing.com:80.
HTTP request sent, awaiting response... 200 OK
Length: 75796 (74K) [image/jpeg]
Saving to: ‘webpages-202609261246/www.saoing.com/EIRP/113MN.jpg’

     0K .......... .......... .......... .......... .......... 67%  957M 0s
    50K .......... .......... ....                            100%  148M=0s

2026-09-26 12:46:45 (345 MB/s) - ‘webpages-202609261246/www.saoing.com/EIRP/113MN.jpg’ saved [75796/75796]

--2026-09-26 12:46:45--  http://www.saoing.com/EIRP/115.5.JPG
Reusing existing connection to www.saoing.com:80.
HTTP request sent, awaiting response... 200 OK
Length: 90544 (88K) [image/jpeg]
Saving to: ‘webpages-202609261246/www.saoing.com/EIRP/115.5.JPG’

     0K .......... .......... .......... .......... .......... 56% 1.02G 0s
    50K .......... .......... .......... ........             100%  263M=0s

2026-09-26 12:46:45 (456 MB/s) - ‘webpages-202609261246/www.saoing.com/EIRP/115.5.JPG’ saved [90544/90544]

--2026-09-26 12:46:45--  http://www.saoing.com/changqiang/116.0-7-EIRP-Philippines.htm
Reusing existing connection to www.saoing.com:80.
HTTP request sent, awaiting response... 200 OK
Length: 689 [text/html]
Saving to: ‘webpages-202609261246/www.saoing.com/changqiang/116.0-7-EIRP-Philippines.htm’

     0K                                                       100% 86.5M=0s

2026-09-26 12:46:45 (86.5 MB/s) - ‘webpages-202609261246/www.saoing.com/changqiang/116.0-7-EIRP-Philippines.htm’ saved [689/689]

--2026-09-26 12:46:45--  http://www.saoing.com/changqiang/51.5EIRP-C-nanfei.htm
Reusing existing connection to www.saoing.com:80.
HTTP request sent, awaiting response... 200 OK
Length: 742 [text/html]
Saving to: ‘webpages-202609261246/www.saoing.com/changqiang/51.5EIRP-C-nanfei.htm’

     0K                                                       100%  106M=0s

2026-09-26 12:46:45 (106 MB/s) - ‘webpages-202609261246/www.saoing.com/changqiang/51.5EIRP-C-nanfei.htm’ saved [742/742]

--2026-09-26 12:46:45--  http://www.saoing.com/EIRP/52.0-east.jpg
Reusing existing connection to www.saoing.com:80.
HTTP request sent, awaiting response... 200 OK
Length: 114863 (112K) [image/jpeg]
Saving to: ‘webpages-202609261246/www.saoing.com/EIRP/52.0-east.jpg’

     0K .......... .......... .......... .......... .......... 44% 1.06G 0s
    50K .......... .......... .......... .......... .......... 89%  271M 0s
   100K .......... ..                                         100% 22.7T=0s

2026-09-26 12:46:45 (486 MB/s) - ‘webpages-202609261246/www.saoing.com/EIRP/52.0-east.jpg’ saved [114863/114863]

--2026-09-26 12:46:45--  http://www.saoing.com/changqiang/119.1EIRP-C.htm
Reusing existing connection to www.saoing.com:80.
HTTP request sent, awaiting response... 200 OK
Length: 728 [text/html]
Saving to: ‘webpages-202609261246/www.saoing.com/changqiang/119.1EIRP-C.htm’

     0K                                                       100% 86.7M=0s

2026-09-26 12:46:45 (86.7 MB/s) - ‘webpages-202609261246/www.saoing.com/changqiang/119.1EIRP-C.htm’ saved [728/728]

--2026-09-26 12:46:45--  http://www.saoing.com/changqiang/119.1EIRP-KU1.htm
Reusing existing connection to www.saoing.com:80.
HTTP request sent, awaiting response... 200 OK
Length: 754 [text/html]
Saving to: ‘webpages-202609261246/www.saoing.com/changqiang/119.1EIRP-KU1.htm’

     0K                                                       100% 97.1M=0s

2026-09-26 12:46:45 (97.1 MB/s) - ‘webpages-202609261246/www.saoing.com/changqiang/119.1EIRP-KU1.htm’ saved [754/754]

--2026-09-26 12:46:45--  http://www.saoing.com/EIRP/52.5-ku-East.jpg
Reusing existing connection to www.saoing.com:80.
HTTP request sent, awaiting response... 200 OK
Length: 41634 (41K) [image/jpeg]
Saving to: ‘webpages-202609261246/www.saoing.com/EIRP/52.5-ku-East.jpg’

     0K .......... .......... .......... ..........           100%  252M=0s

2026-09-26 12:46:45 (252 MB/s) - ‘webpages-202609261246/www.saoing.com/EIRP/52.5-ku-East.jpg’ saved [41634/41634]

--2026-09-26 12:46:45--  http://www.saoing.com/EIRP/120_c-band_global-beam.jpg
Reusing existing connection to www.saoing.com:80.
HTTP request sent, awaiting response... 200 OK
Length: 191493 (187K) [image/jpeg]
Saving to: ‘webpages-202609261246/www.saoing.com/EIRP/120_c-band_global-beam.jpg’

     0K .......... .......... .......... .......... .......... 26% 1.01G 0s
    50K .......... .......... .......... .......... .......... 53%  273M 0s
   100K .......... .......... .......... .......... .......... 80%  345M 0s
   150K .......... .......... .......... .......              100% 68.9T=0s

2026-09-26 12:46:45 (497 MB/s) - ‘webpages-202609261246/www.saoing.com/EIRP/120_c-band_global-beam.jpg’ saved [191493/191493]

--2026-09-26 12:46:45--  http://www.saoing.com/changqiang/90.0EIRP-401-KU2.htm
Reusing existing connection to www.saoing.com:80.
HTTP request sent, awaiting response... 200 OK
Length: 579 [text/html]
Saving to: ‘webpages-202609261246/www.saoing.com/changqiang/90.0EIRP-401-KU2.htm’

     0K                                                       100% 71.6M=0s

2026-09-26 12:46:45 (71.6 MB/s) - ‘webpages-202609261246/www.saoing.com/changqiang/90.0EIRP-401-KU2.htm’ saved [579/579]

--2026-09-26 12:46:45--  http://www.saoing.com/EIRP/122-9-C.jpg
Reusing existing connection to www.saoing.com:80.
HTTP request sent, awaiting response... 200 OK
Length: 1120175 (1.1M) [image/jpeg]
Saving to: ‘webpages-202609261246/www.saoing.com/EIRP/122-9-C.jpg’

     0K .......... .......... .......... .......... ..........  4% 1016M 0s
    50K .......... .......... .......... .......... ..........  9%  270M 0s
   100K .......... .......... .......... .......... .......... 13%  307M 0s
   150K .......... .......... .......... .......... .......... 18%  328M 0s
   200K .......... .......... .......... .......... .......... 22% 93.1T 0s
   250K .......... .......... .......... .......... .......... 27%  408M 0s
   300K .......... .......... .......... .......... .......... 31%  328M 0s
   350K .......... .......... .......... .......... .......... 36%  293M 0s
   400K .......... .......... .......... .......... .......... 41%  348M 0s
   450K .......... .......... .......... .......... .......... 45%  382M 0s
   500K .......... .......... .......... .......... .......... 50%  421M 0s
   550K .......... .......... .......... .......... .......... 54%  387M 0s
   600K .......... .......... .......... .......... .......... 59%  363M 0s
   650K .......... .......... .......... .......... .......... 63%  316M 0s
   700K .......... .......... .......... .......... .......... 68%  350M 0s
   750K .......... .......... .......... .......... .......... 73%  397M 0s
   800K .......... .......... .......... .......... .......... 77% 93.1T 0s
   850K .......... .......... .......... .......... .......... 82%  230M 0s
   900K .......... .......... .......... .......... .......... 86%  578M 0s
   950K .......... .......... .......... .......... .......... 91%  487M 0s
  1000K .......... .......... .......... .......... .......... 95%  272M 0s
  1050K .......... .......... .......... .......... ...       100%  543M=0.003s

2026-09-26 12:46:45 (397 MB/s) - ‘webpages-202609261246/www.saoing.com/EIRP/122-9-C.jpg’ saved [1120175/1120175]

--2026-09-26 12:46:45--  http://www.saoing.com/EIRP/138-5C-Ku-Band-China-01_s.jpg
Reusing existing connection to www.saoing.com:80.
HTTP request sent, awaiting response... 200 OK
Length: 129402 (126K) [image/jpeg]
Saving to: ‘webpages-202609261246/www.saoing.com/EIRP/138-5C-Ku-Band-China-01_s.jpg’

     0K .......... .......... .......... .......... .......... 39% 1.03G 0s
    50K .......... .......... .......... .......... .......... 79%  273M 0s
   100K .......... .......... ......                          100% 49.1T=0s

2026-09-26 12:46:45 (549 MB/s) - ‘webpages-202609261246/www.saoing.com/EIRP/138-5C-Ku-Band-China-01_s.jpg’ saved [129402/129402]

--2026-09-26 12:46:45--  http://www.saoing.com/EIRP/122-9-ku-EA.jpg
Reusing existing connection to www.saoing.com:80.
HTTP request sent, awaiting response... 200 OK
Length: 947325 (925K) [image/jpeg]
Saving to: ‘webpages-202609261246/www.saoing.com/EIRP/122-9-ku-EA.jpg’

     0K .......... .......... .......... .......... ..........  5%  685M 0s
    50K .......... .......... .......... .......... .......... 10%  300M 0s
   100K .......... .......... .......... .......... .......... 16%  446M 0s
   150K .......... .......... .......... .......... .......... 21%  399M 0s
   200K .......... .......... .......... .......... .......... 27% 93.1T 0s
   250K .......... .......... .......... .......... .......... 32%  321M 0s
   300K .......... .......... .......... .......... .......... 37%  718M 0s
   350K .......... .......... .......... .......... .......... 43%  589M 0s
   400K .......... .......... .......... .......... .......... 48%  176M 0s
   450K .......... .......... .......... .......... .......... 54%  605M 0s
   500K .......... .......... .......... .......... .......... 59%  447M 0s
   550K .......... .......... .......... .......... .......... 64%  440M 0s
   600K .......... .......... .......... .......... .......... 70%  239M 0s
   650K .......... .......... .......... .......... .......... 75%  499M 0s
   700K .......... .......... .......... .......... .......... 81%  446M 0s
   750K .......... .......... .......... .......... .......... 86%  410M 0s
   800K .......... .......... .......... .......... .......... 91% 93.1T 0s
   850K .......... .......... .......... .......... .......... 97%  366M 0s
   900K .......... .......... .....                           100%  191M=0.002s

2026-09-26 12:46:45 (422 MB/s) - ‘webpages-202609261246/www.saoing.com/EIRP/122-9-ku-EA.jpg’ saved [947325/947325]

--2026-09-26 12:46:45--  http://www.saoing.com/changqiang/124.0EIRP.htm
Reusing existing connection to www.saoing.com:80.
HTTP request sent, awaiting response... 200 OK
Length: 466 [text/html]
Saving to: ‘webpages-202609261246/www.saoing.com/changqiang/124.0EIRP.htm’

     0K                                                       100% 57.8M=0s

2026-09-26 12:46:45 (57.8 MB/s) - ‘webpages-202609261246/www.saoing.com/changqiang/124.0EIRP.htm’ saved [466/466]

--2026-09-26 12:46:45--  http://www.saoing.com/EIRP/125-C.JPG
Reusing existing connection to www.saoing.com:80.
HTTP request sent, awaiting response... 200 OK
Length: 88263 (86K) [image/jpeg]
Saving to: ‘webpages-202609261246/www.saoing.com/EIRP/125-C.JPG’

     0K .......... .......... .......... .......... .......... 58% 1.02G 0s
    50K .......... .......... .......... ......               100%  218M=0s

2026-09-26 12:46:45 (403 MB/s) - ‘webpages-202609261246/www.saoing.com/EIRP/125-C.JPG’ saved [88263/88263]

--2026-09-26 12:46:45--  http://www.saoing.com/EIRP/125-ku-china.jpg
Reusing existing connection to www.saoing.com:80.
HTTP request sent, awaiting response... 200 OK
Length: 85457 (83K) [image/jpeg]
Saving to: ‘webpages-202609261246/www.saoing.com/EIRP/125-ku-china.jpg’

     0K .......... .......... .......... .......... .......... 59% 1.02G 0s
    50K .......... .......... .......... ...                  100%  235M=0s

2026-09-26 12:46:45 (438 MB/s) - ‘webpages-202609261246/www.saoing.com/EIRP/125-ku-china.jpg’ saved [85457/85457]

--2026-09-26 12:46:45--  http://www.saoing.com/EIRP/57_global_c_band_beam_M.jpg
Reusing existing connection to www.saoing.com:80.
HTTP request sent, awaiting response... 200 OK
Length: 117657 (115K) [image/jpeg]
Saving to: ‘webpages-202609261246/www.saoing.com/EIRP/57_global_c_band_beam_M.jpg’

     0K .......... .......... .......... .......... .......... 43%  663M 0s
    50K .......... .......... .......... .......... .......... 87%  319M 0s
   100K .......... ....                                       100% 27.8T=0s

2026-09-26 12:46:46 (495 MB/s) - ‘webpages-202609261246/www.saoing.com/EIRP/57_global_c_band_beam_M.jpg’ saved [117657/117657]

--2026-09-26 12:46:46--  http://www.saoing.com/EIRP/57_nss-12_south_asia_ku_band_beam_M.jpg
Reusing existing connection to www.saoing.com:80.
HTTP request sent, awaiting response... 200 OK
Length: 102068 (100K) [image/jpeg]
Saving to: ‘webpages-202609261246/www.saoing.com/EIRP/57_nss-12_south_asia_ku_band_beam_M.jpg’

     0K .......... .......... .......... .......... .......... 50% 1.04G 0s
    50K .......... .......... .......... .......... ......... 100%  264M=0s

2026-09-26 12:46:46 (424 MB/s) - ‘webpages-202609261246/www.saoing.com/EIRP/57_nss-12_south_asia_ku_band_beam_M.jpg’ saved [102068/102068]

--2026-09-26 12:46:46--  http://www.saoing.com/changqiang/128.0EIRP-c.htm
Reusing existing connection to www.saoing.com:80.
HTTP request sent, awaiting response... 200 OK
Length: 424 [text/html]
Saving to: ‘webpages-202609261246/www.saoing.com/changqiang/128.0EIRP-c.htm’

     0K                                                       100% 45.9M=0s

2026-09-26 12:46:46 (45.9 MB/s) - ‘webpages-202609261246/www.saoing.com/changqiang/128.0EIRP-c.htm’ saved [424/424]

--2026-09-26 12:46:46--  http://www.saoing.com/changqiang/128.0EIRP-ku.htm
Reusing existing connection to www.saoing.com:80.
HTTP request sent, awaiting response... 200 OK
Length: 430 [text/html]
Saving to: ‘webpages-202609261246/www.saoing.com/changqiang/128.0EIRP-ku.htm’

     0K                                                       100% 47.0M=0s

2026-09-26 12:46:46 (47.0 MB/s) - ‘webpages-202609261246/www.saoing.com/changqiang/128.0EIRP-ku.htm’ saved [430/430]

--2026-09-26 12:46:46--  http://www.saoing.com/EIRP/62-C-Hemi.jpg
Reusing existing connection to www.saoing.com:80.
HTTP request sent, awaiting response... 200 OK
Length: 239461 (234K) [image/jpeg]
Saving to: ‘webpages-202609261246/www.saoing.com/EIRP/62-C-Hemi.jpg’

     0K .......... .......... .......... .......... .......... 21% 1.32G 0s
    50K .......... .......... .......... .......... .......... 42%  288M 0s
   100K .......... .......... .......... .......... .......... 64%  393M 0s
   150K .......... .......... .......... .......... .......... 85%  404M 0s
   200K .......... .......... .......... ...                  100% 63.0T=0s

2026-09-26 12:46:46 (507 MB/s) - ‘webpages-202609261246/www.saoing.com/EIRP/62-C-Hemi.jpg’ saved [239461/239461]

--2026-09-26 12:46:46--  http://www.saoing.com/changqiang/70.5EIRP-wide.htm
Reusing existing connection to www.saoing.com:80.
HTTP request sent, awaiting response... 200 OK
Length: 411 [text/html]
Saving to: ‘webpages-202609261246/www.saoing.com/changqiang/70.5EIRP-wide.htm’

     0K                                                       100% 61.4M=0s

2026-09-26 12:46:46 (61.4 MB/s) - ‘webpages-202609261246/www.saoing.com/changqiang/70.5EIRP-wide.htm’ saved [411/411]

--2026-09-26 12:46:46--  http://www.saoing.com/EIRP/62-KU-S3.jpg
Reusing existing connection to www.saoing.com:80.
HTTP request sent, awaiting response... 200 OK
Length: 197251 (193K) [image/jpeg]
Saving to: ‘webpages-202609261246/www.saoing.com/EIRP/62-KU-S3.jpg’

     0K .......... .......... .......... .......... .......... 25% 1.11G 0s
    50K .......... .......... .......... .......... .......... 51%  277M 0s
   100K .......... .......... .......... .......... .......... 77%  321M 0s
   150K .......... .......... .......... .......... ..        100%  331M=0s

2026-09-26 12:46:46 (378 MB/s) - ‘webpages-202609261246/www.saoing.com/EIRP/62-KU-S3.jpg’ saved [197251/197251]

--2026-09-26 12:46:46--  http://www.saoing.com/changqiang/65.0EIRP-india.htm
Reusing existing connection to www.saoing.com:80.
HTTP request sent, awaiting response... 200 OK
Length: 762 [text/html]
Saving to: ‘webpages-202609261246/www.saoing.com/changqiang/65.0EIRP-india.htm’

     0K                                                       100% 86.2M=0s

2026-09-26 12:46:46 (86.2 MB/s) - ‘webpages-202609261246/www.saoing.com/changqiang/65.0EIRP-india.htm’ saved [762/762]

--2026-09-26 12:46:46--  http://www.saoing.com/changqiang/128.5EIRP-C.htm
Reusing existing connection to www.saoing.com:80.
HTTP request sent, awaiting response... 200 OK
Length: 430 [text/html]
Saving to: ‘webpages-202609261246/www.saoing.com/changqiang/128.5EIRP-C.htm’

     0K                                                       100% 42.2M=0s

2026-09-26 12:46:46 (42.2 MB/s) - ‘webpages-202609261246/www.saoing.com/changqiang/128.5EIRP-C.htm’ saved [430/430]

--2026-09-26 12:46:46--  http://www.saoing.com/changqiang/128.5EIRP-KU.htm
Reusing existing connection to www.saoing.com:80.
HTTP request sent, awaiting response... 200 OK
Length: 401 [text/html]
Saving to: ‘webpages-202609261246/www.saoing.com/changqiang/128.5EIRP-KU.htm’

     0K                                                       100% 42.7M=0s

2026-09-26 12:46:46 (42.7 MB/s) - ‘webpages-202609261246/www.saoing.com/changqiang/128.5EIRP-KU.htm’ saved [401/401]

--2026-09-26 12:46:46--  http://www.saoing.com/kr/KBS-World.html%22
Reusing existing connection to www.saoing.com:80.
HTTP request sent, awaiting response... 404 Not Found
2026-09-26 12:46:46 ERROR 404: Not Found.

--2026-09-26 12:46:46--  http://www.saoing.com/fr/TV5Monde-Asie.html%22
Reusing existing connection to www.saoing.com:80.
HTTP request sent, awaiting response... 404 Not Found
2026-09-26 12:46:46 ERROR 404: Not Found.

--2026-09-26 12:46:46--  http://www.saoing.com/vn/VTV-3.html%22
Reusing existing connection to www.saoing.com:80.
HTTP request sent, awaiting response... 404 Not Found
2026-09-26 12:46:46 ERROR 404: Not Found.

--2026-09-26 12:46:46--  http://www.saoing.com/kh/Bayon-TV.html%22
Reusing existing connection to www.saoing.com:80.
HTTP request sent, awaiting response... 404 Not Found
2026-09-26 12:46:46 ERROR 404: Not Found.

--2026-09-26 12:46:46--  http://www.saoing.com/th/Channel-3.html%22
Reusing existing connection to www.saoing.com:80.
HTTP request sent, awaiting response... 404 Not Found
2026-09-26 12:46:47 ERROR 404: Not Found.

--2026-09-26 12:46:47--  http://www.saoing.com/la/Lao-ESTV.html
Reusing existing connection to www.saoing.com:80.
HTTP request sent, awaiting response... 404 Not Found
2026-09-26 12:46:47 ERROR 404: Not Found.

--2026-09-26 12:46:47--  http://www.saoing.com/th/Mono-29.html
Reusing existing connection to www.saoing.com:80.
HTTP request sent, awaiting response... 404 Not Found
2026-09-26 12:46:47 ERROR 404: Not Found.

--2026-09-26 12:46:47--  http://www.saoing.com/th/One-31.html
Reusing existing connection to www.saoing.com:80.
HTTP request sent, awaiting response... 404 Not Found
2026-09-26 12:46:47 ERROR 404: Not Found.

--2026-09-26 12:46:47--  http://www.saoing.com/th/GMM-25.html
Reusing existing connection to www.saoing.com:80.
HTTP request sent, awaiting response... 404 Not Found
2026-09-26 12:46:47 ERROR 404: Not Found.

--2026-09-26 12:46:47--  http://www.saoing.com/us/CNBC-Asia-Pacific.html%22
Reusing existing connection to www.saoing.com:80.
HTTP request sent, awaiting response... 404 Not Found
2026-09-26 12:46:47 ERROR 404: Not Found.

--2026-09-26 12:46:47--  http://www.saoing.com/th/Ploen-TV.html%22
Reusing existing connection to www.saoing.com:80.
HTTP request sent, awaiting response... 404 Not Found
2026-09-26 12:46:47 ERROR 404: Not Found.

--2026-09-26 12:46:47--  http://www.saoing.com/th/TNN-2.html%22
Reusing existing connection to www.saoing.com:80.
HTTP request sent, awaiting response... 404 Not Found
2026-09-26 12:46:47 ERROR 404: Not Found.

--2026-09-26 12:46:47--  http://www.saoing.com/th/Topline-TV.html%22
Reusing existing connection to www.saoing.com:80.
HTTP request sent, awaiting response... 404 Not Found
2026-09-26 12:46:47 ERROR 404: Not Found.

--2026-09-26 12:46:47--  http://www.saoing.com/th/PPTV-HD-36.html%22
Reusing existing connection to www.saoing.com:80.
HTTP request sent, awaiting response... 404 Not Found
2026-09-26 12:46:47 ERROR 404: Not Found.

--2026-09-26 12:46:47--  http://www.saoing.com/kh/SEA-TV.html%22
Reusing existing connection to www.saoing.com:80.
HTTP request sent, awaiting response... 404 Not Found
2026-09-26 12:46:47 ERROR 404: Not Found.

--2026-09-26 12:46:47--  http://www.saoing.com/kh/CTV-8.html%22
Reusing existing connection to www.saoing.com:80.
HTTP request sent, awaiting response... 404 Not Found
2026-09-26 12:46:47 ERROR 404: Not Found.

--2026-09-26 12:46:47--  http://www.saoing.com/th/JKN-18.html%22
Reusing existing connection to www.saoing.com:80.
HTTP request sent, awaiting response... 404 Not Found
2026-09-26 12:46:47 ERROR 404: Not Found.

--2026-09-26 12:46:47--  http://www.saoing.com/th/Hit-station.html%22
Reusing existing connection to www.saoing.com:80.
HTTP request sent, awaiting response... 404 Not Found
2026-09-26 12:46:47 ERROR 404: Not Found.

--2026-09-26 12:46:47--  http://www.saoing.com/th/Thai-TV-5-HD1.html%22
Reusing existing connection to www.saoing.com:80.
HTTP request sent, awaiting response... 404 Not Found
2026-09-26 12:46:47 ERROR 404: Not Found.

--2026-09-26 12:46:47--  http://www.saoing.com/th/NBT-2.html%22
Reusing existing connection to www.saoing.com:80.
HTTP request sent, awaiting response... 404 Not Found
2026-09-26 12:46:47 ERROR 404: Not Found.

--2026-09-26 12:46:47--  http://www.saoing.com/th/Thai-PBS-3.html%22
Reusing existing connection to www.saoing.com:80.
HTTP request sent, awaiting response... 404 Not Found
2026-09-26 12:46:47 ERROR 404: Not Found.

--2026-09-26 12:46:47--  http://www.saoing.com/th/True-Premiere-Football-HD-2.html%22
Reusing existing connection to www.saoing.com:80.
HTTP request sent, awaiting response... 404 Not Found
2026-09-26 12:46:48 ERROR 404: Not Found.

--2026-09-26 12:46:48--  http://www.saoing.com/mm/MRTV.html%22
Reusing existing connection to www.saoing.com:80.
HTTP request sent, awaiting response... 404 Not Found
2026-09-26 12:46:48 ERROR 404: Not Found.

--2026-09-26 12:46:48--  http://www.saoing.com/kr/Arirang-World.html%22
Reusing existing connection to www.saoing.com:80.
HTTP request sent, awaiting response... 404 Not Found
2026-09-26 12:46:48 ERROR 404: Not Found.

--2026-09-26 12:46:48--  http://www.saoing.com/mm/MRTV-Entertainment.html%22
Reusing existing connection to www.saoing.com:80.
HTTP request sent, awaiting response... 404 Not Found
2026-09-26 12:46:48 ERROR 404: Not Found.

--2026-09-26 12:46:48--  http://www.saoing.com/ru/RTR-Planeta-Asia.html%22
Reusing existing connection to www.saoing.com:80.
HTTP request sent, awaiting response... 404 Not Found
2026-09-26 12:46:48 ERROR 404: Not Found.

--2026-09-26 12:46:48--  http://www.saoing.com/mm/Channel-7.html%22
Reusing existing connection to www.saoing.com:80.
HTTP request sent, awaiting response... 404 Not Found
2026-09-26 12:46:48 ERROR 404: Not Found.

--2026-09-26 12:46:48--  http://www.saoing.com/mm/Channel-9.html%22
Reusing existing connection to www.saoing.com:80.
HTTP request sent, awaiting response... 404 Not Found
2026-09-26 12:46:48 ERROR 404: Not Found.

--2026-09-26 12:46:48--  http://www.saoing.com/mm/Hluttaw-S-and-D.html%22
Reusing existing connection to www.saoing.com:80.
HTTP request sent, awaiting response... 404 Not Found
2026-09-26 12:46:48 ERROR 404: Not Found.

--2026-09-26 12:46:48--  http://www.saoing.com/mm/Mahar-Bawdi.html%22
Reusing existing connection to www.saoing.com:80.
HTTP request sent, awaiting response... 404 Not Found
2026-09-26 12:46:48 ERROR 404: Not Found.

--2026-09-26 12:46:48--  http://www.saoing.com/mm/MN-TV.html%22
Reusing existing connection to www.saoing.com:80.
HTTP request sent, awaiting response... 404 Not Found
2026-09-26 12:46:48 ERROR 404: Not Found.

--2026-09-26 12:46:48--  http://www.saoing.com/mm/MRTV-4.html%22
Reusing existing connection to www.saoing.com:80.
HTTP request sent, awaiting response... 404 Not Found
2026-09-26 12:46:48 ERROR 404: Not Found.

--2026-09-26 12:46:48--  http://www.saoing.com/mm/Channel-K.html%22
Reusing existing connection to www.saoing.com:80.
HTTP request sent, awaiting response... 404 Not Found
2026-09-26 12:46:48 ERROR 404: Not Found.

--2026-09-26 12:46:48--  http://www.saoing.com/mm/YTV.html%22
Reusing existing connection to www.saoing.com:80.
HTTP request sent, awaiting response... 404 Not Found
2026-09-26 12:46:48 ERROR 404: Not Found.

--2026-09-26 12:46:48--  http://www.saoing.com/mm/Fortune-TV.html%22
Reusing existing connection to www.saoing.com:80.
HTTP request sent, awaiting response... 404 Not Found
2026-09-26 12:46:48 ERROR 404: Not Found.

--2026-09-26 12:46:48--  http://www.saoing.com/mm/5-Plus.html%22
Reusing existing connection to www.saoing.com:80.
HTTP request sent, awaiting response... 404 Not Found
2026-09-26 12:46:48 ERROR 404: Not Found.

--2026-09-26 12:46:48--  http://www.saoing.com/mm/MWD.html%22
Reusing existing connection to www.saoing.com:80.
HTTP request sent, awaiting response... 404 Not Found
2026-09-26 12:46:48 ERROR 404: Not Found.

--2026-09-26 12:46:48--  http://www.saoing.com/in/Kalaignar-TV.html%22
Reusing existing connection to www.saoing.com:80.
HTTP request sent, awaiting response... 404 Not Found
2026-09-26 12:46:48 ERROR 404: Not Found.

--2026-09-26 12:46:48--  http://www.saoing.com/mm/4-Edu.html%22
Reusing existing connection to www.saoing.com:80.
HTTP request sent, awaiting response... 404 Not Found
2026-09-26 12:46:49 ERROR 404: Not Found.

--2026-09-26 12:46:49--  http://www.saoing.com/th/MV-TV-Channel.html%22
Reusing existing connection to www.saoing.com:80.
HTTP request sent, awaiting response... 404 Not Found
2026-09-26 12:46:49 ERROR 404: Not Found.

--2026-09-26 12:46:49--  http://www.saoing.com/in/Zing-Asia.html
Reusing existing connection to www.saoing.com:80.
HTTP request sent, awaiting response... 404 Not Found
2026-09-26 12:46:49 ERROR 404: Not Found.

--2026-09-26 12:46:49--  http://www.saoing.com/EIRP/66C-Landmass.jpg
Reusing existing connection to www.saoing.com:80.
HTTP request sent, awaiting response... 200 OK
Length: 272567 (266K) [image/jpeg]
Saving to: ‘webpages-202609261246/www.saoing.com/EIRP/66C-Landmass.jpg’

     0K .......... .......... .......... .......... .......... 18%  458M 0s
    50K .......... .......... .......... .......... .......... 37%  326M 0s
   100K .......... .......... .......... .......... .......... 56%  368M 0s
   150K .......... .......... .......... .......... .......... 75%  388M 0s
   200K .......... .......... .......... .......... .......... 93% 93.1T 0s
   250K .......... ......                                     100%  143M=0.001s

2026-09-26 12:46:49 (416 MB/s) - ‘webpages-202609261246/www.saoing.com/EIRP/66C-Landmass.jpg’ saved [272567/272567]

--2026-09-26 12:46:49--  http://www.saoing.com/EIRP/66ku-Russia.jpg
Reusing existing connection to www.saoing.com:80.
HTTP request sent, awaiting response... 200 OK
Length: 209787 (205K) [image/jpeg]
Saving to: ‘webpages-202609261246/www.saoing.com/EIRP/66ku-Russia.jpg’

     0K .......... .......... .......... .......... .......... 24%  821M 0s
    50K .......... .......... .......... .......... .......... 48%  292M 0s
   100K .......... .......... .......... .......... .......... 73%  387M 0s
   150K .......... .......... .......... .......... .......... 97%  469M 0s
   200K ....                                                  100% 9.07T=0s

2026-09-26 12:46:49 (438 MB/s) - ‘webpages-202609261246/www.saoing.com/EIRP/66ku-Russia.jpg’ saved [209787/209787]

--2026-09-26 12:46:49--  http://www.saoing.com/EIRP/130-C.JPG
Reusing existing connection to www.saoing.com:80.
HTTP request sent, awaiting response... 200 OK
Length: 285081 (278K) [image/jpeg]
Saving to: ‘webpages-202609261246/www.saoing.com/EIRP/130-C.JPG’

     0K .......... .......... .......... .......... .......... 17% 1.66G 0s
    50K .......... .......... .......... .......... .......... 35%  211M 0s
   100K .......... .......... .......... .......... .......... 53%  496M 0s
   150K .......... .......... .......... .......... .......... 71%  590M 0s
   200K .......... .......... .......... .......... .......... 89% 93.1T 0s
   250K .......... .......... ........                        100%  374M=0.001s

2026-09-26 12:46:49 (528 MB/s) - ‘webpages-202609261246/www.saoing.com/EIRP/130-C.JPG’ saved [285081/285081]

--2026-09-26 12:46:49--  http://www.saoing.com/EIRP/68.5-C.jpg
Reusing existing connection to www.saoing.com:80.
HTTP request sent, awaiting response... 200 OK
Length: 239250 (234K) [image/jpeg]
Saving to: ‘webpages-202609261246/www.saoing.com/EIRP/68.5-C.jpg’

     0K .......... .......... .......... .......... .......... 21%  574M 0s
    50K .......... .......... .......... .......... .......... 42%  320M 0s
   100K .......... .......... .......... .......... .......... 64%  397M 0s
   150K .......... .......... .......... .......... .......... 85%  517M 0s
   200K .......... .......... .......... ...                  100% 62.7T=0s

2026-09-26 12:46:49 (501 MB/s) - ‘webpages-202609261246/www.saoing.com/EIRP/68.5-C.jpg’ saved [239250/239250]

--2026-09-26 12:46:49--  http://www.saoing.com/EIRP/166C.jpg
Reusing existing connection to www.saoing.com:80.
HTTP request sent, awaiting response... 200 OK
Length: 233656 (228K) [image/jpeg]
Saving to: ‘webpages-202609261246/www.saoing.com/EIRP/166C.jpg’

     0K .......... .......... .......... .......... .......... 21% 1.07G 0s
    50K .......... .......... .......... .......... .......... 43%  262M 0s
   100K .......... .......... .......... .......... .......... 65%  377M 0s
   150K .......... .......... .......... .......... .......... 87%  536M 0s
   200K .......... .......... ........                        100% 52.5T=0s

2026-09-26 12:46:49 (494 MB/s) - ‘webpages-202609261246/www.saoing.com/EIRP/166C.jpg’ saved [233656/233656]

--2026-09-26 12:46:49--  http://www.saoing.com/EIRP/68.5KU-Russia.jpg
Reusing existing connection to www.saoing.com:80.
HTTP request sent, awaiting response... 200 OK
Length: 187023 (183K) [image/jpeg]
Saving to: ‘webpages-202609261246/www.saoing.com/EIRP/68.5KU-Russia.jpg’

     0K .......... .......... .......... .......... .......... 27% 1.12G 0s
    50K .......... .......... .......... .......... .......... 54%  374M 0s
   100K .......... .......... .......... .......... .......... 82%  548M 0s
   150K .......... .......... .......... ..                   100% 60.8T=0s

2026-09-26 12:46:49 (680 MB/s) - ‘webpages-202609261246/www.saoing.com/EIRP/68.5KU-Russia.jpg’ saved [187023/187023]

--2026-09-26 12:46:49--  http://www.saoing.com/changqiang/132.0-c-EIRP.htm
Reusing existing connection to www.saoing.com:80.
HTTP request sent, awaiting response... 200 OK
Length: 396 [text/html]
Saving to: ‘webpages-202609261246/www.saoing.com/changqiang/132.0-c-EIRP.htm’

     0K                                                       100% 34.1M=0s

2026-09-26 12:46:49 (34.1 MB/s) - ‘webpages-202609261246/www.saoing.com/changqiang/132.0-c-EIRP.htm’ saved [396/396]

--2026-09-26 12:46:49--  http://www.saoing.com/changqiang/132.0-ku-EIRP.htm
Reusing existing connection to www.saoing.com:80.
HTTP request sent, awaiting response... 200 OK
Length: 397 [text/html]
Saving to: ‘webpages-202609261246/www.saoing.com/changqiang/132.0-ku-EIRP.htm’

     0K                                                       100% 56.2M=0s

2026-09-26 12:46:49 (56.2 MB/s) - ‘webpages-202609261246/www.saoing.com/changqiang/132.0-ku-EIRP.htm’ saved [397/397]

--2026-09-26 12:46:49--  http://www.saoing.com/vn/VTV-3.html
Reusing existing connection to www.saoing.com:80.
HTTP request sent, awaiting response... 404 Not Found
2026-09-26 12:46:49 ERROR 404: Not Found.

--2026-09-26 12:46:49--  http://www.saoing.com/changqiang/70.5EIRP-asia.htm
Reusing existing connection to www.saoing.com:80.
HTTP request sent, awaiting response... 200 OK
Length: 407 [text/html]
Saving to: ‘webpages-202609261246/www.saoing.com/changqiang/70.5EIRP-asia.htm’

     0K                                                       100% 49.9M=0s

2026-09-26 12:46:49 (49.9 MB/s) - ‘webpages-202609261246/www.saoing.com/changqiang/70.5EIRP-asia.htm’ saved [407/407]

--2026-09-26 12:46:49--  http://www.saoing.com/EIRP/72ku-Mobility.jpg
Reusing existing connection to www.saoing.com:80.
HTTP request sent, awaiting response... 200 OK
Length: 241038 (235K) [image/jpeg]
Saving to: ‘webpages-202609261246/www.saoing.com/EIRP/72ku-Mobility.jpg’

     0K .......... .......... .......... .......... .......... 21% 1.16G 0s
    50K .......... .......... .......... .......... .......... 42%  291M 0s
   100K .......... .......... .......... .......... .......... 63%  266M 0s
   150K .......... .......... .......... .......... .......... 84%  489M 0s
   200K .......... .......... .......... .....                100% 65.9T=0s

2026-09-26 12:46:49 (467 MB/s) - ‘webpages-202609261246/www.saoing.com/EIRP/72ku-Mobility.jpg’ saved [241038/241038]

--2026-09-26 12:46:49--  http://www.saoing.com/EIRP/134-6C-C-Band.jpg
Reusing existing connection to www.saoing.com:80.
HTTP request sent, awaiting response... 200 OK
Length: 153044 (149K) [image/jpeg]
Saving to: ‘webpages-202609261246/www.saoing.com/EIRP/134-6C-C-Band.jpg’

     0K .......... .......... .......... .......... .......... 33% 1.09G 0s
    50K .......... .......... .......... .......... .......... 66%  342M 0s
   100K .......... .......... .......... .......... ......... 100%  432M=0s

2026-09-26 12:46:49 (489 MB/s) - ‘webpages-202609261246/www.saoing.com/EIRP/134-6C-C-Band.jpg’ saved [153044/153044]

--2026-09-26 12:46:49--  http://www.saoing.com/EIRP/134-6C-Ku-Band-China.jpg
Reusing existing connection to www.saoing.com:80.
HTTP request sent, awaiting response... 200 OK
Length: 116648 (114K) [image/jpeg]
Saving to: ‘webpages-202609261246/www.saoing.com/EIRP/134-6C-Ku-Band-China.jpg’

     0K .......... .......... .......... .......... .......... 43% 1.07G 0s
    50K .......... .......... .......... .......... .......... 87%  319M 0s
   100K .......... ...                                        100% 25.9T=0s

2026-09-26 12:46:50 (562 MB/s) - ‘webpages-202609261246/www.saoing.com/EIRP/134-6C-Ku-Band-China.jpg’ saved [116648/116648]

--2026-09-26 12:46:50--  http://www.saoing.com/EIRP/75-2-C-band-East-Hemi-Beam1.jpg
Reusing existing connection to www.saoing.com:80.
HTTP request sent, awaiting response... 200 OK
Length: 169901 (166K) [image/jpeg]
Saving to: ‘webpages-202609261246/www.saoing.com/EIRP/75-2-C-band-East-Hemi-Beam1.jpg’

     0K .......... .......... .......... .......... .......... 30% 1.15G 0s
    50K .......... .......... .......... .......... .......... 60%  340M 0s
   100K .......... .......... .......... .......... .......... 90%  426M 0s
   150K .......... .....                                      100% 29.7T=0s

2026-09-26 12:46:50 (540 MB/s) - ‘webpages-202609261246/www.saoing.com/EIRP/75-2-C-band-East-Hemi-Beam1.jpg’ saved [169901/169901]

--2026-09-26 12:46:50--  http://www.saoing.com/my/TVS.html
Reusing existing connection to www.saoing.com:80.
HTTP request sent, awaiting response... 404 Not Found
2026-09-26 12:46:50 ERROR 404: Not Found.

--2026-09-26 12:46:50--  http://www.saoing.com/EIRP/75-2A-Ku-band-Russia-Beam1.jpg
Reusing existing connection to www.saoing.com:80.
HTTP request sent, awaiting response... 200 OK
Length: 374864 (366K) [image/jpeg]
Saving to: ‘webpages-202609261246/www.saoing.com/EIRP/75-2A-Ku-band-Russia-Beam1.jpg’

     0K .......... .......... .......... .......... .......... 13%  586M 0s
    50K .......... .......... .......... .......... .......... 27%  283M 0s
   100K .......... .......... .......... .......... .......... 40%  337M 0s
   150K .......... .......... .......... .......... .......... 54%  465M 0s
   200K .......... .......... .......... .......... .......... 68% 93.1T 0s
   250K .......... .......... .......... .......... .......... 81%  486M 0s
   300K .......... .......... .......... .......... .......... 95%  486M 0s
   350K .......... ......                                     100% 29.9T=0.001s

2026-09-26 12:46:50 (506 MB/s) - ‘webpages-202609261246/www.saoing.com/EIRP/75-2A-Ku-band-Russia-Beam1.jpg’ saved [374864/374864]

--2026-09-26 12:46:50--  http://www.saoing.com/ru/KinoMult.html
Reusing existing connection to www.saoing.com:80.
HTTP request sent, awaiting response... 404 Not Found
2026-09-26 12:46:50 ERROR 404: Not Found.

--2026-09-26 12:46:50--  http://www.saoing.com/EIRP/75-2-Ku-band-Southern-Beam1.jpg
Reusing existing connection to www.saoing.com:80.
HTTP request sent, awaiting response... 200 OK
Length: 309701 (302K) [image/jpeg]
Saving to: ‘webpages-202609261246/www.saoing.com/EIRP/75-2-Ku-band-Southern-Beam1.jpg’

     0K .......... .......... .......... .......... .......... 16%  269M 0s
    50K .......... .......... .......... .......... .......... 33%  277M 0s
   100K .......... .......... .......... .......... .......... 49%  404M 0s
   150K .......... .......... .......... .......... .......... 66%  463M 0s
   200K .......... .......... .......... .......... .......... 82% 93.1T 0s
   250K .......... .......... .......... .......... .......... 99%  460M 0s
   300K ..                                                    100% 4.55T=0.001s

2026-09-26 12:46:50 (428 MB/s) - ‘webpages-202609261246/www.saoing.com/EIRP/75-2-Ku-band-Southern-Beam1.jpg’ saved [309701/309701]

--2026-09-26 12:46:50--  http://www.saoing.com/ru/Bober.html
Reusing existing connection to www.saoing.com:80.
HTTP request sent, awaiting response... 404 Not Found
2026-09-26 12:46:50 ERROR 404: Not Found.

--2026-09-26 12:46:50--  http://www.saoing.com/ru/Dom-Kino-Premium.html
Reusing existing connection to www.saoing.com:80.
HTTP request sent, awaiting response... 404 Not Found
2026-09-26 12:46:50 ERROR 404: Not Found.

--2026-09-26 12:46:50--  http://www.saoing.com/ru/Red.html
Reusing existing connection to www.saoing.com:80.
HTTP request sent, awaiting response... 404 Not Found
2026-09-26 12:46:50 ERROR 404: Not Found.

--2026-09-26 12:46:50--  http://www.saoing.com/ru/Telekanal-Futbol.html
Reusing existing connection to www.saoing.com:80.
HTTP request sent, awaiting response... 404 Not Found
2026-09-26 12:46:50 ERROR 404: Not Found.

--2026-09-26 12:46:50--  http://www.saoing.com/ru/Dom-Kino.html
Reusing existing connection to www.saoing.com:80.
HTTP request sent, awaiting response... 404 Not Found
2026-09-26 12:46:50 ERROR 404: Not Found.

--2026-09-26 12:46:50--  http://www.saoing.com/ru/Centralnoe-TV.html
Reusing existing connection to www.saoing.com:80.
HTTP request sent, awaiting response... 404 Not Found
2026-09-26 12:46:50 ERROR 404: Not Found.

--2026-09-26 12:46:50--  http://www.saoing.com/ru/Muzika-Pervogo.html
Reusing existing connection to www.saoing.com:80.
HTTP request sent, awaiting response... 404 Not Found
2026-09-26 12:46:50 ERROR 404: Not Found.

--2026-09-26 12:46:50--  http://www.saoing.com/ru/Telekanal-O.html
Reusing existing connection to www.saoing.com:80.
HTTP request sent, awaiting response... 404 Not Found
2026-09-26 12:46:50 ERROR 404: Not Found.

--2026-09-26 12:46:50--  http://www.saoing.com/ru/Poehali.html
Reusing existing connection to www.saoing.com:80.
HTTP request sent, awaiting response... 404 Not Found
2026-09-26 12:46:50 ERROR 404: Not Found.

--2026-09-26 12:46:50--  http://www.saoing.com/ru/Telecafe.html
Reusing existing connection to www.saoing.com:80.
HTTP request sent, awaiting response... 404 Not Found
2026-09-26 12:46:50 ERROR 404: Not Found.

--2026-09-26 12:46:50--  http://www.saoing.com/ru/Vremya.html
Reusing existing connection to www.saoing.com:80.
HTTP request sent, awaiting response... 404 Not Found
2026-09-26 12:46:50 ERROR 404: Not Found.

--2026-09-26 12:46:50--  http://www.saoing.com/ru/Bolshoy-Efir.html
Reusing existing connection to www.saoing.com:80.
HTTP request sent, awaiting response... 404 Not Found
2026-09-26 12:46:51 ERROR 404: Not Found.

--2026-09-26 12:46:51--  http://www.saoing.com/ru/NTV.html
Reusing existing connection to www.saoing.com:80.
HTTP request sent, awaiting response... 404 Not Found
2026-09-26 12:46:51 ERROR 404: Not Found.

--2026-09-26 12:46:51--  http://www.saoing.com/ru/Trikolor-Mix.html
Reusing existing connection to www.saoing.com:80.
HTTP request sent, awaiting response... 404 Not Found
2026-09-26 12:46:51 ERROR 404: Not Found.

--2026-09-26 12:46:51--  http://www.saoing.com/ru/Bonus.html
Reusing existing connection to www.saoing.com:80.
HTTP request sent, awaiting response... 404 Not Found
2026-09-26 12:46:51 ERROR 404: Not Found.

--2026-09-26 12:46:51--  http://www.saoing.com/ru/Karusel.html
Reusing existing connection to www.saoing.com:80.
HTTP request sent, awaiting response... 404 Not Found
2026-09-26 12:46:51 ERROR 404: Not Found.

--2026-09-26 12:46:51--  http://www.saoing.com/ru/OTR.html
Reusing existing connection to www.saoing.com:80.
HTTP request sent, awaiting response... 404 Not Found
2026-09-26 12:46:51 ERROR 404: Not Found.

--2026-09-26 12:46:51--  http://www.saoing.com/ru/TV-Centr-Sibirija.html
Reusing existing connection to www.saoing.com:80.
HTTP request sent, awaiting response... 404 Not Found
2026-09-26 12:46:51 ERROR 404: Not Found.

--2026-09-26 12:46:51--  http://www.saoing.com/ru/Telekanal-Zvezda.html
Reusing existing connection to www.saoing.com:80.
HTTP request sent, awaiting response... 404 Not Found
2026-09-26 12:46:51 ERROR 404: Not Found.

--2026-09-26 12:46:51--  http://www.saoing.com/ru/TNT.html
Reusing existing connection to www.saoing.com:80.
HTTP request sent, awaiting response... 404 Not Found
2026-09-26 12:46:51 ERROR 404: Not Found.

--2026-09-26 12:46:51--  http://www.saoing.com/ru/Muz-TV.html
Reusing existing connection to www.saoing.com:80.
HTTP request sent, awaiting response... 404 Not Found
2026-09-26 12:46:51 ERROR 404: Not Found.

--2026-09-26 12:46:51--  http://www.saoing.com/ru/Juvelirochka.html
Reusing existing connection to www.saoing.com:80.
HTTP request sent, awaiting response... 404 Not Found
2026-09-26 12:46:51 ERROR 404: Not Found.

--2026-09-26 12:46:51--  http://www.saoing.com/ru/Moy-Mir.html
Reusing existing connection to www.saoing.com:80.
HTTP request sent, awaiting response... 404 Not Found
2026-09-26 12:46:51 ERROR 404: Not Found.

--2026-09-26 12:46:51--  http://www.saoing.com/ru/Uvelir-Treyd.html
Reusing existing connection to www.saoing.com:80.
HTTP request sent, awaiting response... 404 Not Found
2026-09-26 12:46:51 ERROR 404: Not Found.

--2026-09-26 12:46:51--  http://www.saoing.com/ru/Torre-Ricca.html
Reusing existing connection to www.saoing.com:80.
HTTP request sent, awaiting response... 404 Not Found
2026-09-26 12:46:51 ERROR 404: Not Found.

--2026-09-26 12:46:51--  http://www.saoing.com/ru/Izvestia-TV.html
Reusing existing connection to www.saoing.com:80.
HTTP request sent, awaiting response... 404 Not Found
2026-09-26 12:46:51 ERROR 404: Not Found.

--2026-09-26 12:46:51--  http://www.saoing.com/ru/Soloviev-Live.html
Reusing existing connection to www.saoing.com:80.
HTTP request sent, awaiting response... 404 Not Found
2026-09-26 12:46:51 ERROR 404: Not Found.

--2026-09-26 12:46:51--  http://www.saoing.com/ru/Vmeste-RF.html
Reusing existing connection to www.saoing.com:80.
HTTP request sent, awaiting response... 404 Not Found
2026-09-26 12:46:51 ERROR 404: Not Found.

--2026-09-26 12:46:51--  http://www.saoing.com/ru/Solntse.html
Reusing existing connection to www.saoing.com:80.
HTTP request sent, awaiting response... 404 Not Found
2026-09-26 12:46:52 ERROR 404: Not Found.

--2026-09-26 12:46:52--  http://www.saoing.com/ru/U.html
Reusing existing connection to www.saoing.com:80.
HTTP request sent, awaiting response... 404 Not Found
2026-09-26 12:46:52 ERROR 404: Not Found.

--2026-09-26 12:46:52--  http://www.saoing.com/ru/Sarafan.html
Reusing existing connection to www.saoing.com:80.
HTTP request sent, awaiting response... 404 Not Found
2026-09-26 12:46:52 ERROR 404: Not Found.

--2026-09-26 12:46:52--  http://www.saoing.com/ru/Trikolor-Infokanal.html
Reusing existing connection to www.saoing.com:80.
HTTP request sent, awaiting response... 404 Not Found
2026-09-26 12:46:52 ERROR 404: Not Found.

--2026-09-26 12:46:52--  http://www.saoing.com/ru/Kinopokaz.html
Reusing existing connection to www.saoing.com:80.
HTTP request sent, awaiting response... 404 Not Found
2026-09-26 12:46:52 ERROR 404: Not Found.

--2026-09-26 12:46:52--  http://www.saoing.com/ru/Shokiruyuschee.html
Reusing existing connection to www.saoing.com:80.
HTTP request sent, awaiting response... 404 Not Found
2026-09-26 12:46:52 ERROR 404: Not Found.

--2026-09-26 12:46:52--  http://www.saoing.com/ru/Komediynoe.html
Reusing existing connection to www.saoing.com:80.
HTTP request sent, awaiting response... 404 Not Found
2026-09-26 12:46:52 ERROR 404: Not Found.

--2026-09-26 12:46:52--  http://www.saoing.com/ru/Romantichnoe.html
Reusing existing connection to www.saoing.com:80.
HTTP request sent, awaiting response... 404 Not Found
2026-09-26 12:46:52 ERROR 404: Not Found.

--2026-09-26 12:46:52--  http://www.saoing.com/ru/Dushevnoe.html
Reusing existing connection to www.saoing.com:80.
HTTP request sent, awaiting response... 404 Not Found
2026-09-26 12:46:52 ERROR 404: Not Found.

--2026-09-26 12:46:52--  http://www.saoing.com/ru/Blokbaster.html
Reusing existing connection to www.saoing.com:80.
HTTP request sent, awaiting response... 404 Not Found
2026-09-26 12:46:52 ERROR 404: Not Found.

--2026-09-26 12:46:52--  http://www.saoing.com/ru/Ostrosyuzhetnoye.html
Reusing existing connection to www.saoing.com:80.
HTTP request sent, awaiting response... 404 Not Found
2026-09-26 12:46:52 ERROR 404: Not Found.

--2026-09-26 12:46:52--  http://www.saoing.com/ru/Nashe-Muzhskoe.html
Reusing existing connection to www.saoing.com:80.
HTTP request sent, awaiting response... 404 Not Found
2026-09-26 12:46:52 ERROR 404: Not Found.

--2026-09-26 12:46:52--  http://www.saoing.com/ru/Nash-Kinopokaz.html
Reusing existing connection to www.saoing.com:80.
HTTP request sent, awaiting response... 404 Not Found
2026-09-26 12:46:52 ERROR 404: Not Found.

--2026-09-26 12:46:52--  http://www.saoing.com/ru/Lyubimoe--3.html
Reusing existing connection to www.saoing.com:80.
HTTP request sent, awaiting response... 404 Not Found
2026-09-26 12:46:52 ERROR 404: Not Found.

--2026-09-26 12:46:52--  http://www.saoing.com/ru/Hit.html
Reusing existing connection to www.saoing.com:80.
HTTP request sent, awaiting response... 404 Not Found
2026-09-26 12:46:52 ERROR 404: Not Found.

--2026-09-26 12:46:52--  http://www.saoing.com/ru/Pro-Lyubov.html
Reusing existing connection to www.saoing.com:80.
HTTP request sent, awaiting response... 404 Not Found
2026-09-26 12:46:52 ERROR 404: Not Found.

--2026-09-26 12:46:52--  http://www.saoing.com/ru/Kamedi.html
Reusing existing connection to www.saoing.com:80.
HTTP request sent, awaiting response... 404 Not Found
2026-09-26 12:46:52 ERROR 404: Not Found.

--2026-09-26 12:46:52--  http://www.saoing.com/ru/Ryzhiy.html
Reusing existing connection to www.saoing.com:80.
HTTP request sent, awaiting response... 404 Not Found
2026-09-26 12:46:53 ERROR 404: Not Found.

--2026-09-26 12:46:53--  http://www.saoing.com/ru/Eda.html
Reusing existing connection to www.saoing.com:80.
HTTP request sent, awaiting response... 404 Not Found
2026-09-26 12:46:53 ERROR 404: Not Found.

--2026-09-26 12:46:53--  http://www.saoing.com/ru/Ohotnik-i-Rybolov.html
Reusing existing connection to www.saoing.com:80.
HTTP request sent, awaiting response... 404 Not Found
2026-09-26 12:46:53 ERROR 404: Not Found.

--2026-09-26 12:46:53--  http://www.saoing.com/ru/Rybolov.html
Reusing existing connection to www.saoing.com:80.
HTTP request sent, awaiting response... 404 Not Found
2026-09-26 12:46:53 ERROR 404: Not Found.

--2026-09-26 12:46:53--  http://www.saoing.com/ru/Priklyucheniya.html
Reusing existing connection to www.saoing.com:80.
HTTP request sent, awaiting response... 404 Not Found
2026-09-26 12:46:53 ERROR 404: Not Found.

--2026-09-26 12:46:53--  http://www.saoing.com/ru/Teleputeshestviya.html
Reusing existing connection to www.saoing.com:80.
HTTP request sent, awaiting response... 404 Not Found
2026-09-26 12:46:53 ERROR 404: Not Found.

--2026-09-26 12:46:53--  http://www.saoing.com/ru/V-mire-zhivotnykh.html
Reusing existing connection to www.saoing.com:80.
HTTP request sent, awaiting response... 404 Not Found
2026-09-26 12:46:53 ERROR 404: Not Found.

--2026-09-26 12:46:53--  http://www.saoing.com/ru/Zoo-TV.html
Reusing existing connection to www.saoing.com:80.
HTTP request sent, awaiting response... 404 Not Found
2026-09-26 12:46:53 ERROR 404: Not Found.

--2026-09-26 12:46:53--  http://www.saoing.com/ru/Zagorodny.html
Reusing existing connection to www.saoing.com:80.
HTTP request sent, awaiting response... 404 Not Found
2026-09-26 12:46:53 ERROR 404: Not Found.

--2026-09-26 12:46:53--  http://www.saoing.com/ru/Arsenal.html
Reusing existing connection to www.saoing.com:80.
HTTP request sent, awaiting response... 404 Not Found
2026-09-26 12:46:53 ERROR 404: Not Found.

--2026-09-26 12:46:53--  http://www.saoing.com/ru/Den-Pobedy.html
Reusing existing connection to www.saoing.com:80.
HTTP request sent, awaiting response... 404 Not Found
2026-09-26 12:46:53 ERROR 404: Not Found.

--2026-09-26 12:46:53--  http://www.saoing.com/ru/Sila.html
Reusing existing connection to www.saoing.com:80.
HTTP request sent, awaiting response... 404 Not Found
2026-09-26 12:46:53 ERROR 404: Not Found.

--2026-09-26 12:46:53--  http://www.saoing.com/ru/Kriminalnoe.html
Reusing existing connection to www.saoing.com:80.
HTTP request sent, awaiting response... 404 Not Found
2026-09-26 12:46:53 ERROR 404: Not Found.

--2026-09-26 12:46:53--  http://www.saoing.com/ru/Lavstori.html
Reusing existing connection to www.saoing.com:80.
HTTP request sent, awaiting response... 404 Not Found
2026-09-26 12:46:53 ERROR 404: Not Found.

--2026-09-26 12:46:53--  http://www.saoing.com/ru/Sovetskaya-Kinoklassika.html
Reusing existing connection to www.saoing.com:80.
HTTP request sent, awaiting response... 404 Not Found
2026-09-26 12:46:53 ERROR 404: Not Found.

--2026-09-26 12:46:53--  http://www.saoing.com/ru/Scream.html
Reusing existing connection to www.saoing.com:80.
HTTP request sent, awaiting response... 404 Not Found
2026-09-26 12:46:53 ERROR 404: Not Found.

--2026-09-26 12:46:53--  http://www.saoing.com/ru/Khokkey-TV.html
Reusing existing connection to www.saoing.com:80.
HTTP request sent, awaiting response... 404 Not Found
2026-09-26 12:46:53 ERROR 404: Not Found.

--2026-09-26 12:46:53--  http://www.saoing.com/ru/TV-Sport.html
Reusing existing connection to www.saoing.com:80.
HTTP request sent, awaiting response... 404 Not Found
2026-09-26 12:46:53 ERROR 404: Not Found.

--2026-09-26 12:46:53--  http://www.saoing.com/ru/Myach.html
Reusing existing connection to www.saoing.com:80.
HTTP request sent, awaiting response... 404 Not Found
2026-09-26 12:46:54 ERROR 404: Not Found.

--2026-09-26 12:46:54--  http://www.saoing.com/ru/Subbota.html
Reusing existing connection to www.saoing.com:80.
HTTP request sent, awaiting response... 404 Not Found
2026-09-26 12:46:54 ERROR 404: Not Found.

--2026-09-26 12:46:54--  http://www.saoing.com/ru/Mosfilm-Zolotaya-kollektsiya.html
Reusing existing connection to www.saoing.com:80.
HTTP request sent, awaiting response... 404 Not Found
2026-09-26 12:46:54 ERROR 404: Not Found.

--2026-09-26 12:46:54--  http://www.saoing.com/ru/Russkiy-Detektiv.html
Reusing existing connection to www.saoing.com:80.
HTTP request sent, awaiting response... 404 Not Found
2026-09-26 12:46:54 ERROR 404: Not Found.

--2026-09-26 12:46:54--  http://www.saoing.com/ru/Russkiy-Roman.html
Reusing existing connection to www.saoing.com:80.
HTTP request sent, awaiting response... 404 Not Found
2026-09-26 12:46:54 ERROR 404: Not Found.

--2026-09-26 12:46:54--  http://www.saoing.com/ru/Russkiy-Bestseller.html
Reusing existing connection to www.saoing.com:80.
HTTP request sent, awaiting response... 404 Not Found
2026-09-26 12:46:54 ERROR 404: Not Found.

--2026-09-26 12:46:54--  http://www.saoing.com/ru/Bridge-Shlyager.html
Reusing existing connection to www.saoing.com:80.
HTTP request sent, awaiting response... 404 Not Found
2026-09-26 12:46:54 ERROR 404: Not Found.

--2026-09-26 12:46:54--  http://www.saoing.com/EIRP/75-2-Ku-band-South-Asia-Beam1.jpg
Reusing existing connection to www.saoing.com:80.
HTTP request sent, awaiting response... 200 OK
Length: 112079 (109K) [image/jpeg]
Saving to: ‘webpages-202609261246/www.saoing.com/EIRP/75-2-Ku-band-South-Asia-Beam1.jpg’

     0K .......... .......... .......... .......... .......... 45% 1.04G 0s
    50K .......... .......... .......... .......... .......... 91%  312M 0s
   100K .........                                             100% 17.6T=0s

2026-09-26 12:46:54 (528 MB/s) - ‘webpages-202609261246/www.saoing.com/EIRP/75-2-Ku-band-South-Asia-Beam1.jpg’ saved [112079/112079]

--2026-09-26 12:46:54--  http://www.saoing.com/EIRP/138-5C-C.jpg
Reusing existing connection to www.saoing.com:80.
HTTP request sent, awaiting response... 200 OK
Length: 132252 (129K) [image/jpeg]
Saving to: ‘webpages-202609261246/www.saoing.com/EIRP/138-5C-C.jpg’

     0K .......... .......... .......... .......... .......... 38% 1.07G 0s
    50K .......... .......... .......... .......... .......... 77%  332M 0s
   100K .......... .......... .........                       100%  228M=0s

2026-09-26 12:46:54 (398 MB/s) - ‘webpages-202609261246/www.saoing.com/EIRP/138-5C-C.jpg’ saved [132252/132252]

--2026-09-26 12:46:54--  http://www.saoing.com/EIRP/138-5C-Ku-Band-Mongolia-01_s.jpg
Reusing existing connection to www.saoing.com:80.
HTTP request sent, awaiting response... 200 OK
Length: 126271 (123K) [image/jpeg]
Saving to: ‘webpages-202609261246/www.saoing.com/EIRP/138-5C-Ku-Band-Mongolia-01_s.jpg’

     0K .......... .......... .......... .......... .......... 40% 1.42G 0s
    50K .......... .......... .......... .......... .......... 81%  261M 0s
   100K .......... .......... ...                             100% 43.4T=0s

2026-09-26 12:46:54 (546 MB/s) - ‘webpages-202609261246/www.saoing.com/EIRP/138-5C-Ku-Band-Mongolia-01_s.jpg’ saved [126271/126271]

--2026-09-26 12:46:54--  http://www.saoing.com/Desktop/changqiang/76.5EIRP-C.htm
Reusing existing connection to www.saoing.com:80.
HTTP request sent, awaiting response... 404 Not Found
2026-09-26 12:46:54 ERROR 404: Not Found.

--2026-09-26 12:46:54--  http://www.saoing.com/EIRP/76.5-7-c.jpg
Reusing existing connection to www.saoing.com:80.
HTTP request sent, awaiting response... 200 OK
Length: 344677 (337K) [image/jpeg]
Saving to: ‘webpages-202609261246/www.saoing.com/EIRP/76.5-7-c.jpg’

     0K .......... .......... .......... .......... .......... 14% 1.11G 0s
    50K .......... .......... .......... .......... .......... 29%  259M 0s
   100K .......... .......... .......... .......... .......... 44%  308M 0s
   150K .......... .......... .......... .......... .......... 59%  263M 0s
   200K .......... .......... .......... .......... .......... 74% 93.1T 0s
   250K .......... .......... .......... .......... .......... 89%  329M 0s
   300K .......... .......... .......... ......               100%  287M=0.001s

2026-09-26 12:46:54 (387 MB/s) - ‘webpages-202609261246/www.saoing.com/EIRP/76.5-7-c.jpg’ saved [344677/344677]

--2026-09-26 12:46:54--  http://www.saoing.com/Desktop/%E5%A4%87%E4%BB%BD/changqiang/76.5EIRP-C.htm
Reusing existing connection to www.saoing.com:80.
HTTP request sent, awaiting response... 404 Not Found
2026-09-26 12:46:54 ERROR 404: Not Found.

--2026-09-26 12:46:54--  http://www.saoing.com/Desktop/%B1%B8%B7%DD/changqiang/76.5EIRP-C.htm
Reusing existing connection to www.saoing.com:80.
HTTP request sent, awaiting response... 404 Not Found
2026-09-26 12:46:54 ERROR 404: Not Found.

--2026-09-26 12:46:54--  http://www.saoing.com/Desktop/changqiang/76.5EIRP-KU1.htm
Reusing existing connection to www.saoing.com:80.
HTTP request sent, awaiting response... 404 Not Found
2026-09-26 12:46:54 ERROR 404: Not Found.

--2026-09-26 12:46:54--  http://www.saoing.com/Desktop/changqiang/76.5EIRP-KU.htm
Reusing existing connection to www.saoing.com:80.
HTTP request sent, awaiting response... 404 Not Found
2026-09-26 12:46:54 ERROR 404: Not Found.

--2026-09-26 12:46:54--  http://www.saoing.com/changqiang/140.0EIRP-KU.htm
Reusing existing connection to www.saoing.com:80.
HTTP request sent, awaiting response... 200 OK
Length: 448 [text/html]
Saving to: ‘webpages-202609261246/www.saoing.com/changqiang/140.0EIRP-KU.htm’

     0K                                                       100% 55.2M=0s

2026-09-26 12:46:54 (55.2 MB/s) - ‘webpages-202609261246/www.saoing.com/changqiang/140.0EIRP-KU.htm’ saved [448/448]

--2026-09-26 12:46:54--  http://www.saoing.com/ru/24-Dok.html
Reusing existing connection to www.saoing.com:80.
HTTP request sent, awaiting response... 404 Not Found
2026-09-26 12:46:55 ERROR 404: Not Found.

--2026-09-26 12:46:55--  http://www.saoing.com/th/MCOT-HD.html
Reusing existing connection to www.saoing.com:80.
HTTP request sent, awaiting response... 404 Not Found
2026-09-26 12:46:55 ERROR 404: Not Found.

--2026-09-26 12:46:55--  http://www.saoing.com/th/Thai-Parliament-TV.html
Reusing existing connection to www.saoing.com:80.
HTTP request sent, awaiting response... 404 Not Found
2026-09-26 12:46:55 ERROR 404: Not Found.

--2026-09-26 12:46:55--  http://www.saoing.com/th/Thairath-TV-32.html
Reusing existing connection to www.saoing.com:80.
HTTP request sent, awaiting response... 404 Not Found
2026-09-26 12:46:55 ERROR 404: Not Found.

--2026-09-26 12:46:55--  http://www.saoing.com/th/PPTV-HD-36.html
Reusing existing connection to www.saoing.com:80.
HTTP request sent, awaiting response... 404 Not Found
2026-09-26 12:46:55 ERROR 404: Not Found.

--2026-09-26 12:46:55--  http://www.saoing.com/th/Dharma-TV.html
Reusing existing connection to www.saoing.com:80.
HTTP request sent, awaiting response... 404 Not Found
2026-09-26 12:46:55 ERROR 404: Not Found.

--2026-09-26 12:46:55--  http://www.saoing.com/th/People-TV.html
Reusing existing connection to www.saoing.com:80.
HTTP request sent, awaiting response... 404 Not Found
2026-09-26 12:46:55 ERROR 404: Not Found.

--2026-09-26 12:46:55--  http://www.saoing.com/th/Police-TV.html
Reusing existing connection to www.saoing.com:80.
HTTP request sent, awaiting response... 404 Not Found
2026-09-26 12:46:55 ERROR 404: Not Found.

--2026-09-26 12:46:55--  http://www.saoing.com/EIRP/142-C-AP.jpg
Reusing existing connection to www.saoing.com:80.
HTTP request sent, awaiting response... 200 OK
Length: 317056 (310K) [image/jpeg]
Saving to: ‘webpages-202609261246/www.saoing.com/EIRP/142-C-AP.jpg’

     0K .......... .......... .......... .......... .......... 16%  990M 0s
    50K .......... .......... .......... .......... .......... 32%  251M 0s
   100K .......... .......... .......... .......... .......... 48%  292M 0s
   150K .......... .......... .......... .......... .......... 64%  302M 0s
   200K .......... .......... .......... .......... .......... 80% 93.1T 0s
   250K .......... .......... .......... .......... .......... 96%  385M 0s
   300K .........                                             100% 17.9T=0.001s

2026-09-26 12:46:55 (432 MB/s) - ‘webpages-202609261246/www.saoing.com/EIRP/142-C-AP.jpg’ saved [317056/317056]

--2026-09-26 12:46:55--  http://www.saoing.com/EIRP/142-Ku-West.jpg
Reusing existing connection to www.saoing.com:80.
HTTP request sent, awaiting response... 200 OK
Length: 297240 (290K) [image/jpeg]
Saving to: ‘webpages-202609261246/www.saoing.com/EIRP/142-Ku-West.jpg’

     0K .......... .......... .......... .......... .......... 17% 1.02G 0s
    50K .......... .......... .......... .......... .......... 34%  256M 0s
   100K .......... .......... .......... .......... .......... 51%  312M 0s
   150K .......... .......... .......... .......... .......... 68%  313M 0s
   200K .......... .......... .......... .......... .......... 86% 93.1T 0s
   250K .......... .......... .......... ..........           100%  297M=0.001s

2026-09-26 12:46:55 (415 MB/s) - ‘webpages-202609261246/www.saoing.com/EIRP/142-Ku-West.jpg’ saved [297240/297240]

--2026-09-26 12:46:55--  http://www.saoing.com/EIRP/80-KU.jpg
Reusing existing connection to www.saoing.com:80.
HTTP request sent, awaiting response... 200 OK
Length: 762832 (745K) [image/jpeg]
Saving to: ‘webpages-202609261246/www.saoing.com/EIRP/80-KU.jpg’

     0K .......... .......... .......... .......... ..........  6% 1.06G 0s
    50K .......... .......... .......... .......... .......... 13%  282M 0s
   100K .......... .......... .......... .......... .......... 20%  255M 0s
   150K .......... .......... .......... .......... .......... 26%  316M 0s
   200K .......... .......... .......... .......... .......... 33% 93.1T 0s
   250K .......... .......... .......... .......... .......... 40%  318M 0s
   300K .......... .......... .......... .......... .......... 46%  314M 0s
   350K .......... .......... .......... .......... .......... 53%  323M 0s
   400K .......... .......... .......... .......... .......... 60%  361M 0s
   450K .......... .......... .......... .......... .......... 67% 93.1T 0s
   500K .......... .......... .......... .......... .......... 73%  227M 0s
   550K .......... .......... .......... .......... .......... 80%  432M 0s
   600K .......... .......... .......... .......... .......... 87%  540M 0s
   650K .......... .......... .......... .......... .......... 93% 93.1T 0s
   700K .......... .......... .......... .......... ....      100%  580M=0.002s

2026-09-26 12:46:55 (440 MB/s) - ‘webpages-202609261246/www.saoing.com/EIRP/80-KU.jpg’ saved [762832/762832]

--2026-09-26 12:46:55--  http://www.saoing.com/52474/star-cinema
Reusing existing connection to www.saoing.com:80.
HTTP request sent, awaiting response... 404 Not Found
2026-09-26 12:46:55 ERROR 404: Not Found.

--2026-09-26 12:46:55--  http://www.saoing.com/52475/kazakh-tv
Reusing existing connection to www.saoing.com:80.
HTTP request sent, awaiting response... 404 Not Found
2026-09-26 12:46:55 ERROR 404: Not Found.

--2026-09-26 12:46:55--  http://www.saoing.com/52477/mir-0h
Reusing existing connection to www.saoing.com:80.
HTTP request sent, awaiting response... 404 Not Found
2026-09-26 12:46:55 ERROR 404: Not Found.

--2026-09-26 12:46:55--  http://www.saoing.com/52479/lyubimoe-kino
Reusing existing connection to www.saoing.com:80.
HTTP request sent, awaiting response... 404 Not Found
2026-09-26 12:46:55 ERROR 404: Not Found.

--2026-09-26 12:46:55--  http://www.saoing.com/52485/bolt
Reusing existing connection to www.saoing.com:80.
HTTP request sent, awaiting response... 404 Not Found
2026-09-26 12:46:55 ERROR 404: Not Found.

--2026-09-26 12:46:55--  http://www.saoing.com/52486/bridge-classic
Reusing existing connection to www.saoing.com:80.
HTTP request sent, awaiting response... 404 Not Found
2026-09-26 12:46:55 ERROR 404: Not Found.

--2026-09-26 12:46:55--  http://www.saoing.com/52487/kinohit
Reusing existing connection to www.saoing.com:80.
HTTP request sent, awaiting response... 404 Not Found
2026-09-26 12:46:56 ERROR 404: Not Found.

--2026-09-26 12:46:56--  http://www.saoing.com/52490/chavash-en
Reusing existing connection to www.saoing.com:80.
HTTP request sent, awaiting response... 404 Not Found
2026-09-26 12:46:56 ERROR 404: Not Found.

--2026-09-26 12:46:56--  http://www.saoing.com/52491/dikiy
Reusing existing connection to www.saoing.com:80.
HTTP request sent, awaiting response... 404 Not Found
2026-09-26 12:46:56 ERROR 404: Not Found.

--2026-09-26 12:46:56--  http://www.saoing.com/52494/vetta-24
Reusing existing connection to www.saoing.com:80.
HTTP request sent, awaiting response... 404 Not Found
2026-09-26 12:46:56 ERROR 404: Not Found.

--2026-09-26 12:46:56--  http://www.saoing.com/52495/dom-kino
Reusing existing connection to www.saoing.com:80.
HTTP request sent, awaiting response... 404 Not Found
2026-09-26 12:46:56 ERROR 404: Not Found.

--2026-09-26 12:46:56--  http://www.saoing.com/52496/don-24
Reusing existing connection to www.saoing.com:80.
HTTP request sent, awaiting response... 404 Not Found
2026-09-26 12:46:56 ERROR 404: Not Found.

--2026-09-26 12:46:56--  http://www.saoing.com/52497/ege-tv
Reusing existing connection to www.saoing.com:80.
HTTP request sent, awaiting response... 404 Not Found
2026-09-26 12:46:56 ERROR 404: Not Found.

--2026-09-26 12:46:56--  http://www.saoing.com/52498/kuray-tv
Reusing existing connection to www.saoing.com:80.
HTTP request sent, awaiting response... 404 Not Found
2026-09-26 12:46:56 ERROR 404: Not Found.

--2026-09-26 12:46:56--  http://www.saoing.com/52501/telekanal-teatr
Reusing existing connection to www.saoing.com:80.
HTTP request sent, awaiting response... 404 Not Found
2026-09-26 12:46:56 ERROR 404: Not Found.

--2026-09-26 12:46:56--  http://www.saoing.com/52502/slavyanskij-mir
Reusing existing connection to www.saoing.com:80.
HTTP request sent, awaiting response... 404 Not Found
2026-09-26 12:46:56 ERROR 404: Not Found.

--2026-09-26 12:46:56--  http://www.saoing.com/52350/maidan-tv
Reusing existing connection to www.saoing.com:80.
HTTP request sent, awaiting response... 404 Not Found
2026-09-26 12:46:56 ERROR 404: Not Found.

--2026-09-26 12:46:56--  http://www.saoing.com/52353/ren-tv-2h
Reusing existing connection to www.saoing.com:80.
HTTP request sent, awaiting response... 404 Not Found
2026-09-26 12:46:56 ERROR 404: Not Found.

--2026-09-26 12:46:56--  http://www.saoing.com/52354/5-kanal-2h
Reusing existing connection to www.saoing.com:80.
HTTP request sent, awaiting response... 404 Not Found
2026-09-26 12:46:56 ERROR 404: Not Found.

--2026-09-26 12:46:56--  http://www.saoing.com/52355/start-air
Reusing existing connection to www.saoing.com:80.
HTTP request sent, awaiting response... 404 Not Found
2026-09-26 12:46:56 ERROR 404: Not Found.

--2026-09-26 12:46:56--  http://www.saoing.com/52356/start-world
Reusing existing connection to www.saoing.com:80.
HTTP request sent, awaiting response... 404 Not Found
2026-09-26 12:46:56 ERROR 404: Not Found.

--2026-09-26 12:46:56--  http://www.saoing.com/52357/zal-suda
Reusing existing connection to www.saoing.com:80.
HTTP request sent, awaiting response... 404 Not Found
2026-09-26 12:46:56 ERROR 404: Not Found.

--2026-09-26 12:46:56--  http://www.saoing.com/52358/gagsnetwork
Reusing existing connection to www.saoing.com:80.
HTTP request sent, awaiting response... 404 Not Found
2026-09-26 12:46:56 ERROR 404: Not Found.

--2026-09-26 12:46:56--  http://www.saoing.com/52359/pyatnica-0h
Reusing existing connection to www.saoing.com:80.
HTTP request sent, awaiting response... 404 Not Found
2026-09-26 12:46:57 ERROR 404: Not Found.

--2026-09-26 12:46:57--  http://www.saoing.com/52360/spas
Reusing existing connection to www.saoing.com:80.
HTTP request sent, awaiting response... 404 Not Found
2026-09-26 12:46:57 ERROR 404: Not Found.

--2026-09-26 12:46:57--  http://www.saoing.com/52361/tnv-tatarstan
Reusing existing connection to www.saoing.com:80.
HTTP request sent, awaiting response... 404 Not Found
2026-09-26 12:46:57 ERROR 404: Not Found.

--2026-09-26 12:46:57--  http://www.saoing.com/52365/pobeda
Reusing existing connection to www.saoing.com:80.
HTTP request sent, awaiting response... 404 Not Found
2026-09-26 12:46:57 ERROR 404: Not Found.

--2026-09-26 12:46:57--  http://www.saoing.com/52366/tiji-russia
Reusing existing connection to www.saoing.com:80.
HTTP request sent, awaiting response... 404 Not Found
2026-09-26 12:46:57 ERROR 404: Not Found.

--2026-09-26 12:46:57--  http://www.saoing.com/52367/docubox
Reusing existing connection to www.saoing.com:80.
HTTP request sent, awaiting response... 404 Not Found
2026-09-26 12:46:57 ERROR 404: Not Found.

--2026-09-26 12:46:57--  http://www.saoing.com/52372/filmbox-russia
Reusing existing connection to www.saoing.com:80.
HTTP request sent, awaiting response... 404 Not Found
2026-09-26 12:46:57 ERROR 404: Not Found.

--2026-09-26 12:46:57--  http://www.saoing.com/52373/filmbox-arthouse
Reusing existing connection to www.saoing.com:80.
HTTP request sent, awaiting response... 404 Not Found
2026-09-26 12:46:57 ERROR 404: Not Found.

--2026-09-26 12:46:57--  http://www.saoing.com/52374/timeless-dizi-channel
Reusing existing connection to www.saoing.com:80.
HTTP request sent, awaiting response... 404 Not Found
2026-09-26 12:46:57 ERROR 404: Not Found.

--2026-09-26 12:46:57--  http://www.saoing.com/52375/gulli-girl
Reusing existing connection to www.saoing.com:80.
HTTP request sent, awaiting response... 404 Not Found
2026-09-26 12:46:57 ERROR 404: Not Found.

--2026-09-26 12:46:57--  http://www.saoing.com/52376/tnt-2h
Reusing existing connection to www.saoing.com:80.
HTTP request sent, awaiting response... 404 Not Found
2026-09-26 12:46:57 ERROR 404: Not Found.

--2026-09-26 12:46:57--  http://www.saoing.com/52377/otr
Reusing existing connection to www.saoing.com:80.
HTTP request sent, awaiting response... 404 Not Found
2026-09-26 12:46:57 ERROR 404: Not Found.

--2026-09-26 12:46:57--  http://www.saoing.com/52385/a1-amedia-1
Reusing existing connection to www.saoing.com:80.
HTTP request sent, awaiting response... 404 Not Found
2026-09-26 12:46:57 ERROR 404: Not Found.

--2026-09-26 12:46:57--  http://www.saoing.com/52386/khl-tv
Reusing existing connection to www.saoing.com:80.
HTTP request sent, awaiting response... 404 Not Found
2026-09-26 12:46:57 ERROR 404: Not Found.

--2026-09-26 12:46:57--  http://www.saoing.com/52388/bridge
Reusing existing connection to www.saoing.com:80.
HTTP request sent, awaiting response... 404 Not Found
2026-09-26 12:46:57 ERROR 404: Not Found.

--2026-09-26 12:46:57--  http://www.saoing.com/52390/sts-2h
Reusing existing connection to www.saoing.com:80.
HTTP request sent, awaiting response... 404 Not Found
2026-09-26 12:46:57 ERROR 404: Not Found.

--2026-09-26 12:46:57--  http://www.saoing.com/52391/domashnij-telekanal-2h
Reusing existing connection to www.saoing.com:80.
HTTP request sent, awaiting response... 404 Not Found
2026-09-26 12:46:57 ERROR 404: Not Found.

--2026-09-26 12:46:57--  http://www.saoing.com/52392/udmurtiya
Reusing existing connection to www.saoing.com:80.
HTTP request sent, awaiting response... 404 Not Found
2026-09-26 12:46:58 ERROR 404: Not Found.

--2026-09-26 12:46:58--  http://www.saoing.com/changqiang/83.0-4A-EIRP.htm
Reusing existing connection to www.saoing.com:80.
HTTP request sent, awaiting response... 200 OK
Length: 400 [text/html]
Saving to: ‘webpages-202609261246/www.saoing.com/changqiang/83.0-4A-EIRP.htm’

     0K                                                       100% 44.9M=0s

2026-09-26 12:46:58 (44.9 MB/s) - ‘webpages-202609261246/www.saoing.com/changqiang/83.0-4A-EIRP.htm’ saved [400/400]

--2026-09-26 12:46:58--  http://www.saoing.com/EIRP/87.5-C.jpg
Reusing existing connection to www.saoing.com:80.
HTTP request sent, awaiting response... 200 OK
Length: 314324 (307K) [image/jpeg]
Saving to: ‘webpages-202609261246/www.saoing.com/EIRP/87.5-C.jpg’

     0K .......... .......... .......... .......... .......... 16% 1.47G 0s
    50K .......... .......... .......... .......... .......... 32%  234M 0s
   100K .......... .......... .......... .......... .......... 48%  477M 0s
   150K .......... .......... .......... .......... .......... 65% 93.1T 0s
   200K .......... .......... .......... .......... .......... 81%  523M 0s
   250K .......... .......... .......... .......... .......... 97%  593M 0s
   300K ......                                                100% 13.0T=0.001s

2026-09-26 12:46:58 (577 MB/s) - ‘webpages-202609261246/www.saoing.com/EIRP/87.5-C.jpg’ saved [314324/314324]

--2026-09-26 12:46:58--  http://www.saoing.com/EIRP/87.5-KU-CHINA.jpg
Reusing existing connection to www.saoing.com:80.
HTTP request sent, awaiting response... 200 OK
Length: 299724 (293K) [image/jpeg]
Saving to: ‘webpages-202609261246/www.saoing.com/EIRP/87.5-KU-CHINA.jpg’

     0K .......... .......... .......... .......... .......... 17%  991M 0s
    50K .......... .......... .......... .......... .......... 34%  313M 0s
   100K .......... .......... .......... .......... .......... 51%  337M 0s
   150K .......... .......... .......... .......... .......... 68%  439M 0s
   200K .......... .......... .......... .......... .......... 85% 93.1T 0s
   250K .......... .......... .......... .......... ..        100%  394M=0.001s

2026-09-26 12:46:58 (504 MB/s) - ‘webpages-202609261246/www.saoing.com/EIRP/87.5-KU-CHINA.jpg’ saved [299724/299724]

--2026-09-26 12:46:58--  http://www.saoing.com/changqiang/146.0EIRP-C.htm
Reusing existing connection to www.saoing.com:80.
HTTP request sent, awaiting response... 200 OK
Length: 409 [text/html]
Saving to: ‘webpages-202609261246/www.saoing.com/changqiang/146.0EIRP-C.htm’

     0K                                                       100% 56.4M=0s

2026-09-26 12:46:58 (56.4 MB/s) - ‘webpages-202609261246/www.saoing.com/changqiang/146.0EIRP-C.htm’ saved [409/409]

--2026-09-26 12:46:58--  http://www.saoing.com/changqiang/88.0EIRP-C.htm
Reusing existing connection to www.saoing.com:80.
HTTP request sent, awaiting response... 200 OK
Length: 396 [text/html]
Saving to: ‘webpages-202609261246/www.saoing.com/changqiang/88.0EIRP-C.htm’

     0K                                                       100% 46.5M=0s

2026-09-26 12:46:58 (46.5 MB/s) - ‘webpages-202609261246/www.saoing.com/changqiang/88.0EIRP-C.htm’ saved [396/396]

--2026-09-26 12:46:58--  http://www.saoing.com/changqiang/88.0EIRP-KU.htm
Reusing existing connection to www.saoing.com:80.
HTTP request sent, awaiting response... 200 OK
Length: 425 [text/html]
Saving to: ‘webpages-202609261246/www.saoing.com/changqiang/88.0EIRP-KU.htm’

     0K                                                       100% 48.5M=0s

2026-09-26 12:46:58 (48.5 MB/s) - ‘webpages-202609261246/www.saoing.com/changqiang/88.0EIRP-KU.htm’ saved [425/425]

--2026-09-26 12:46:58--  http://www.saoing.com/changqiang/91.5EIRP-C-global.htm
Reusing existing connection to www.saoing.com:80.
HTTP request sent, awaiting response... 200 OK
Length: 405 [text/html]
Saving to: ‘webpages-202609261246/www.saoing.com/changqiang/91.5EIRP-C-global.htm’

     0K                                                       100% 44.1M=0s

2026-09-26 12:46:58 (44.1 MB/s) - ‘webpages-202609261246/www.saoing.com/changqiang/91.5EIRP-C-global.htm’ saved [405/405]

--2026-09-26 12:46:58--  http://www.saoing.com/changqiang/91.5EIRP-3-ku.htm
Reusing existing connection to www.saoing.com:80.
HTTP request sent, awaiting response... 200 OK
Length: 408 [text/html]
Saving to: ‘webpages-202609261246/www.saoing.com/changqiang/91.5EIRP-3-ku.htm’

     0K                                                       100% 52.3M=0s

2026-09-26 12:46:58 (52.3 MB/s) - ‘webpages-202609261246/www.saoing.com/changqiang/91.5EIRP-3-ku.htm’ saved [408/408]

--2026-09-26 12:46:58--  http://www.saoing.com/fr/Eurosport-Asia.html
Reusing existing connection to www.saoing.com:80.
HTTP request sent, awaiting response... 404 Not Found
2026-09-26 12:46:58 ERROR 404: Not Found.

--2026-09-26 12:46:58--  http://www.saoing.com/Colors-Tamil.html
Reusing existing connection to www.saoing.com:80.
HTTP request sent, awaiting response... 404 Not Found
2026-09-26 12:46:58 ERROR 404: Not Found.

--2026-09-26 12:46:58--  http://www.saoing.com/uk/Sky-News-UK.html
Reusing existing connection to www.saoing.com:80.
HTTP request sent, awaiting response... 404 Not Found
2026-09-26 12:46:58 ERROR 404: Not Found.

--2026-09-26 12:46:58--  http://www.saoing.com/us/National-Geographic-Wild-Asia.html
Reusing existing connection to www.saoing.com:80.
HTTP request sent, awaiting response... 404 Not Found
2026-09-26 12:46:58 ERROR 404: Not Found.

--2026-09-26 12:46:58--  http://www.saoing.com/my/Astro-SuperSport-2.html
Reusing existing connection to www.saoing.com:80.
HTTP request sent, awaiting response... 404 Not Found
2026-09-26 12:46:58 ERROR 404: Not Found.

--2026-09-26 12:46:58--  http://www.saoing.com/my/Astro-Vinmeen-HD.html
Reusing existing connection to www.saoing.com:80.
HTTP request sent, awaiting response... 404 Not Found
2026-09-26 12:46:58 ERROR 404: Not Found.

--2026-09-26 12:46:58--  http://www.saoing.com/us/FX-Asia--1.html
Reusing existing connection to www.saoing.com:80.
HTTP request sent, awaiting response... 404 Not Found
2026-09-26 12:46:58 ERROR 404: Not Found.

--2026-09-26 12:46:58--  http://www.saoing.com/my/Astro-Best-484.html
Reusing existing connection to www.saoing.com:80.
HTTP request sent, awaiting response... 404 Not Found
2026-09-26 12:46:58 ERROR 404: Not Found.

--2026-09-26 12:46:58--  http://www.saoing.com/my/Astro-Box-Office-Movies-Tayangan-Hebat.html
Reusing existing connection to www.saoing.com:80.
HTTP request sent, awaiting response... 404 Not Found
2026-09-26 12:46:59 ERROR 404: Not Found.

--2026-09-26 12:46:59--  http://www.saoing.com/my/Astro-Box-Office-Movies-Thangathirai.html
Reusing existing connection to www.saoing.com:80.
HTTP request sent, awaiting response... 404 Not Found
2026-09-26 12:46:59 ERROR 404: Not Found.

--2026-09-26 12:46:59--  http://www.saoing.com/qa/Aljazeera-English.html
Reusing existing connection to www.saoing.com:80.
HTTP request sent, awaiting response... 404 Not Found
2026-09-26 12:46:59 ERROR 404: Not Found.

--2026-09-26 12:46:59--  http://www.saoing.com/my/Astro-Best-SD-9.html
Reusing existing connection to www.saoing.com:80.
HTTP request sent, awaiting response... 404 Not Found
2026-09-26 12:46:59 ERROR 404: Not Found.

--2026-09-26 12:46:59--  http://www.saoing.com/my/Astro-AEC.html
Reusing existing connection to www.saoing.com:80.
HTTP request sent, awaiting response... 404 Not Found
2026-09-26 12:46:59 ERROR 404: Not Found.

--2026-09-26 12:46:59--  http://www.saoing.com/my/Astro-Warna.html
Reusing existing connection to www.saoing.com:80.
HTTP request sent, awaiting response... 404 Not Found
2026-09-26 12:46:59 ERROR 404: Not Found.

--2026-09-26 12:46:59--  http://www.saoing.com/kr/TVN-Movies.html
Reusing existing connection to www.saoing.com:80.
HTTP request sent, awaiting response... 404 Not Found
2026-09-26 12:46:59 ERROR 404: Not Found.

--2026-09-26 12:46:59--  http://www.saoing.com/my/Boo.html
Reusing existing connection to www.saoing.com:80.
HTTP request sent, awaiting response... 404 Not Found
2026-09-26 12:46:59 ERROR 404: Not Found.

--2026-09-26 12:46:59--  http://www.saoing.com/my/Fam-TV.html
Reusing existing connection to www.saoing.com:80.
HTTP request sent, awaiting response... 404 Not Found
2026-09-26 12:46:59 ERROR 404: Not Found.

--2026-09-26 12:46:59--  http://www.saoing.com/us/Comedy-Central-Asia--1.html
Reusing existing connection to www.saoing.com:80.
HTTP request sent, awaiting response... 404 Not Found
2026-09-26 12:46:59 ERROR 404: Not Found.

--2026-09-26 12:46:59--  http://www.saoing.com/my/Astro-First-479.html
Reusing existing connection to www.saoing.com:80.
HTTP request sent, awaiting response... 404 Not Found
2026-09-26 12:46:59 ERROR 404: Not Found.

--2026-09-26 12:46:59--  http://www.saoing.com/us/Fox-Movies-Asia--1.html
Reusing existing connection to www.saoing.com:80.
HTTP request sent, awaiting response... 404 Not Found
2026-09-26 12:46:59 ERROR 404: Not Found.

--2026-09-26 12:46:59--  http://www.saoing.com/us/Fox-Sports-Malaysia.html
Reusing existing connection to www.saoing.com:80.
HTTP request sent, awaiting response... 404 Not Found
2026-09-26 12:46:59 ERROR 404: Not Found.

--2026-09-26 12:46:59--  http://www.saoing.com/my/Astro-Vaanavil.html
Reusing existing connection to www.saoing.com:80.
HTTP request sent, awaiting response... 404 Not Found
2026-09-26 12:46:59 ERROR 404: Not Found.

--2026-09-26 12:46:59--  http://www.saoing.com/my/Astro-Xiao-Tai-Yang.html
Reusing existing connection to www.saoing.com:80.
HTTP request sent, awaiting response... 404 Not Found
2026-09-26 12:46:59 ERROR 404: Not Found.

--2026-09-26 12:46:59--  http://www.saoing.com/my/Astro-Best-483.html
Reusing existing connection to www.saoing.com:80.
HTTP request sent, awaiting response... 404 Not Found
2026-09-26 12:46:59 ERROR 404: Not Found.

--2026-09-26 12:46:59--  http://www.saoing.com/my/Go-Shop-Malay-118.html
Reusing existing connection to www.saoing.com:80.
HTTP request sent, awaiting response... 404 Not Found
2026-09-26 12:46:59 ERROR 404: Not Found.

--2026-09-26 12:46:59--  http://www.saoing.com/us/HGTV-Asia.html
Reusing existing connection to www.saoing.com:80.
HTTP request sent, awaiting response... 404 Not Found
2026-09-26 12:46:59 ERROR 404: Not Found.

--2026-09-26 12:46:59--  http://www.saoing.com/us/CNN-International-Asia-Pacific.html
Reusing existing connection to www.saoing.com:80.
HTTP request sent, awaiting response... 404 Not Found
2026-09-26 12:47:00 ERROR 404: Not Found.

--2026-09-26 12:47:00--  http://www.saoing.com/my/Astro-Cricket.html
Reusing existing connection to www.saoing.com:80.
HTTP request sent, awaiting response... 404 Not Found
2026-09-26 12:47:00 ERROR 404: Not Found.

--2026-09-26 12:47:00--  http://www.saoing.com/my/Astro-Oasis.html
Reusing existing connection to www.saoing.com:80.
HTTP request sent, awaiting response... 404 Not Found
2026-09-26 12:47:00 ERROR 404: Not Found.

--2026-09-26 12:47:00--  http://www.saoing.com/my/Astro-SuperSport-4.html
Reusing existing connection to www.saoing.com:80.
HTTP request sent, awaiting response... 404 Not Found
2026-09-26 12:47:00 ERROR 404: Not Found.

--2026-09-26 12:47:00--  http://www.saoing.com/my/Astro-Quan-Jia-HD.html
Reusing existing connection to www.saoing.com:80.
HTTP request sent, awaiting response... 404 Not Found
2026-09-26 12:47:00 ERROR 404: Not Found.

--2026-09-26 12:47:00--  http://www.saoing.com/my/Go-Shop-Malay-111.html
Reusing existing connection to www.saoing.com:80.
HTTP request sent, awaiting response... 404 Not Found
2026-09-26 12:47:00 ERROR 404: Not Found.

--2026-09-26 12:47:00--  http://www.saoing.com/us/Discovery-Channel-Southeast-Asia.html
Reusing existing connection to www.saoing.com:80.
HTTP request sent, awaiting response... 404 Not Found
2026-09-26 12:47:00 ERROR 404: Not Found.

--2026-09-26 12:47:00--  http://www.saoing.com/changqiang/154.0-jcsat-2b.pdf
Reusing existing connection to www.saoing.com:80.
HTTP request sent, awaiting response... 200 OK
Length: 7518323 (7.2M) [application/pdf]
Saving to: ‘webpages-202609261246/www.saoing.com/changqiang/154.0-jcsat-2b.pdf’

     0K .......... .......... .......... .......... ..........  0%  635M 0s
    50K .......... .......... .......... .......... ..........  1%  254M 0s
   100K .......... .......... .......... .......... ..........  2%  282M 0s
   150K .......... .......... .......... .......... ..........  2%  286M 0s
   200K .......... .......... .......... .......... ..........  3% 93.1T 0s
   250K .......... .......... .......... .......... ..........  4%  290M 0s
   300K .......... .......... .......... .......... ..........  4%  292M 0s
   350K .......... .......... .......... .......... ..........  5%  287M 0s
   400K .......... .......... .......... .......... ..........  6%  365M 0s
   450K .......... .......... .......... .......... ..........  6% 93.1T 0s
   500K .......... .......... .......... .......... ..........  7%  329M 0s
   550K .......... .......... .......... .......... ..........  8%  345M 0s
   600K .......... .......... .......... .......... ..........  8%  362M 0s
   650K .......... .......... .......... .......... ..........  9% 93.1T 0s
   700K .......... .......... .......... .......... .......... 10%  381M 0s
   750K .......... .......... .......... .......... .......... 10%  348M 0s
   800K .......... .......... .......... .......... .......... 11%  303M 0s
   850K .......... .......... .......... .......... .......... 12%  365M 0s
   900K .......... .......... .......... .......... .......... 12% 93.1T 0s
   950K .......... .......... .......... .......... .......... 13%  405M 0s
  1000K .......... .......... .......... .......... .......... 14%  405M 0s
  1050K .......... .......... .......... .......... .......... 14%  424M 0s
  1100K .......... .......... .......... .......... .......... 15%  279M 0s
  1150K .......... .......... .......... .......... .......... 16%  387M 0s
  1200K .......... .......... .......... .......... .......... 17%  303M 0s
  1250K .......... .......... .......... .......... .......... 17%  301M 0s
  1300K .......... .......... .......... .......... .......... 18%  485M 0s
  1350K .......... .......... .......... .......... .......... 19%  230M 0s
  1400K .......... .......... .......... .......... .......... 19%  357M 0s
  1450K .......... .......... .......... .......... .......... 20%  572M 0s
  1500K .......... .......... .......... .......... .......... 21%  410M 0s
  1550K .......... .......... .......... .......... .......... 21%  347M 0s
  1600K .......... .......... .......... .......... .......... 22%  419M 0s
  1650K .......... .......... .......... .......... .......... 23%  443M 0s
  1700K .......... .......... .......... .......... .......... 23%  269M 0s
  1750K .......... .......... .......... .......... .......... 24%  561M 0s
  1800K .......... .......... .......... .......... .......... 25%  434M 0s
  1850K .......... .......... .......... .......... .......... 25%  469M 0s
  1900K .......... .......... .......... .......... .......... 26%  425M 0s
  1950K .......... .......... .......... .......... .......... 27%  266M 0s
  2000K .......... .......... .......... .......... .......... 27%  318M 0s
  2050K .......... .......... .......... .......... .......... 28%  377M 0s
  2100K .......... .......... .......... .......... .......... 29%  452M 0s
  2150K .......... .......... .......... .......... .......... 29%  419M 0s
  2200K .......... .......... .......... .......... .......... 30%  388M 0s
  2250K .......... .......... .......... .......... .......... 31%  425M 0s
  2300K .......... .......... .......... .......... .......... 32%  395M 0s
  2350K .......... .......... .......... .......... .......... 32%  505M 0s
  2400K .......... .......... .......... .......... .......... 33%  378M 0s
  2450K .......... .......... .......... .......... .......... 34% 93.1T 0s
  2500K .......... .......... .......... .......... .......... 34%  378M 0s
  2550K .......... .......... .......... .......... .......... 35%  408M 0s
  2600K .......... .......... .......... .......... .......... 36%  397M 0s
  2650K .......... .......... .......... .......... .......... 36%  263M 0s
  2700K .......... .......... .......... .......... .......... 37%  522M 0s
  2750K .......... .......... .......... .......... .......... 38%  382M 0s
  2800K .......... .......... .......... .......... .......... 38% 93.1T 0s
  2850K .......... .......... .......... .......... .......... 39%  170M 0s
  2900K .......... .......... .......... .......... .......... 40%  399M 0s
  2950K .......... .......... .......... .......... .......... 40% 93.1T 0s
  3000K .......... .......... .......... .......... .......... 41%  369M 0s
  3050K .......... .......... .......... .......... .......... 42%  378M 0s
  3100K .......... .......... .......... .......... .......... 42%  397M 0s
  3150K .......... .......... .......... .......... .......... 43%  372M 0s
  3200K .......... .......... .......... .......... .......... 44% 93.1T 0s
  3250K .......... .......... .......... .......... .......... 44%  371M 0s
  3300K .......... .......... .......... .......... .......... 45%  309M 0s
  3350K .......... .......... .......... .......... .......... 46%  388M 0s
  3400K .......... .......... .......... .......... .......... 46% 93.1T 0s
  3450K .......... .......... .......... .......... .......... 47%  184M 0s
  3500K .......... .......... .......... .......... .......... 48% 93.1T 0s
  3550K .......... .......... .......... .......... .......... 49%  378M 0s
  3600K .......... .......... .......... .......... .......... 49%  416M 0s
  3650K .......... .......... .......... .......... .......... 50%  466M 0s
  3700K .......... .......... .......... .......... .......... 51%  296M 0s
  3750K .......... .......... .......... .......... .......... 51%  344M 0s
  3800K .......... .......... .......... .......... .......... 52% 93.1T 0s
  3850K .......... .......... .......... .......... .......... 53%  206M 0s
  3900K .......... .......... .......... .......... .......... 53%  328M 0s
  3950K .......... .......... .......... .......... .......... 54%  314M 0s
  4000K .......... .......... .......... .......... .......... 55%  342M 0s
  4050K .......... .......... .......... .......... .......... 55% 93.1T 0s
  4100K .......... .......... .......... .......... .......... 56%  317M 0s
  4150K .......... .......... .......... .......... .......... 57%  297M 0s
  4200K .......... .......... .......... .......... .......... 57%  287M 0s
  4250K .......... .......... .......... .......... .......... 58% 93.1T 0s
  4300K .......... .......... .......... .......... .......... 59%  291M 0s
  4350K .......... .......... .......... .......... .......... 59%  340M 0s
  4400K .......... .......... .......... .......... .......... 60%  420M 0s
  4450K .......... .......... .......... .......... .......... 61%  478M 0s
  4500K .......... .......... .......... .......... .......... 61% 1.21M 0s
  4550K .......... .......... .......... .......... .......... 62%  176M 0s
  4600K .......... .......... .......... .......... .......... 63%  326M 0s
  4650K .......... .......... .......... .......... .......... 64%  313M 0s
  4700K .......... .......... .......... .......... .......... 64%  377M 0s
  4750K .......... .......... .......... .......... .......... 65%  237M 0s
  4800K .......... .......... .......... .......... .......... 66%  258M 0s
  4850K .......... .......... .......... .......... .......... 66%  383M 0s
  4900K .......... .......... .......... .......... .......... 67%  331M 0s
  4950K .......... .......... .......... .......... .......... 68%  190M 0s
  5000K .......... .......... .......... .......... .......... 68%  257M 0s
  5050K .......... .......... .......... .......... .......... 69% 93.1T 0s
  5100K .......... .......... .......... .......... .......... 70%  399M 0s
  5150K .......... .......... .......... .......... .......... 70%  331M 0s
  5200K .......... .......... .......... .......... .......... 71%  235M 0s
  5250K .......... .......... .......... .......... .......... 72%  400M 0s
  5300K .......... .......... .......... .......... .......... 72%  362M 0s
  5350K .......... .......... .......... .......... .......... 73%  303M 0s
  5400K .......... .......... .......... .......... .......... 74%  242M 0s
  5450K .......... .......... .......... .......... .......... 74% 93.1T 0s
  5500K .......... .......... .......... .......... .......... 75%  265M 0s
  5550K .......... .......... .......... .......... .......... 76%  243M 0s
  5600K .......... .......... .......... .......... .......... 76%  321M 0s
  5650K .......... .......... .......... .......... .......... 77%  273M 0s
  5700K .......... .......... .......... .......... .......... 78% 93.1T 0s
  5750K .......... .......... .......... .......... .......... 78%  217M 0s
  5800K .......... .......... .......... .......... .......... 79%  247M 0s
  5850K .......... .......... .......... .......... .......... 80%  257M 0s
  5900K .......... .......... .......... .......... .......... 81% 93.1T 0s
  5950K .......... .......... .......... .......... .......... 81%  244M 0s
  6000K .......... .......... .......... .......... .......... 82%  386M 0s
  6050K .......... .......... .......... .......... .......... 83%  312M 0s
  6100K .......... .......... .......... .......... .......... 83%  231M 0s
  6150K .......... .......... .......... .......... .......... 84% 93.1T 0s
  6200K .......... .......... .......... .......... .......... 85% 94.7M 0s
  6250K .......... .......... .......... .......... .......... 85%  330M 0s
  6300K .......... .......... .......... .......... .......... 86%  411M 0s
  6350K .......... .......... .......... .......... .......... 87%  216M 0s
  6400K .......... .......... .......... .......... .......... 87%  442M 0s
  6450K .......... .......... .......... .......... .......... 88%  340M 0s
  6500K .......... .......... .......... .......... .......... 89% 40.6M 0s
  6550K .......... .......... .......... .......... .......... 89% 93.1T 0s
  6600K .......... .......... .......... .......... .......... 90%  368M 0s
  6650K .......... .......... .......... .......... .......... 91%  293M 0s
  6700K .......... .......... .......... .......... .......... 91%  311M 0s
  6750K .......... .......... .......... .......... .......... 92%  333M 0s
  6800K .......... .......... .......... .......... .......... 93%  215M 0s
  6850K .......... .......... .......... .......... .......... 93%  342M 0s
  6900K .......... .......... .......... .......... .......... 94%  303M 0s
  6950K .......... .......... .......... .......... .......... 95%  301M 0s
  7000K .......... .......... .......... .......... .......... 96% 93.1T 0s
  7050K .......... .......... .......... .......... .......... 96%  216M 0s
  7100K .......... .......... .......... .......... .......... 97%  213M 0s
  7150K .......... .......... .......... .......... .......... 98%  427M 0s
  7200K .......... .......... .......... .......... .......... 98%  434M 0s
  7250K .......... .......... .......... .......... .......... 99% 93.1T 0s
  7300K .......... .......... .......... .......... ..        100%  423M=0.06s

2026-09-26 12:47:00 (118 MB/s) - ‘webpages-202609261246/www.saoing.com/changqiang/154.0-jcsat-2b.pdf’ saved [7518323/7518323]

--2026-09-26 12:47:00--  http://www.saoing.com/EIRP/92.2.jpg
Reusing existing connection to www.saoing.com:80.
HTTP request sent, awaiting response... 200 OK
Length: 293460 (287K) [image/jpeg]
Saving to: ‘webpages-202609261246/www.saoing.com/EIRP/92.2.jpg’

     0K .......... .......... .......... .......... .......... 17% 1.25G 0s
    50K .......... .......... .......... .......... .......... 34%  230M 0s
   100K .......... .......... .......... .......... .......... 52%  150M 0s
   150K .......... .......... .......... .......... .......... 69%  380M 0s
   200K .......... .......... .......... .......... .......... 87%  345M 0s
   250K .......... .......... .......... ......               100% 68.1T=0.001s

2026-09-26 12:47:00 (331 MB/s) - ‘webpages-202609261246/www.saoing.com/EIRP/92.2.jpg’ saved [293460/293460]

--2026-09-26 12:47:00--  http://www.saoing.com/us/Fox-Sleuth--2.html
Reusing existing connection to www.saoing.com:80.
HTTP request sent, awaiting response... 404 Not Found
2026-09-26 12:47:00 ERROR 404: Not Found.

--2026-09-26 12:47:00--  http://www.saoing.com/qa/BeIn-Sports-1-Australia.html
Reusing existing connection to www.saoing.com:80.
HTTP request sent, awaiting response... 404 Not Found
2026-09-26 12:47:00 ERROR 404: Not Found.

--2026-09-26 12:47:00--  http://www.saoing.com/au/Foxtel-Movies-Premiere.html
Reusing existing connection to www.saoing.com:80.
HTTP request sent, awaiting response... 404 Not Found
2026-09-26 12:47:00 ERROR 404: Not Found.

--2026-09-26 12:47:00--  http://www.saoing.com/au/The-Comedy-Channel.html
Reusing existing connection to www.saoing.com:80.
HTTP request sent, awaiting response... 404 Not Found
2026-09-26 12:47:00 ERROR 404: Not Found.

--2026-09-26 12:47:00--  http://www.saoing.com/uk/BBC-UKTV-Australia.html
Reusing existing connection to www.saoing.com:80.
HTTP request sent, awaiting response... 404 Not Found
2026-09-26 12:47:00 ERROR 404: Not Found.

--2026-09-26 12:47:00--  http://www.saoing.com/au/Arena.html
Reusing existing connection to www.saoing.com:80.
HTTP request sent, awaiting response... 404 Not Found
2026-09-26 12:47:00 ERROR 404: Not Found.

--2026-09-26 12:47:00--  http://www.saoing.com/us/Fox-Classics-Australia.html
Reusing existing connection to www.saoing.com:80.
HTTP request sent, awaiting response... 404 Not Found
2026-09-26 12:47:00 ERROR 404: Not Found.

--2026-09-26 12:47:00--  http://www.saoing.com/au/Foxtel-Movies-Family.html
Reusing existing connection to www.saoing.com:80.
HTTP request sent, awaiting response... 404 Not Found
2026-09-26 12:47:01 ERROR 404: Not Found.

--2026-09-26 12:47:01--  http://www.saoing.com/au/Fox-8.html
Reusing existing connection to www.saoing.com:80.
HTTP request sent, awaiting response... 404 Not Found
2026-09-26 12:47:01 ERROR 404: Not Found.

--2026-09-26 12:47:01--  http://www.saoing.com/au/Lifestyle.html
Reusing existing connection to www.saoing.com:80.
HTTP request sent, awaiting response... 404 Not Found
2026-09-26 12:47:01 ERROR 404: Not Found.

--2026-09-26 12:47:01--  http://www.saoing.com/us/AandE-Australia.html
Reusing existing connection to www.saoing.com:80.
HTTP request sent, awaiting response... 404 Not Found
2026-09-26 12:47:01 ERROR 404: Not Found.

--2026-09-26 12:47:01--  http://www.saoing.com/au/Fox-Showcase.html
Reusing existing connection to www.saoing.com:80.
HTTP request sent, awaiting response... 404 Not Found
2026-09-26 12:47:01 ERROR 404: Not Found.

--2026-09-26 12:47:01--  http://www.saoing.com/au/Aurora-Community-TV.html
Reusing existing connection to www.saoing.com:80.
HTTP request sent, awaiting response... 404 Not Found
2026-09-26 12:47:01 ERROR 404: Not Found.

--2026-09-26 12:47:01--  http://www.saoing.com/us/Fox-Funny.html
Reusing existing connection to www.saoing.com:80.
HTTP request sent, awaiting response... 404 Not Found
2026-09-26 12:47:01 ERROR 404: Not Found.

--2026-09-26 12:47:01--  http://www.saoing.com/uk/BBC-Knowledge-Australia.html
Reusing existing connection to www.saoing.com:80.
HTTP request sent, awaiting response... 404 Not Found
2026-09-26 12:47:01 ERROR 404: Not Found.

--2026-09-26 12:47:01--  http://www.saoing.com/au/10-Adelaide-North.html
Reusing existing connection to www.saoing.com:80.
HTTP request sent, awaiting response... 404 Not Found
2026-09-26 12:47:01 ERROR 404: Not Found.

--2026-09-26 12:47:01--  http://www.saoing.com/au/10-Peach-North.html
Reusing existing connection to www.saoing.com:80.
HTTP request sent, awaiting response... 404 Not Found
2026-09-26 12:47:01 ERROR 404: Not Found.

--2026-09-26 12:47:01--  http://www.saoing.com/au/10-Adelaide-South.html
Reusing existing connection to www.saoing.com:80.
HTTP request sent, awaiting response... 404 Not Found
2026-09-26 12:47:01 ERROR 404: Not Found.

--2026-09-26 12:47:01--  http://www.saoing.com/au/10-Peach-South.html
Reusing existing connection to www.saoing.com:80.
HTTP request sent, awaiting response... 404 Not Found
2026-09-26 12:47:01 ERROR 404: Not Found.

--2026-09-26 12:47:01--  http://www.saoing.com/au/10-Bold-Central.html
Reusing existing connection to www.saoing.com:80.
HTTP request sent, awaiting response... 404 Not Found
2026-09-26 12:47:01 ERROR 404: Not Found.

--2026-09-26 12:47:01--  http://www.saoing.com/au/Win-News-Cairns.html
Reusing existing connection to www.saoing.com:80.
HTTP request sent, awaiting response... 404 Not Found
2026-09-26 12:47:01 ERROR 404: Not Found.

--2026-09-26 12:47:01--  http://www.saoing.com/au/Win-News-Bundaberg-Sunshine-Coast-and-Toowoomba.html
Reusing existing connection to www.saoing.com:80.
HTTP request sent, awaiting response... 404 Not Found
2026-09-26 12:47:01 ERROR 404: Not Found.

--2026-09-26 12:47:01--  http://www.saoing.com/au/Win-News-Canberra.html
Reusing existing connection to www.saoing.com:80.
HTTP request sent, awaiting response... 404 Not Found
2026-09-26 12:47:01 ERROR 404: Not Found.

--2026-09-26 12:47:01--  http://www.saoing.com/au/Win-News-Albury-and-Gippsland.html
Reusing existing connection to www.saoing.com:80.
HTTP request sent, awaiting response... 404 Not Found
2026-09-26 12:47:01 ERROR 404: Not Found.

--2026-09-26 12:47:01--  http://www.saoing.com/au/Win-News-Bendigo.html
Reusing existing connection to www.saoing.com:80.
HTTP request sent, awaiting response... 404 Not Found
2026-09-26 12:47:01 ERROR 404: Not Found.

--2026-09-26 12:47:01--  http://www.saoing.com/au/Win-News-Ballarat.html
Reusing existing connection to www.saoing.com:80.
HTTP request sent, awaiting response... 404 Not Found
2026-09-26 12:47:02 ERROR 404: Not Found.

--2026-09-26 12:47:02--  http://www.saoing.com/au/Win-News-Tasmania.html
Reusing existing connection to www.saoing.com:80.
HTTP request sent, awaiting response... 404 Not Found
2026-09-26 12:47:02 ERROR 404: Not Found.

--2026-09-26 12:47:02--  http://www.saoing.com/au/Southern-Cross-News-Queensland-and-NT-and-NSW-and-Victoria.html
Reusing existing connection to www.saoing.com:80.
HTTP request sent, awaiting response... 404 Not Found
2026-09-26 12:47:02 ERROR 404: Not Found.

--2026-09-26 12:47:02--  http://www.saoing.com/au/Southern-Cross-News-Tasmania-and-South-Australia-and-Broken-Hill.html
Reusing existing connection to www.saoing.com:80.
HTTP request sent, awaiting response... 404 Not Found
2026-09-26 12:47:02 ERROR 404: Not Found.

--2026-09-26 12:47:02--  http://www.saoing.com/au/7-Queensland-Cairns-Towns.html
Reusing existing connection to www.saoing.com:80.
HTTP request sent, awaiting response... 404 Not Found
2026-09-26 12:47:02 ERROR 404: Not Found.

--2026-09-26 12:47:02--  http://www.saoing.com/au/7-Queensland-Mackay-Rock.html
Reusing existing connection to www.saoing.com:80.
HTTP request sent, awaiting response... 404 Not Found
2026-09-26 12:47:02 ERROR 404: Not Found.

--2026-09-26 12:47:02--  http://www.saoing.com/au/7-Queensland-Wide-Bay.html
Reusing existing connection to www.saoing.com:80.
HTTP request sent, awaiting response... 404 Not Found
2026-09-26 12:47:02 ERROR 404: Not Found.

--2026-09-26 12:47:02--  http://www.saoing.com/au/NBN-Gold-Coast.html
Reusing existing connection to www.saoing.com:80.
HTTP request sent, awaiting response... 404 Not Found
2026-09-26 12:47:02 ERROR 404: Not Found.

--2026-09-26 12:47:02--  http://www.saoing.com/au/NBN-Coffs-Harbour-and-Tamworth.html
Reusing existing connection to www.saoing.com:80.
HTTP request sent, awaiting response... 404 Not Found
2026-09-26 12:47:02 ERROR 404: Not Found.

--2026-09-26 12:47:02--  http://www.saoing.com/au/NBN-Central-Coast.html
Reusing existing connection to www.saoing.com:80.
HTTP request sent, awaiting response... 404 Not Found
2026-09-26 12:47:02 ERROR 404: Not Found.

--2026-09-26 12:47:02--  http://www.saoing.com/au/Prime-7-News-Coffs-Harbour-and-Tamworth.html
Reusing existing connection to www.saoing.com:80.
HTTP request sent, awaiting response... 404 Not Found
2026-09-26 12:47:02 ERROR 404: Not Found.

--2026-09-26 12:47:02--  http://www.saoing.com/au/Prime-7-News-Orange-and-Wagga-Wagga.html
Reusing existing connection to www.saoing.com:80.
HTTP request sent, awaiting response... 404 Not Found
2026-09-26 12:47:02 ERROR 404: Not Found.

--2026-09-26 12:47:02--  http://www.saoing.com/changqiang/93.5ERIP-KU.htm
Reusing existing connection to www.saoing.com:80.
HTTP request sent, awaiting response... 200 OK
Length: 474 [text/html]
Saving to: ‘webpages-202609261246/www.saoing.com/changqiang/93.5ERIP-KU.htm’

     0K                                                       100% 54.9M=0s

2026-09-26 12:47:02 (54.9 MB/s) - ‘webpages-202609261246/www.saoing.com/changqiang/93.5ERIP-KU.htm’ saved [474/474]

--2026-09-26 12:47:02--  http://www.saoing.com/EIRP/159-C-band-A-Beam-Even-Transponders1.jpg
Reusing existing connection to www.saoing.com:80.
HTTP request sent, awaiting response... 200 OK
Length: 363505 (355K) [image/jpeg]
Saving to: ‘webpages-202609261246/www.saoing.com/EIRP/159-C-band-A-Beam-Even-Transponders1.jpg’

     0K .......... .......... .......... .......... .......... 14% 1.00G 0s
    50K .......... .......... .......... .......... .......... 28%  299M 0s
   100K .......... .......... .......... .......... .......... 42%  271M 0s
   150K .......... .......... .......... .......... .......... 56%  337M 0s
   200K .......... .......... .......... .......... .......... 70% 93.1T 0s
   250K .......... .......... .......... .......... .......... 84%  366M 0s
   300K .......... .......... .......... .......... .......... 98%  397M 0s
   350K ....                                                  100% 9.29T=0.001s

2026-09-26 12:47:02 (438 MB/s) - ‘webpages-202609261246/www.saoing.com/EIRP/159-C-band-A-Beam-Even-Transponders1.jpg’ saved [363505/363505]

--2026-09-26 12:47:02--  http://www.saoing.com/EIRP/159-Ku-band-Northern-Beam1.jpg
Reusing existing connection to www.saoing.com:80.
HTTP request sent, awaiting response... 200 OK
Length: 309015 (302K) [image/jpeg]
Saving to: ‘webpages-202609261246/www.saoing.com/EIRP/159-Ku-band-Northern-Beam1.jpg’

     0K .......... .......... .......... .......... .......... 16% 1.97G 0s
    50K .......... .......... .......... .......... .......... 33%  237M 0s
   100K .......... .......... .......... .......... .......... 49%  312M 0s
   150K .......... .......... .......... .......... .......... 66%  342M 0s
   200K .......... .......... .......... .......... .......... 82% 93.1T 0s
   250K .......... .......... .......... .......... .......... 99%  409M 0s
   300K .                                                     100% 3.30T=0.001s

2026-09-26 12:47:02 (454 MB/s) - ‘webpages-202609261246/www.saoing.com/EIRP/159-Ku-band-Northern-Beam1.jpg’ saved [309015/309015]

--2026-09-26 12:47:02--  http://www.saoing.com/EIRP/95-12-ku-indo-china.jpg
Reusing existing connection to www.saoing.com:80.
HTTP request sent, awaiting response... 200 OK
Length: 143391 (140K) [image/jpeg]
Saving to: ‘webpages-202609261246/www.saoing.com/EIRP/95-12-ku-indo-china.jpg’

     0K .......... .......... .......... .......... .......... 35% 2.07G 0s
    50K .......... .......... .......... .......... .......... 71%  289M 0s
   100K .......... .......... .......... ..........           100%  272M=0s

2026-09-26 12:47:02 (408 MB/s) - ‘webpages-202609261246/www.saoing.com/EIRP/95-12-ku-indo-china.jpg’ saved [143391/143391]

--2026-09-26 12:47:02--  http://www.saoing.com/changqiang/95EIRP-KU-india.htm
Reusing existing connection to www.saoing.com:80.
HTTP request sent, awaiting response... 404 Not Found
2026-09-26 12:47:02 ERROR 404: Not Found.

--2026-09-26 12:47:02--  http://www.saoing.com/EIRP/95-SES-8_southasia.jpg
Reusing existing connection to www.saoing.com:80.
HTTP request sent, awaiting response... 200 OK
Length: 93275 (91K) [image/jpeg]
Saving to: ‘webpages-202609261246/www.saoing.com/EIRP/95-SES-8_southasia.jpg’

     0K .......... .......... .......... .......... .......... 54% 1.82G 0s
    50K .......... .......... .......... .......... .         100%  288M=0s

2026-09-26 12:47:02 (537 MB/s) - ‘webpages-202609261246/www.saoing.com/EIRP/95-SES-8_southasia.jpg’ saved [93275/93275]

--2026-09-26 12:47:02--  http://www.saoing.com/changqiang/162.0EIRP.htm
Reusing existing connection to www.saoing.com:80.
HTTP request sent, awaiting response... 200 OK
Length: 424 [text/html]
Saving to: ‘webpages-202609261246/www.saoing.com/changqiang/162.0EIRP.htm’

     0K                                                       100% 50.6M=0s

2026-09-26 12:47:03 (50.6 MB/s) - ‘webpages-202609261246/www.saoing.com/changqiang/162.0EIRP.htm’ saved [424/424]

--2026-09-26 12:47:03--  http://www.saoing.com/changqiang/96.5EIRP-C.htm
Reusing existing connection to www.saoing.com:80.
HTTP request sent, awaiting response... 200 OK
Length: 451 [text/html]
Saving to: ‘webpages-202609261246/www.saoing.com/changqiang/96.5EIRP-C.htm’

     0K                                                       100% 79.1M=0s

2026-09-26 12:47:03 (79.1 MB/s) - ‘webpages-202609261246/www.saoing.com/changqiang/96.5EIRP-C.htm’ saved [451/451]

--2026-09-26 12:47:03--  http://www.saoing.com/changqiang/96.5EIRP-KU.htm
Reusing existing connection to www.saoing.com:80.
HTTP request sent, awaiting response... 200 OK
Length: 453 [text/html]
Saving to: ‘webpages-202609261246/www.saoing.com/changqiang/96.5EIRP-KU.htm’

     0K                                                       100% 47.9M=0s

2026-09-26 12:47:03 (47.9 MB/s) - ‘webpages-202609261246/www.saoing.com/changqiang/96.5EIRP-KU.htm’ saved [453/453]

--2026-09-26 12:47:03--  http://www.saoing.com/EIRP/166Ku-NW-Pacific.jpg
Reusing existing connection to www.saoing.com:80.
HTTP request sent, awaiting response... 200 OK
Length: 192975 (188K) [image/jpeg]
Saving to: ‘webpages-202609261246/www.saoing.com/EIRP/166Ku-NW-Pacific.jpg’

     0K .......... .......... .......... .......... .......... 26% 1.22G 0s
    50K .......... .......... .......... .......... .......... 53%  286M 0s
   100K .......... .......... .......... .......... .......... 79%  429M 0s
   150K .......... .......... .......... ........             100% 71.6T=0s

2026-09-26 12:47:03 (568 MB/s) - ‘webpages-202609261246/www.saoing.com/EIRP/166Ku-NW-Pacific.jpg’ saved [192975/192975]

--2026-09-26 12:47:03--  http://www.saoing.com/changqiang/98.0EIRP-ku-indonesia.htm
Reusing existing connection to www.saoing.com:80.
HTTP request sent, awaiting response... 404 Not Found
2026-09-26 12:47:03 ERROR 404: Not Found.

--2026-09-26 12:47:03--  http://www.saoing.com/EIRP/98-c.jpg
Reusing existing connection to www.saoing.com:80.
HTTP request sent, awaiting response... 200 OK
Length: 298686 (292K) [image/jpeg]
Saving to: ‘webpages-202609261246/www.saoing.com/EIRP/98-c.jpg’

     0K .......... .......... .......... .......... .......... 17% 1.60G 0s
    50K .......... .......... .......... .......... .......... 34%  300M 0s
   100K .......... .......... .......... .......... .......... 51%  320M 0s
   150K .......... .......... .......... .......... .......... 68%  354M 0s
   200K .......... .......... .......... .......... .......... 85% 93.1T 0s
   250K .......... .......... .......... .......... .         100%  239M=0.001s

2026-09-26 12:47:03 (436 MB/s) - ‘webpages-202609261246/www.saoing.com/EIRP/98-c.jpg’ saved [298686/298686]

--2026-09-26 12:47:03--  http://www.saoing.com/MediaNet.mv
Reusing existing connection to www.saoing.com:80.
HTTP request sent, awaiting response... 404 Not Found
2026-09-26 12:47:03 ERROR 404: Not Found.

--2026-09-26 12:47:03--  http://www.saoing.com/EIRP/169C-band.jpg
Reusing existing connection to www.saoing.com:80.
HTTP request sent, awaiting response... 200 OK
Length: 134158 (131K) [image/jpeg]
Saving to: ‘webpages-202609261246/www.saoing.com/EIRP/169C-band.jpg’

     0K .......... .......... .......... .......... .......... 38% 1.27G 0s
    50K .......... .......... .......... .......... .......... 76%  277M 0s
   100K .......... .......... .......... .                    100%  204M=0s

2026-09-26 12:47:03 (353 MB/s) - ‘webpages-202609261246/www.saoing.com/EIRP/169C-band.jpg’ saved [134158/134158]

--2026-09-26 12:47:03--  http://www.saoing.com/EIRP/169Ku-band.jpg
Reusing existing connection to www.saoing.com:80.
HTTP request sent, awaiting response... 200 OK
Length: 252812 (247K) [image/jpeg]
Saving to: ‘webpages-202609261246/www.saoing.com/EIRP/169Ku-band.jpg’

     0K .......... .......... .......... .......... .......... 20% 1.53G 0s
    50K .......... .......... .......... .......... .......... 40%  242M 0s
   100K .......... .......... .......... .......... .......... 60%  269M 0s
   150K .......... .......... .......... .......... .......... 81%  245M 0s
   200K .......... .......... .......... .......... ......    100%  305M=0.001s

2026-09-26 12:47:03 (316 MB/s) - ‘webpages-202609261246/www.saoing.com/EIRP/169Ku-band.jpg’ saved [252812/252812]

--2026-09-26 12:47:03--  http://www.saoing.com/changqiang/169.0EIRP-C.htm
Reusing existing connection to www.saoing.com:80.
HTTP request sent, awaiting response... 404 Not Found
2026-09-26 12:47:03 ERROR 404: Not Found.

--2026-09-26 12:47:03--  http://www.saoing.com/EIRP/100.5-c.jpg
Reusing existing connection to www.saoing.com:80.
HTTP request sent, awaiting response... 200 OK
Length: 142977 (140K) [image/jpeg]
Saving to: ‘webpages-202609261246/www.saoing.com/EIRP/100.5-c.jpg’

     0K .......... .......... .......... .......... .......... 35% 2.02G 0s
    50K .......... .......... .......... .......... .......... 71%  200M 0s
   100K .......... .......... .......... .........            100%  488M=0s

2026-09-26 12:47:03 (394 MB/s) - ‘webpages-202609261246/www.saoing.com/EIRP/100.5-c.jpg’ saved [142977/142977]

--2026-09-26 12:47:03--  http://www.saoing.com/EIRP/100.5-ku-sasia.jpg
Reusing existing connection to www.saoing.com:80.
HTTP request sent, awaiting response... 200 OK
Length: 119589 (117K) [image/jpeg]
Saving to: ‘webpages-202609261246/www.saoing.com/EIRP/100.5-ku-sasia.jpg’

     0K .......... .......... .......... .......... .......... 42%  778M 0s
    50K .......... .......... .......... .......... .......... 85%  347M 0s
   100K .......... ......                                     100% 31.3T=0s

2026-09-26 12:47:03 (560 MB/s) - ‘webpages-202609261246/www.saoing.com/EIRP/100.5-ku-sasia.jpg’ saved [119589/119589]

--2026-09-26 12:47:03--  http://www.saoing.com/EIRP/100.5-ku-easia.jpg
Reusing existing connection to www.saoing.com:80.
HTTP request sent, awaiting response... 200 OK
Length: 85382 (83K) [image/jpeg]
Saving to: ‘webpages-202609261246/www.saoing.com/EIRP/100.5-ku-easia.jpg’

     0K .......... .......... .......... .......... .......... 59% 1.82G 0s
    50K .......... .......... .......... ...                  100%  277M=0s

2026-09-26 12:47:03 (566 MB/s) - ‘webpages-202609261246/www.saoing.com/EIRP/100.5-ku-easia.jpg’ saved [85382/85382]

--2026-09-26 12:47:03--  http://www.saoing.com/changqiang/100.5EIRP-ku.htm
Reusing existing connection to www.saoing.com:80.
HTTP request sent, awaiting response... 404 Not Found
2026-09-26 12:47:03 ERROR 404: Not Found.

--2026-09-26 12:47:03--  http://www.saoing.com/EIRP/101.4-ku-china.jpg
Reusing existing connection to www.saoing.com:80.
HTTP request sent, awaiting response... 200 OK
Length: 298034 (291K) [image/jpeg]
Saving to: ‘webpages-202609261246/www.saoing.com/EIRP/101.4-ku-china.jpg’

     0K .......... .......... .......... .......... .......... 17% 1.14G 0s
    50K .......... .......... .......... .......... .......... 34%  210M 0s
   100K .......... .......... .......... .......... .......... 51%  345M 0s
   150K .......... .......... .......... .......... .......... 68%  274M 0s
   200K .......... .......... .......... .......... .......... 85% 93.1T 0s
   250K .......... .......... .......... .......... .         100%  265M=0.001s

2026-09-26 12:47:03 (382 MB/s) - ‘webpages-202609261246/www.saoing.com/EIRP/101.4-ku-china.jpg’ saved [298034/298034]

--2026-09-26 12:47:03--  http://www.saoing.com/EIRP/101.4-ku-bss.jpg
Reusing existing connection to www.saoing.com:80.
HTTP request sent, awaiting response... 200 OK
Length: 43896 (43K) [image/jpeg]
Saving to: ‘webpages-202609261246/www.saoing.com/EIRP/101.4-ku-bss.jpg’

     0K .......... .......... .......... .......... ..        100%  519M=0s

2026-09-26 12:47:03 (519 MB/s) - ‘webpages-202609261246/www.saoing.com/EIRP/101.4-ku-bss.jpg’ saved [43896/43896]

--2026-09-26 12:47:03--  http://www.saoing.com/EIRP/180-C-South.jpg
Reusing existing connection to www.saoing.com:80.
HTTP request sent, awaiting response... 200 OK
Length: 216185 (211K) [image/jpeg]
Saving to: ‘webpages-202609261246/www.saoing.com/EIRP/180-C-South.jpg’

     0K .......... .......... .......... .......... .......... 23% 1.26G 0s
    50K .......... .......... .......... .......... .......... 47%  170M 0s
   100K .......... .......... .......... .......... .......... 71%  327M 0s
   150K .......... .......... .......... .......... .......... 94%  380M 0s
   200K .......... .                                          100% 20.7T=0.001s

2026-09-26 12:47:03 (342 MB/s) - ‘webpages-202609261246/www.saoing.com/EIRP/180-C-South.jpg’ saved [216185/216185]

--2026-09-26 12:47:03--  http://www.saoing.com/EIRP/180-C-North.jpg
Reusing existing connection to www.saoing.com:80.
HTTP request sent, awaiting response... 200 OK
Length: 196359 (192K) [image/jpeg]
Saving to: ‘webpages-202609261246/www.saoing.com/EIRP/180-C-North.jpg’

     0K .......... .......... .......... .......... .......... 26%  229M 0s
    50K .......... .......... .......... .......... .......... 52% 93.1T 0s
   100K .......... .......... .......... .......... .......... 78%  213M 0s
   150K .......... .......... .......... .......... .         100%  254M=0.001s

2026-09-26 12:47:04 (310 MB/s) - ‘webpages-202609261246/www.saoing.com/EIRP/180-C-North.jpg’ saved [196359/196359]

--2026-09-26 12:47:04--  http://www.saoing.com/EIRP/180-C-Global.jpg
Reusing existing connection to www.saoing.com:80.
HTTP request sent, awaiting response... 200 OK
Length: 174507 (170K) [image/jpeg]
Saving to: ‘webpages-202609261246/www.saoing.com/EIRP/180-C-Global.jpg’

     0K .......... .......... .......... .......... .......... 29%  227M 0s
    50K .......... .......... .......... .......... .......... 58% 93.1T 0s
   100K .......... .......... .......... .......... .......... 88%  345M 0s
   150K .......... ..........                                 100%  199M=0s

2026-09-26 12:47:04 (364 MB/s) - ‘webpages-202609261246/www.saoing.com/EIRP/180-C-Global.jpg’ saved [174507/174507]

--2026-09-26 12:47:04--  http://www.saoing.com/EIRP/103.0-C.png
Reusing existing connection to www.saoing.com:80.
HTTP request sent, awaiting response... 200 OK
Length: 789573 (771K) [image/png]
Saving to: ‘webpages-202609261246/www.saoing.com/EIRP/103.0-C.png’

     0K .......... .......... .......... .......... ..........  6% 1.06G 0s
    50K .......... .......... .......... .......... .......... 12%  172M 0s
   100K .......... .......... .......... .......... .......... 19%  298M 0s
   150K .......... .......... .......... .......... .......... 25%  292M 0s
   200K .......... .......... .......... .......... .......... 32% 93.1T 0s
   250K .......... .......... .......... .......... .......... 38%  207M 0s
   300K .......... .......... .......... .......... .......... 45%  348M 0s
   350K .......... .......... .......... .......... .......... 51%  384M 0s
   400K .......... .......... .......... .......... .......... 58%  375M 0s
   450K .......... .......... .......... .......... .......... 64% 93.1T 0s
   500K .......... .......... .......... .......... .......... 71%  371M 0s
   550K .......... .......... .......... .......... .......... 77%  367M 0s
   600K .......... .......... .......... .......... .......... 84%  425M 0s
   650K .......... .......... .......... .......... .......... 90%  387M 0s
   700K .......... .......... .......... .......... .......... 97% 93.1T 0s
   750K .......... .......... .                               100%  200M=0.002s

2026-09-26 12:47:04 (396 MB/s) - ‘webpages-202609261246/www.saoing.com/EIRP/103.0-C.png’ saved [789573/789573]

--2026-09-26 12:47:04--  http://www.saoing.com/EIRP/103.0-KU-fixed.png
Reusing existing connection to www.saoing.com:80.
HTTP request sent, awaiting response... 200 OK
Length: 764403 (746K) [image/png]
Saving to: ‘webpages-202609261246/www.saoing.com/EIRP/103.0-KU-fixed.png’

     0K .......... .......... .......... .......... ..........  6% 1.04G 0s
    50K .......... .......... .......... .......... .......... 13%  312M 0s
   100K .......... .......... .......... .......... .......... 20%  301M 0s
   150K .......... .......... .......... .......... .......... 26%  414M 0s
   200K .......... .......... .......... .......... .......... 33% 93.1T 0s
   250K .......... .......... .......... .......... .......... 40%  388M 0s
   300K .......... .......... .......... .......... .......... 46%  394M 0s
   350K .......... .......... .......... .......... .......... 53%  409M 0s
   400K .......... .......... .......... .......... .......... 60%  513M 0s
   450K .......... .......... .......... .......... .......... 66% 93.1T 0s
   500K .......... .......... .......... .......... .......... 73%  460M 0s
   550K .......... .......... .......... .......... .......... 80%  361M 0s
   600K .......... .......... .......... .......... .......... 87%  334M 0s
   650K .......... .......... .......... .......... .......... 93% 93.1T 0s
   700K .......... .......... .......... .......... ......    100%  399M=0.001s

2026-09-26 12:47:04 (504 MB/s) - ‘webpages-202609261246/www.saoing.com/EIRP/103.0-KU-fixed.png’ saved [764403/764403]

--2026-09-26 12:47:04--  http://www.saoing.com/EIRP/183-c-global.jpg
Reusing existing connection to www.saoing.com:80.
HTTP request sent, awaiting response... 200 OK
Length: 111102 (108K) [image/jpeg]
Saving to: ‘webpages-202609261246/www.saoing.com/EIRP/183-c-global.jpg’

     0K .......... .......... .......... .......... .......... 46% 1.31G 0s
    50K .......... .......... .......... .......... .......... 92%  203M 0s
   100K ........                                              100% 15.8T=0s

2026-09-26 12:47:04 (383 MB/s) - ‘webpages-202609261246/www.saoing.com/EIRP/183-c-global.jpg’ saved [111102/111102]

--2026-09-26 12:47:04--  http://www.saoing.com/EIRP/90-Yamal%20401%20Russian%20Beam%20C-Band.jpg
Reusing existing connection to www.saoing.com:80.
HTTP request sent, awaiting response... 200 OK
Length: 139764 (136K) [image/jpeg]
Saving to: ‘webpages-202609261246/www.saoing.com/EIRP/90-Yamal 401 Russian Beam C-Band.jpg’

     0K .......... .......... .......... .......... .......... 36%  319M 0s
    50K .......... .......... .......... .......... .......... 73%  327M 0s
   100K .......... .......... .......... ......               100% 68.0T=0s

2026-09-26 12:47:04 (441 MB/s) - ‘webpages-202609261246/www.saoing.com/EIRP/90-Yamal 401 Russian Beam C-Band.jpg’ saved [139764/139764]

--2026-09-26 12:47:04--  http://www.saoing.com/EIRP/90-Yamal%20401%20Russian%20Beam%20Ku-Band.jpg
Reusing existing connection to www.saoing.com:80.
HTTP request sent, awaiting response... 200 OK
Length: 142058 (139K) [image/jpeg]
Saving to: ‘webpages-202609261246/www.saoing.com/EIRP/90-Yamal 401 Russian Beam Ku-Band.jpg’

     0K .......... .......... .......... .......... .......... 36% 1.06G 0s
    50K .......... .......... .......... .......... .......... 72%  300M 0s
   100K .......... .......... .......... ........             100%  371M=0s

2026-09-26 12:47:04 (438 MB/s) - ‘webpages-202609261246/www.saoing.com/EIRP/90-Yamal 401 Russian Beam Ku-Band.jpg’ saved [142058/142058]

--2026-09-26 12:47:04--  http://www.saoing.com/EIRP/90-Yamal%20401%20Northern%20Beam%20Ku-Band.jpg
Reusing existing connection to www.saoing.com:80.
HTTP request sent, awaiting response... 200 OK
Length: 139891 (137K) [image/jpeg]
Saving to: ‘webpages-202609261246/www.saoing.com/EIRP/90-Yamal 401 Northern Beam Ku-Band.jpg’

     0K .......... .......... .......... .......... .......... 36%  304M 0s
    50K .......... .......... .......... .......... .......... 73%  363M 0s
   100K .......... .......... .......... ......               100%  217M=0s

2026-09-26 12:47:04 (290 MB/s) - ‘webpages-202609261246/www.saoing.com/EIRP/90-Yamal 401 Northern Beam Ku-Band.jpg’ saved [139891/139891]

--2026-09-26 12:47:04--  http://www.saoing.com/EIRP/119.5.jpg
Reusing existing connection to www.saoing.com:80.
HTTP request sent, awaiting response... 200 OK
Length: 615312 (601K) [image/jpeg]
Saving to: ‘webpages-202609261246/www.saoing.com/EIRP/119.5.jpg’

     0K .......... .......... .......... .......... ..........  8%  398M 0s
    50K .......... .......... .......... .......... .......... 16%  294M 0s
   100K .......... .......... .......... .......... .......... 24%  287M 0s
   150K .......... .......... .......... .......... .......... 33%  321M 0s
   200K .......... .......... .......... .......... .......... 41% 93.1T 0s
   250K .......... .......... .......... .......... .......... 49%  362M 0s
   300K .......... .......... .......... .......... .......... 58%  497M 0s
   350K .......... .......... .......... .......... .......... 66%  393M 0s
   400K .......... .......... .......... .......... .......... 74% 93.1T 0s
   450K .......... .......... .......... .......... .......... 83%  511M 0s
   500K .......... .......... .......... .......... .......... 91%  271M 0s
   550K .......... .......... .......... .......... .......... 99%  323M 0s
   600K                                                       100% 1.66T=0.001s

2026-09-26 12:47:04 (421 MB/s) - ‘webpages-202609261246/www.saoing.com/EIRP/119.5.jpg’ saved [615312/615312]

--2026-09-26 12:47:04--  http://www.saoing.com/EIRP/119.5footprint.jpg
Reusing existing connection to www.saoing.com:80.
HTTP request sent, awaiting response... 200 OK
Length: 152115 (149K) [image/jpeg]
Saving to: ‘webpages-202609261246/www.saoing.com/EIRP/119.5footprint.jpg’

     0K .......... .......... .......... .......... .......... 33%  337M 0s
    50K .......... .......... .......... .......... .......... 67%  343M 0s
   100K .......... .......... .......... .......... ........  100%  388M=0s

2026-09-26 12:47:04 (354 MB/s) - ‘webpages-202609261246/www.saoing.com/EIRP/119.5footprint.jpg’ saved [152115/152115]

--2026-09-26 12:47:04--  http://www.saoing.com/EIRP/45-Ku-Europe.jpg
Reusing existing connection to www.saoing.com:80.
HTTP request sent, awaiting response... 200 OK
Length: 256417 (250K) [image/jpeg]
Saving to: ‘webpages-202609261246/www.saoing.com/EIRP/45-Ku-Europe.jpg’

     0K .......... .......... .......... .......... .......... 19%  373M 0s
    50K .......... .......... .......... .......... .......... 39%  187M 0s
   100K .......... .......... .......... .......... .......... 59%  262M 0s
   150K .......... .......... .......... .......... .......... 79% 93.1T 0s
   200K .......... .......... .......... .......... .......... 99%  321M 0s
   250K                                                       100%  777G=0.001s

2026-09-26 12:47:04 (335 MB/s) - ‘webpages-202609261246/www.saoing.com/EIRP/45-Ku-Europe.jpg’ saved [256417/256417]

--2026-09-26 12:47:04--  http://www.saoing.com/EIRP/45-Ku-SouthAfrica.jpg
Reusing existing connection to www.saoing.com:80.
HTTP request sent, awaiting response... 200 OK
Length: 177547 (173K) [image/jpeg]
Saving to: ‘webpages-202609261246/www.saoing.com/EIRP/45-Ku-SouthAfrica.jpg’

     0K .......... .......... .......... .......... .......... 28%  287M 0s
    50K .......... .......... .......... .......... .......... 57%  346M 0s
   100K .......... .......... .......... .......... .......... 86%  351M 0s
   150K .......... .......... ...                             100% 43.6T=0s

2026-09-26 12:47:04 (376 MB/s) - ‘webpages-202609261246/www.saoing.com/EIRP/45-Ku-SouthAfrica.jpg’ saved [177547/177547]

--2026-09-26 12:47:04--  http://www.saoing.com/EIRP/45-Ku-SteerableS1.jpg
Reusing existing connection to www.saoing.com:80.
HTTP request sent, awaiting response... 200 OK
Length: 223596 (218K) [image/jpeg]
Saving to: ‘webpages-202609261246/www.saoing.com/EIRP/45-Ku-SteerableS1.jpg’

     0K .......... .......... .......... .......... .......... 22%  227M 0s
    50K .......... .......... .......... .......... .......... 45%  353M 0s
   100K .......... .......... .......... .......... .......... 68%  274M 0s
   150K .......... .......... .......... .......... .......... 91% 93.1T 0s
   200K .......... ........                                   100%  174M=0.001s

2026-09-26 12:47:04 (336 MB/s) - ‘webpages-202609261246/www.saoing.com/EIRP/45-Ku-SteerableS1.jpg’ saved [223596/223596]

--2026-09-26 12:47:04--  http://www.saoing.com/EIRP/122-9-KU-NA.jpg
Reusing existing connection to www.saoing.com:80.
HTTP request sent, awaiting response... 200 OK
Length: 701628 (685K) [image/jpeg]
Saving to: ‘webpages-202609261246/www.saoing.com/EIRP/122-9-KU-NA.jpg’

     0K .......... .......... .......... .......... ..........  7%  251M 0s
    50K .......... .......... .......... .......... .......... 14%  264M 0s
   100K .......... .......... .......... .......... .......... 21%  382M 0s
   150K .......... .......... .......... .......... .......... 29% 93.1T 0s
   200K .......... .......... .......... .......... .......... 36%  483M 0s
   250K .......... .......... .......... .......... .......... 43%  524M 0s
   300K .......... .......... .......... .......... .......... 51%  784M 0s
   350K .......... .......... .......... .......... .......... 58%  606M 0s
   400K .......... .......... .......... .......... .......... 65%  146M 0s
   450K .......... .......... .......... .......... .......... 72%  320M 0s
   500K .......... .......... .......... .......... .......... 80% 93.1T 0s
   550K .......... .......... .......... .......... .......... 87%  343M 0s
   600K .......... .......... .......... .......... .......... 94%  423M 0s
   650K .......... .......... .......... .....                100% 65.5T=0.002s

2026-09-26 12:47:04 (421 MB/s) - ‘webpages-202609261246/www.saoing.com/EIRP/122-9-KU-NA.jpg’ saved [701628/701628]

--2026-09-26 12:47:04--  http://www.saoing.com/EIRP/122-9-KU-MG.jpg
Reusing existing connection to www.saoing.com:80.
HTTP request sent, awaiting response... 200 OK
Length: 738805 (721K) [image/jpeg]
Saving to: ‘webpages-202609261246/www.saoing.com/EIRP/122-9-KU-MG.jpg’

     0K .......... .......... .......... .......... ..........  6%  274M 0s
    50K .......... .......... .......... .......... .......... 13%  361M 0s
   100K .......... .......... .......... .......... .......... 20%  387M 0s
   150K .......... .......... .......... .......... .......... 27%  363M 0s
   200K .......... .......... .......... .......... .......... 34%  445M 0s
   250K .......... .......... .......... .......... .......... 41% 93.1T 0s
   300K .......... .......... .......... .......... .......... 48%  266M 0s
   350K .......... .......... .......... .......... .......... 55%  317M 0s
   400K .......... .......... .......... .......... .......... 62%  342M 0s
   450K .......... .......... .......... .......... .......... 69%  392M 0s
   500K .......... .......... .......... .......... .......... 76% 93.1T 0s
   550K .......... .......... .......... .......... .......... 83%  361M 0s
   600K .......... .......... .......... .......... .......... 90%  368M 0s
   650K .......... .......... .......... .......... .......... 97%  412M 0s
   700K .......... .......... .                               100% 40.0T=0.002s

2026-09-26 12:47:04 (421 MB/s) - ‘webpages-202609261246/www.saoing.com/EIRP/122-9-KU-MG.jpg’ saved [738805/738805]

--2026-09-26 12:47:04--  http://www.saoing.com/EIRP/122-9-KU-YN.jpg
Reusing existing connection to www.saoing.com:80.
HTTP request sent, awaiting response... 200 OK
Length: 892901 (872K) [image/jpeg]
Saving to: ‘webpages-202609261246/www.saoing.com/EIRP/122-9-KU-YN.jpg’

     0K .......... .......... .......... .......... ..........  5%  197M 0s
    50K .......... .......... .......... .......... .......... 11%  321M 0s
   100K .......... .......... .......... .......... .......... 17%  356M 0s
   150K .......... .......... .......... .......... .......... 22% 93.1T 0s
   200K .......... .......... .......... .......... .......... 28%  398M 0s
   250K .......... .......... .......... .......... .......... 34%  381M 0s
   300K .......... .......... .......... .......... .......... 40%  426M 0s
   350K .......... .......... .......... .......... .......... 45%  390M 0s
   400K .......... .......... .......... .......... .......... 51% 93.1T 0s
   450K .......... .......... .......... .......... .......... 57%  392M 0s
   500K .......... .......... .......... .......... .......... 63%  414M 0s
   550K .......... .......... .......... .......... .......... 68%  374M 0s
   600K .......... .......... .......... .......... .......... 74% 93.1T 0s
   650K .......... .......... .......... .......... .......... 80%  391M 0s
   700K .......... .......... .......... .......... .......... 86%  409M 0s
   750K .......... .......... .......... .......... .......... 91%  449M 0s
   800K .......... .......... .......... .......... .......... 97%  475M 0s
   850K .......... .......... .                               100% 40.9T=0.002s

2026-09-26 12:47:04 (459 MB/s) - ‘webpages-202609261246/www.saoing.com/EIRP/122-9-KU-YN.jpg’ saved [892901/892901]

--2026-09-26 12:47:04--  http://www.saoing.com/EIRP/122-9-KU-MD.jpg
Reusing existing connection to www.saoing.com:80.
HTTP request sent, awaiting response... 200 OK
Length: 756787 (739K) [image/jpeg]
Saving to: ‘webpages-202609261246/www.saoing.com/EIRP/122-9-KU-MD.jpg’

     0K .......... .......... .......... .......... ..........  6%  249M 0s
    50K .......... .......... .......... .......... .......... 13%  253M 0s
   100K .......... .......... .......... .......... .......... 20% 93.1T 0s
   150K .......... .......... .......... .......... .......... 27%  321M 0s
   200K .......... .......... .......... .......... .......... 33%  401M 0s
   250K .......... .......... .......... .......... .......... 40%  340M 0s
   300K .......... .......... .......... .......... .......... 47%  409M 0s
   350K .......... .......... .......... .......... .......... 54% 93.1T 0s
   400K .......... .......... .......... .......... .......... 60%  379M 0s
   450K .......... .......... .......... .......... .......... 67%  278M 0s
   500K .......... .......... .......... .......... .......... 74%  418M 0s
   550K .......... .......... .......... .......... .......... 81% 93.1T 0s
   600K .......... .......... .......... .......... .......... 87%  402M 0s
   650K .......... .......... .......... .......... .......... 94%  441M 0s
   700K .......... .......... .......... .........            100%  406M=0.002s

2026-09-26 12:47:04 (431 MB/s) - ‘webpages-202609261246/www.saoing.com/EIRP/122-9-KU-MD.jpg’ saved [756787/756787]

--2026-09-26 12:47:04--  http://www.saoing.com/EIRP/49_c.jpg
Reusing existing connection to www.saoing.com:80.
HTTP request sent, awaiting response... 200 OK
Length: 244820 (239K) [image/jpeg]
Saving to: ‘webpages-202609261246/www.saoing.com/EIRP/49_c.jpg’

     0K .......... .......... .......... .......... .......... 20%  192M 0s
    50K .......... .......... .......... .......... .......... 41%  341M 0s
   100K .......... .......... .......... .......... .......... 62%  333M 0s
   150K .......... .......... .......... .......... .......... 83%  393M 0s
   200K .......... .......... .......... .........            100% 72.8T=0.001s

2026-09-26 12:47:05 (349 MB/s) - ‘webpages-202609261246/www.saoing.com/EIRP/49_c.jpg’ saved [244820/244820]

--2026-09-26 12:47:05--  http://www.saoing.com/EIRP/51.5-C-EAST.jpg
Reusing existing connection to www.saoing.com:80.
HTTP request sent, awaiting response... 200 OK
Length: 117308 (115K) [image/jpeg]
Saving to: ‘webpages-202609261246/www.saoing.com/EIRP/51.5-C-EAST.jpg’

     0K .......... .......... .......... .......... .......... 43%  376M 0s
    50K .......... .......... .......... .......... .......... 87%  179M 0s
   100K .......... ....                                       100% 27.1T=0s

2026-09-26 12:47:05 (278 MB/s) - ‘webpages-202609261246/www.saoing.com/EIRP/51.5-C-EAST.jpg’ saved [117308/117308]

--2026-09-26 12:47:05--  http://www.saoing.com/EIRP/51.5-C-Africa.jpg
Reusing existing connection to www.saoing.com:80.
HTTP request sent, awaiting response... 200 OK
Length: 120486 (118K) [image/jpeg]
Saving to: ‘webpages-202609261246/www.saoing.com/EIRP/51.5-C-Africa.jpg’

     0K .......... .......... .......... .......... .......... 42%  327M 0s
    50K .......... .......... .......... .......... .......... 84%  490M 0s
   100K .......... .......                                    100% 32.9T=0s

2026-09-26 12:47:05 (461 MB/s) - ‘webpages-202609261246/www.saoing.com/EIRP/51.5-C-Africa.jpg’ saved [120486/120486]

--2026-09-26 12:47:05--  http://www.saoing.com/EIRP/51.5-ku-Europe.jpg
Reusing existing connection to www.saoing.com:80.
HTTP request sent, awaiting response... 200 OK
Length: 114504 (112K) [image/jpeg]
Saving to: ‘webpages-202609261246/www.saoing.com/EIRP/51.5-ku-Europe.jpg’

     0K .......... .......... .......... .......... .......... 44%  216M 0s
    50K .......... .......... .......... .......... .......... 89%  378M 0s
   100K .......... .                                          100% 22.0T=0s

2026-09-26 12:47:05 (307 MB/s) - ‘webpages-202609261246/www.saoing.com/EIRP/51.5-ku-Europe.jpg’ saved [114504/114504]

--2026-09-26 12:47:05--  http://www.saoing.com/EIRP/51.5-ku-Africa.jpg
Reusing existing connection to www.saoing.com:80.
HTTP request sent, awaiting response... 200 OK
Length: 109083 (107K) [image/jpeg]
Saving to: ‘webpages-202609261246/www.saoing.com/EIRP/51.5-ku-Africa.jpg’

     0K .......... .......... .......... .......... .......... 46%  194M 0s
    50K .......... .......... .......... .......... .......... 93%  273M 0s
   100K ......                                                100% 12.2T=0s

2026-09-26 12:47:05 (242 MB/s) - ‘webpages-202609261246/www.saoing.com/EIRP/51.5-ku-Africa.jpg’ saved [109083/109083]

--2026-09-26 12:47:05--  http://www.saoing.com/EIRP/125-C.jpg
Reusing existing connection to www.saoing.com:80.
HTTP request sent, awaiting response... 200 OK
Length: 88263 (86K) [image/jpeg]
Saving to: ‘webpages-202609261246/www.saoing.com/EIRP/125-C.jpg’

     0K .......... .......... .......... .......... .......... 58%  214M 0s
    50K .......... .......... .......... ......               100% 67.4T=0s

2026-09-26 12:47:05 (370 MB/s) - ‘webpages-202609261246/www.saoing.com/EIRP/125-C.jpg’ saved [88263/88263]

--2026-09-26 12:47:05--  http://www.saoing.com/EIRP/125-KU-Move.jpg
Reusing existing connection to www.saoing.com:80.
HTTP request sent, awaiting response... 200 OK
Length: 82905 (81K) [image/jpeg]
Saving to: ‘webpages-202609261246/www.saoing.com/EIRP/125-KU-Move.jpg’

     0K .......... .......... .......... .......... .......... 61%  173M 0s
    50K .......... .......... ..........                      100%  200M=0s

2026-09-26 12:47:05 (183 MB/s) - ‘webpages-202609261246/www.saoing.com/EIRP/125-KU-Move.jpg’ saved [82905/82905]

--2026-09-26 12:47:05--  http://www.saoing.com/EIRP/52.0-west.jpg
Reusing existing connection to www.saoing.com:80.
HTTP request sent, awaiting response... 200 OK
Length: 117116 (114K) [image/jpeg]
Saving to: ‘webpages-202609261246/www.saoing.com/EIRP/52.0-west.jpg’

     0K .......... .......... .......... .......... .......... 43%  760M 0s
    50K .......... .......... .......... .......... .......... 87%  273M 0s
   100K .......... ....                                       100% 26.8T=0s

2026-09-26 12:47:05 (459 MB/s) - ‘webpages-202609261246/www.saoing.com/EIRP/52.0-west.jpg’ saved [117116/117116]

--2026-09-26 12:47:05--  http://www.saoing.com/EIRP/52.0-mena.jpg
Reusing existing connection to www.saoing.com:80.
HTTP request sent, awaiting response... 200 OK
Length: 99069 (97K) [image/jpeg]
Saving to: ‘webpages-202609261246/www.saoing.com/EIRP/52.0-mena.jpg’

     0K .......... .......... .......... .......... .......... 51%  284M 0s
    50K .......... .......... .......... .......... ......    100%  368M=0s

2026-09-26 12:47:05 (319 MB/s) - ‘webpages-202609261246/www.saoing.com/EIRP/52.0-mena.jpg’ saved [99069/99069]

--2026-09-26 12:47:05--  http://www.saoing.com/EIRP/53-am6-c1.jpg
Reusing existing connection to www.saoing.com:80.
HTTP request sent, awaiting response... 200 OK
Length: 164251 (160K) [image/jpeg]
Saving to: ‘webpages-202609261246/www.saoing.com/EIRP/53-am6-c1.jpg’

     0K .......... .......... .......... .......... .......... 31%  219M 0s
    50K .......... .......... .......... .......... .......... 62%  371M 0s
   100K .......... .......... .......... .......... .......... 93%  355M 0s
   150K ..........                                            100% 19.4T=0s

2026-09-26 12:47:05 (318 MB/s) - ‘webpages-202609261246/www.saoing.com/EIRP/53-am6-c1.jpg’ saved [164251/164251]

--2026-09-26 12:47:05--  http://www.saoing.com/EIRP/53-am6-c2.jpg
Reusing existing connection to www.saoing.com:80.
HTTP request sent, awaiting response... 200 OK
Length: 168006 (164K) [image/jpeg]
Saving to: ‘webpages-202609261246/www.saoing.com/EIRP/53-am6-c2.jpg’

     0K .......... .......... .......... .......... .......... 30%  345M 0s
    50K .......... .......... .......... .......... .......... 60%  333M 0s
   100K .......... .......... .......... .......... .......... 91%  348M 0s
   150K .......... ....                                       100% 26.2T=0s

2026-09-26 12:47:05 (374 MB/s) - ‘webpages-202609261246/www.saoing.com/EIRP/53-am6-c2.jpg’ saved [168006/168006]

--2026-09-26 12:47:05--  http://www.saoing.com/EIRP/53-am6-ku1.jpg
Reusing existing connection to www.saoing.com:80.
HTTP request sent, awaiting response... 200 OK
Length: 175029 (171K) [image/jpeg]
Saving to: ‘webpages-202609261246/www.saoing.com/EIRP/53-am6-ku1.jpg’

     0K .......... .......... .......... .......... .......... 29% 1.26G 0s
    50K .......... .......... .......... .......... .......... 58%  227M 0s
   100K .......... .......... .......... .......... .......... 87%  396M 0s
   150K .......... ..........                                 100% 39.0T=0s

2026-09-26 12:47:05 (444 MB/s) - ‘webpages-202609261246/www.saoing.com/EIRP/53-am6-ku1.jpg’ saved [175029/175029]

--2026-09-26 12:47:05--  http://www.saoing.com/EIRP/53-am6-ku-st.jpg
Reusing existing connection to www.saoing.com:80.
HTTP request sent, awaiting response... 200 OK
Length: 169105 (165K) [image/jpeg]
Saving to: ‘webpages-202609261246/www.saoing.com/EIRP/53-am6-ku-st.jpg’

     0K .......... .......... .......... .......... .......... 30%  291M 0s
    50K .......... .......... .......... .......... .......... 60%  288M 0s
   100K .......... .......... .......... .......... .......... 90%  489M 0s
   150K .......... .....                                      100% 28.2T=0s

2026-09-26 12:47:05 (369 MB/s) - ‘webpages-202609261246/www.saoing.com/EIRP/53-am6-ku-st.jpg’ saved [169105/169105]

--2026-09-26 12:47:05--  http://www.saoing.com/EIRP/53-am6-ka.jpg
Reusing existing connection to www.saoing.com:80.
HTTP request sent, awaiting response... 200 OK
Length: 183566 (179K) [image/jpeg]
Saving to: ‘webpages-202609261246/www.saoing.com/EIRP/53-am6-ka.jpg’

     0K .......... .......... .......... .......... .......... 27%  227M 0s
    50K .......... .......... .......... .......... .......... 55%  235M 0s
   100K .......... .......... .......... .......... .......... 83%  409M 0s
   150K .......... .......... .........                       100% 54.5T=0.001s

2026-09-26 12:47:05 (323 MB/s) - ‘webpages-202609261246/www.saoing.com/EIRP/53-am6-ka.jpg’ saved [183566/183566]

--2026-09-26 12:47:05--  http://www.saoing.com/EIRP/128.5c.jpg
Reusing existing connection to www.saoing.com:80.
HTTP request sent, awaiting response... 200 OK
Length: 124724 (122K) [image/jpeg]
Saving to: ‘webpages-202609261246/www.saoing.com/EIRP/128.5c.jpg’

     0K .......... .......... .......... .......... .......... 41%  977M 0s
    50K .......... .......... .......... .......... .......... 82%  267M 0s
   100K .......... .......... .                               100% 40.6T=0s

2026-09-26 12:47:05 (511 MB/s) - ‘webpages-202609261246/www.saoing.com/EIRP/128.5c.jpg’ saved [124724/124724]

--2026-09-26 12:47:05--  http://www.saoing.com/EIRP/128.5KU.jpg
Reusing existing connection to www.saoing.com:80.
HTTP request sent, awaiting response... 200 OK
Length: 129041 (126K) [image/jpeg]
Saving to: ‘webpages-202609261246/www.saoing.com/EIRP/128.5KU.jpg’

     0K .......... .......... .......... .......... .......... 39%  428M 0s
    50K .......... .......... .......... .......... .......... 79%  367M 0s
   100K .......... .......... ......                          100%  194M=0s

2026-09-26 12:47:05 (325 MB/s) - ‘webpages-202609261246/www.saoing.com/EIRP/128.5KU.jpg’ saved [129041/129041]

--2026-09-26 12:47:05--  http://www.saoing.com/EIRP/56.0-ku-east.jpg
Reusing existing connection to www.saoing.com:80.
HTTP request sent, awaiting response... 200 OK
Length: 175480 (171K) [image/jpeg]
Saving to: ‘webpages-202609261246/www.saoing.com/EIRP/56.0-ku-east.jpg’

     0K .......... .......... .......... .......... .......... 29%  290M 0s
    50K .......... .......... .......... .......... .......... 58%  297M 0s
   100K .......... .......... .......... .......... .......... 87%  456M 0s
   150K .......... .......... .                               100% 39.8T=0s

2026-09-26 12:47:05 (380 MB/s) - ‘webpages-202609261246/www.saoing.com/EIRP/56.0-ku-east.jpg’ saved [175480/175480]

--2026-09-26 12:47:05--  http://www.saoing.com/EIRP/56.0-ku-wide.jpg
Reusing existing connection to www.saoing.com:80.
HTTP request sent, awaiting response... 200 OK
Length: 173204 (169K) [image/jpeg]
Saving to: ‘webpages-202609261246/www.saoing.com/EIRP/56.0-ku-wide.jpg’

     0K .......... .......... .......... .......... .......... 29% 1.39G 0s
    50K .......... .......... .......... .......... .......... 59%  246M 0s
   100K .......... .......... .......... .......... .......... 88%  393M 0s
   150K .......... .........                                  100% 35.7T=0s

2026-09-26 12:47:06 (463 MB/s) - ‘webpages-202609261246/www.saoing.com/EIRP/56.0-ku-wide.jpg’ saved [173204/173204]

--2026-09-26 12:47:06--  http://www.saoing.com/EIRP/95-12-ku-australia.jpg
Reusing existing connection to www.saoing.com:80.
HTTP request sent, awaiting response... 200 OK
Length: 193815 (189K) [image/jpeg]
Saving to: ‘webpages-202609261246/www.saoing.com/EIRP/95-12-ku-australia.jpg’

     0K .......... .......... .......... .......... .......... 26%  288M 0s
    50K .......... .......... .......... .......... .......... 52%  441M 0s
   100K .......... .......... .......... .......... .......... 79%  318M 0s
   150K .......... .......... .......... .........            100% 73.2T=0s

2026-09-26 12:47:06 (426 MB/s) - ‘webpages-202609261246/www.saoing.com/EIRP/95-12-ku-australia.jpg’ saved [193815/193815]

--2026-09-26 12:47:06--  http://www.saoing.com/EIRP/95-12-ku-band-coverage.jpg
Reusing existing connection to www.saoing.com:80.
HTTP request sent, awaiting response... 200 OK
Length: 252824 (247K) [image/jpeg]
Saving to: ‘webpages-202609261246/www.saoing.com/EIRP/95-12-ku-band-coverage.jpg’

     0K .......... .......... .......... .......... .......... 20%  305M 0s
    50K .......... .......... .......... .......... .......... 40%  333M 0s
   100K .......... .......... .......... .......... .......... 60%  386M 0s
   150K .......... .......... .......... .......... .......... 81% 93.1T 0s
   200K .......... .......... .......... .......... ......    100%  425M=0.001s

2026-09-26 12:47:06 (446 MB/s) - ‘webpages-202609261246/www.saoing.com/EIRP/95-12-ku-band-coverage.jpg’ saved [252824/252824]

--2026-09-26 12:47:06--  http://www.saoing.com/EIRP/95-12-ku-band-HTS-outer.jpg
Reusing existing connection to www.saoing.com:80.
HTTP request sent, awaiting response... 200 OK
Length: 196434 (192K) [image/jpeg]
Saving to: ‘webpages-202609261246/www.saoing.com/EIRP/95-12-ku-band-HTS-outer.jpg’

     0K .......... .......... .......... .......... .......... 26%  269M 0s
    50K .......... .......... .......... .......... .......... 52%  446M 0s
   100K .......... .......... .......... .......... .......... 78%  269M 0s
   150K .......... .......... .......... .......... .         100%  286M=0.001s

2026-09-26 12:47:06 (304 MB/s) - ‘webpages-202609261246/www.saoing.com/EIRP/95-12-ku-band-HTS-outer.jpg’ saved [196434/196434]

--2026-09-26 12:47:06--  http://www.saoing.com/EIRP/95-12-ku-north_east_asia.jpg
Reusing existing connection to www.saoing.com:80.
HTTP request sent, awaiting response... 200 OK
Length: 214436 (209K) [image/jpeg]
Saving to: ‘webpages-202609261246/www.saoing.com/EIRP/95-12-ku-north_east_asia.jpg’

     0K .......... .......... .......... .......... .......... 23%  419M 0s
    50K .......... .......... .......... .......... .......... 47%  623M 0s
   100K .......... .......... .......... .......... .......... 71%  459M 0s
   150K .......... .......... .......... .......... .......... 95%  486M 0s
   200K .........                                             100% 17.5T=0s

2026-09-26 12:47:06 (509 MB/s) - ‘webpages-202609261246/www.saoing.com/EIRP/95-12-ku-north_east_asia.jpg’ saved [214436/214436]

--2026-09-26 12:47:06--  http://www.saoing.com/EIRP/95-12-ku-south_east_asia.jpg
Reusing existing connection to www.saoing.com:80.
HTTP request sent, awaiting response... 200 OK
Length: 181094 (177K) [image/jpeg]
Saving to: ‘webpages-202609261246/www.saoing.com/EIRP/95-12-ku-south_east_asia.jpg’

     0K .......... .......... .......... .......... .......... 28%  358M 0s
    50K .......... .......... .......... .......... .......... 56%  406M 0s
   100K .......... .......... .......... .......... .......... 84%  353M 0s
   150K .......... .......... ......                          100% 50.0T=0s

2026-09-26 12:47:06 (437 MB/s) - ‘webpages-202609261246/www.saoing.com/EIRP/95-12-ku-south_east_asia.jpg’ saved [181094/181094]

--2026-09-26 12:47:06--  http://www.saoing.com/EIRP/95-12-ku-south-asia.jpg
Reusing existing connection to www.saoing.com:80.
HTTP request sent, awaiting response... 200 OK
Length: 173409 (169K) [image/jpeg]
Saving to: ‘webpages-202609261246/www.saoing.com/EIRP/95-12-ku-south-asia.jpg’

     0K .......... .......... .......... .......... .......... 29%  169M 0s
    50K .......... .......... .......... .......... .......... 59%  405M 0s
   100K .......... .......... .......... .......... .......... 88%  379M 0s
   150K .......... .........                                  100% 36.0T=0.001s

2026-09-26 12:47:06 (308 MB/s) - ‘webpages-202609261246/www.saoing.com/EIRP/95-12-ku-south-asia.jpg’ saved [173409/173409]

--2026-09-26 12:47:06--  http://www.saoing.com/EIRP/95-12-ku-west-central-asia.jpg
Reusing existing connection to www.saoing.com:80.
HTTP request sent, awaiting response... 200 OK
Length: 252473 (247K) [image/jpeg]
Saving to: ‘webpages-202609261246/www.saoing.com/EIRP/95-12-ku-west-central-asia.jpg’

     0K .......... .......... .......... .......... .......... 20%  323M 0s
    50K .......... .......... .......... .......... .......... 40%  271M 0s
   100K .......... .......... .......... .......... .......... 60%  293M 0s
   150K .......... .......... .......... .......... .......... 81%  374M 0s
   200K .......... .......... .......... .......... ......    100% 86.7T=0.001s

2026-09-26 12:47:06 (383 MB/s) - ‘webpages-202609261246/www.saoing.com/EIRP/95-12-ku-west-central-asia.jpg’ saved [252473/252473]

--2026-09-26 12:47:06--  http://www.saoing.com/EIRP/57_east_hemi_c_band_beam_M.jpg
Reusing existing connection to www.saoing.com:80.
HTTP request sent, awaiting response... 200 OK
Length: 125555 (123K) [image/jpeg]
Saving to: ‘webpages-202609261246/www.saoing.com/EIRP/57_east_hemi_c_band_beam_M.jpg’

     0K .......... .......... .......... .......... .......... 40%  269M 0s
    50K .......... .......... .......... .......... .......... 81%  410M 0s
   100K .......... .......... ..                              100% 42.1T=0s

2026-09-26 12:47:06 (398 MB/s) - ‘webpages-202609261246/www.saoing.com/EIRP/57_east_hemi_c_band_beam_M.jpg’ saved [125555/125555]

--2026-09-26 12:47:06--  http://www.saoing.com/EIRP/57_west_hemi_c_band_beam_M.jpg
Reusing existing connection to www.saoing.com:80.
HTTP request sent, awaiting response... 200 OK
Length: 124786 (122K) [image/jpeg]
Saving to: ‘webpages-202609261246/www.saoing.com/EIRP/57_west_hemi_c_band_beam_M.jpg’

     0K .......... .......... .......... .......... .......... 41%  506M 0s
    50K .......... .......... .......... .......... .......... 82%  213M 0s
   100K .......... .......... .                               100% 40.7T=0s

2026-09-26 12:47:06 (365 MB/s) - ‘webpages-202609261246/www.saoing.com/EIRP/57_west_hemi_c_band_beam_M.jpg’ saved [124786/124786]

--2026-09-26 12:47:06--  http://www.saoing.com/EIRP/57_nss-12_central_asia_ku_band_beam_M.jpg
Reusing existing connection to www.saoing.com:80.
HTTP request sent, awaiting response... 200 OK
Length: 120986 (118K) [image/jpeg]
Saving to: ‘webpages-202609261246/www.saoing.com/EIRP/57_nss-12_central_asia_ku_band_beam_M.jpg’

     0K .......... .......... .......... .......... .......... 42%  307M 0s
    50K .......... .......... .......... .......... .......... 84%  265M 0s
   100K .......... ........                                   100% 33.8T=0s

2026-09-26 12:47:06 (336 MB/s) - ‘webpages-202609261246/www.saoing.com/EIRP/57_nss-12_central_asia_ku_band_beam_M.jpg’ saved [120986/120986]

--2026-09-26 12:47:06--  http://www.saoing.com/EIRP/57_nss-12_east_africa_ku_band_beam_M.jpg
Reusing existing connection to www.saoing.com:80.
HTTP request sent, awaiting response... 200 OK
Length: 101105 (99K) [image/jpeg]
Saving to: ‘webpages-202609261246/www.saoing.com/EIRP/57_nss-12_east_africa_ku_band_beam_M.jpg’

     0K .......... .......... .......... .......... .......... 50%  325M 0s
    50K .......... .......... .......... .......... ........  100%  400M=0s

2026-09-26 12:47:06 (358 MB/s) - ‘webpages-202609261246/www.saoing.com/EIRP/57_nss-12_east_africa_ku_band_beam_M.jpg’ saved [101105/101105]

--2026-09-26 12:47:06--  http://www.saoing.com/EIRP/57_nss-12_middle_east_europe_ku_band_beam_M.jpg
Reusing existing connection to www.saoing.com:80.
HTTP request sent, awaiting response... 200 OK
Length: 122601 (120K) [image/jpeg]
Saving to: ‘webpages-202609261246/www.saoing.com/EIRP/57_nss-12_middle_east_europe_ku_band_beam_M.jpg’

     0K .......... .......... .......... .......... .......... 41%  170M 0s
    50K .......... .......... .......... .......... .......... 83% 93.1T 0s
   100K .......... .........                                  100%  117M=0s

2026-09-26 12:47:06 (258 MB/s) - ‘webpages-202609261246/www.saoing.com/EIRP/57_nss-12_middle_east_europe_ku_band_beam_M.jpg’ saved [122601/122601]

--2026-09-26 12:47:06--  http://www.saoing.com/EIRP/95-SES-8_southeastasia.jpg
Reusing existing connection to www.saoing.com:80.
HTTP request sent, awaiting response... 200 OK
Length: 99791 (97K) [image/jpeg]
Saving to: ‘webpages-202609261246/www.saoing.com/EIRP/95-SES-8_southeastasia.jpg’

     0K .......... .......... .......... .......... .......... 51%  600M 0s
    50K .......... .......... .......... .......... .......   100%  243M=0s

2026-09-26 12:47:06 (350 MB/s) - ‘webpages-202609261246/www.saoing.com/EIRP/95-SES-8_southeastasia.jpg’ saved [99791/99791]

--2026-09-26 12:47:06--  http://www.saoing.com/EIRP/62-C-EUROPE.jpg
Reusing existing connection to www.saoing.com:80.
HTTP request sent, awaiting response... 200 OK
Length: 198019 (193K) [image/jpeg]
Saving to: ‘webpages-202609261246/www.saoing.com/EIRP/62-C-EUROPE.jpg’

     0K .......... .......... .......... .......... .......... 25%  402M 0s
    50K .......... .......... .......... .......... .......... 51%  284M 0s
   100K .......... .......... .......... .......... .......... 77%  336M 0s
   150K .......... .......... .......... .......... ...       100%  341M=0.001s

2026-09-26 12:47:06 (335 MB/s) - ‘webpages-202609261246/www.saoing.com/EIRP/62-C-EUROPE.jpg’ saved [198019/198019]

--2026-09-26 12:47:06--  http://www.saoing.com/EIRP/62-C-MZCL.jpg
Reusing existing connection to www.saoing.com:80.
HTTP request sent, awaiting response... 200 OK
Length: 175634 (172K) [image/jpeg]
Saving to: ‘webpages-202609261246/www.saoing.com/EIRP/62-C-MZCL.jpg’

     0K .......... .......... .......... .......... .......... 29%  468M 0s
    50K .......... .......... .......... .......... .......... 58%  457M 0s
   100K .......... .......... .......... .......... .......... 87%  422M 0s
   150K .......... .......... .                               100% 40.1T=0s

2026-09-26 12:47:06 (512 MB/s) - ‘webpages-202609261246/www.saoing.com/EIRP/62-C-MZCL.jpg’ saved [175634/175634]

--2026-09-26 12:47:06--  http://www.saoing.com/EIRP/62-C-Myanmar.jpg
Reusing existing connection to www.saoing.com:80.
HTTP request sent, awaiting response... 200 OK
Length: 171543 (168K) [image/jpeg]
Saving to: ‘webpages-202609261246/www.saoing.com/EIRP/62-C-Myanmar.jpg’

     0K .......... .......... .......... .......... .......... 29%  324M 0s
    50K .......... .......... .......... .......... .......... 59%  398M 0s
   100K .......... .......... .......... .......... .......... 89%  390M 0s
   150K .......... .......                                    100% 32.6T=0s

2026-09-26 12:47:06 (410 MB/s) - ‘webpages-202609261246/www.saoing.com/EIRP/62-C-Myanmar.jpg’ saved [171543/171543]

--2026-09-26 12:47:06--  http://www.saoing.com/EIRP/62-C-SEA.jpg
Reusing existing connection to www.saoing.com:80.
HTTP request sent, awaiting response... 200 OK
Length: 177256 (173K) [image/jpeg]
Saving to: ‘webpages-202609261246/www.saoing.com/EIRP/62-C-SEA.jpg’

     0K .......... .......... .......... .......... .......... 28%  302M 0s
    50K .......... .......... .......... .......... .......... 57%  326M 0s
   100K .......... .......... .......... .......... .......... 86%  371M 0s
   150K .......... .......... ...                             100% 43.0T=0s

2026-09-26 12:47:07 (382 MB/s) - ‘webpages-202609261246/www.saoing.com/EIRP/62-C-SEA.jpg’ saved [177256/177256]

--2026-09-26 12:47:07--  http://www.saoing.com/EIRP/62-KU-EUROPE.jpg
Reusing existing connection to www.saoing.com:80.
HTTP request sent, awaiting response... 200 OK
Length: 245616 (240K) [image/jpeg]
Saving to: ‘webpages-202609261246/www.saoing.com/EIRP/62-KU-EUROPE.jpg’

     0K .......... .......... .......... .......... .......... 20%  117M 0s
    50K .......... .......... .......... .......... .......... 41% 93.1T 0s
   100K .......... .......... .......... .......... .......... 62%  195M 0s
   150K .......... .......... .......... .......... .......... 83%  317M 0s
   200K .......... .......... .......... .........            100% 74.2T=0.001s

2026-09-26 12:47:07 (285 MB/s) - ‘webpages-202609261246/www.saoing.com/EIRP/62-KU-EUROPE.jpg’ saved [245616/245616]

--2026-09-26 12:47:07--  http://www.saoing.com/EIRP/62-KU-ME.jpg
Reusing existing connection to www.saoing.com:80.
HTTP request sent, awaiting response... 200 OK
Length: 289859 (283K) [image/jpeg]
Saving to: ‘webpages-202609261246/www.saoing.com/EIRP/62-KU-ME.jpg’

     0K .......... .......... .......... .......... .......... 17%  228M 0s
    50K .......... .......... .......... .......... .......... 35%  476M 0s
   100K .......... .......... .......... .......... .......... 52%  266M 0s
   150K .......... .......... .......... .......... .......... 70% 93.1T 0s
   200K .......... .......... .......... .......... .......... 88%  407M 0s
   250K .......... .......... .......... ...                  100%  267M=0.001s

2026-09-26 12:47:07 (373 MB/s) - ‘webpages-202609261246/www.saoing.com/EIRP/62-KU-ME.jpg’ saved [289859/289859]

--2026-09-26 12:47:07--  http://www.saoing.com/EIRP/62-KU-WEST-INDIA-OCEAN.jpg
Reusing existing connection to www.saoing.com:80.
HTTP request sent, awaiting response... 200 OK
Length: 211377 (206K) [image/jpeg]
Saving to: ‘webpages-202609261246/www.saoing.com/EIRP/62-KU-WEST-INDIA-OCEAN.jpg’

     0K .......... .......... .......... .......... .......... 24%  380M 0s
    50K .......... .......... .......... .......... .......... 48%  213M 0s
   100K .......... .......... .......... .......... .......... 72% 93.1T 0s
   150K .......... .......... .......... .......... .......... 96%  349M 0s
   200K ......                                                100% 12.0T=0s

2026-09-26 12:47:07 (405 MB/s) - ‘webpages-202609261246/www.saoing.com/EIRP/62-KU-WEST-INDIA-OCEAN.jpg’ saved [211377/211377]

--2026-09-26 12:47:07--  http://www.saoing.com/EIRP/62-KU-EAST-INDIA-OCEAN.jpg
Reusing existing connection to www.saoing.com:80.
HTTP request sent, awaiting response... 200 OK
Length: 209036 (204K) [image/jpeg]
Saving to: ‘webpages-202609261246/www.saoing.com/EIRP/62-KU-EAST-INDIA-OCEAN.jpg’

     0K .......... .......... .......... .......... .......... 24%  230M 0s
    50K .......... .......... .......... .......... .......... 48%  342M 0s
   100K .......... .......... .......... .......... .......... 73%  302M 0s
   150K .......... .......... .......... .......... .......... 97%  341M 0s
   200K ....                                                  100% 7.71T=0.001s

2026-09-26 12:47:07 (302 MB/s) - ‘webpages-202609261246/www.saoing.com/EIRP/62-KU-EAST-INDIA-OCEAN.jpg’ saved [209036/209036]

--2026-09-26 12:47:07--  http://www.saoing.com/EIRP/62-KU-DRCKV.jpg
Reusing existing connection to www.saoing.com:80.
HTTP request sent, awaiting response... 200 OK
Length: 195087 (191K) [image/jpeg]
Saving to: ‘webpages-202609261246/www.saoing.com/EIRP/62-KU-DRCKV.jpg’

     0K .......... .......... .......... .......... .......... 26%  432M 0s
    50K .......... .......... .......... .......... .......... 52%  390M 0s
   100K .......... .......... .......... .......... .......... 78%  309M 0s
   150K .......... .......... .......... ..........           100%  401M=0s

2026-09-26 12:47:07 (376 MB/s) - ‘webpages-202609261246/www.saoing.com/EIRP/62-KU-DRCKV.jpg’ saved [195087/195087]

--2026-09-26 12:47:07--  http://www.saoing.com/EIRP/96.5-am33-c.jpg
Reusing existing connection to www.saoing.com:80.
HTTP request sent, awaiting response... 200 OK
Length: 175288 (171K) [image/jpeg]
Saving to: ‘webpages-202609261246/www.saoing.com/EIRP/96.5-am33-c.jpg’

     0K .......... .......... .......... .......... .......... 29%  235M 0s
    50K .......... .......... .......... .......... .......... 58%  263M 0s
   100K .......... .......... .......... .......... .......... 87%  329M 0s
   150K .......... .......... .                               100% 39.5T=0.001s

2026-09-26 12:47:07 (309 MB/s) - ‘webpages-202609261246/www.saoing.com/EIRP/96.5-am33-c.jpg’ saved [175288/175288]

--2026-09-26 12:47:07--  http://www.saoing.com/EIRP/96.5-am33-ku1.jpg
Reusing existing connection to www.saoing.com:80.
HTTP request sent, awaiting response... 200 OK
Length: 182056 (178K) [image/jpeg]
Saving to: ‘webpages-202609261246/www.saoing.com/EIRP/96.5-am33-ku1.jpg’

     0K .......... .......... .......... .......... .......... 28%  274M 0s
    50K .......... .......... .......... .......... .......... 56%  274M 0s
   100K .......... .......... .......... .......... .......... 84% 93.1T 0s
   150K .......... .......... .......                         100%  197M=0s

2026-09-26 12:47:07 (352 MB/s) - ‘webpages-202609261246/www.saoing.com/EIRP/96.5-am33-ku1.jpg’ saved [182056/182056]

--2026-09-26 12:47:07--  http://www.saoing.com/EIRP/96.5-am33-ku2.jpg
Reusing existing connection to www.saoing.com:80.
HTTP request sent, awaiting response... 200 OK
Length: 180360 (176K) [image/jpeg]
Saving to: ‘webpages-202609261246/www.saoing.com/EIRP/96.5-am33-ku2.jpg’

     0K .......... .......... .......... .......... .......... 28%  263M 0s
    50K .......... .......... .......... .......... .......... 56%  335M 0s
   100K .......... .......... .......... .......... .......... 85%  376M 0s
   150K .......... .......... ......                          100% 48.7T=0s

2026-09-26 12:47:07 (373 MB/s) - ‘webpages-202609261246/www.saoing.com/EIRP/96.5-am33-ku2.jpg’ saved [180360/180360]

--2026-09-26 12:47:07--  http://www.saoing.com/EIRP/132c.jpg
Reusing existing connection to www.saoing.com:80.
HTTP request sent, awaiting response... 200 OK
Length: 138067 (135K) [image/jpeg]
Saving to: ‘webpages-202609261246/www.saoing.com/EIRP/132c.jpg’

     0K .......... .......... .......... .......... .......... 37%  496M 0s
    50K .......... .......... .......... .......... .......... 74%  301M 0s
   100K .......... .......... .......... ....                 100% 64.9T=0s

2026-09-26 12:47:07 (505 MB/s) - ‘webpages-202609261246/www.saoing.com/EIRP/132c.jpg’ saved [138067/138067]

--2026-09-26 12:47:07--  http://www.saoing.com/EIRP/132ku.jpg
Reusing existing connection to www.saoing.com:80.
HTTP request sent, awaiting response... 200 OK
Length: 140287 (137K) [image/jpeg]
Saving to: ‘webpages-202609261246/www.saoing.com/EIRP/132ku.jpg’

     0K .......... .......... .......... .......... .......... 36%  357M 0s
    50K .......... .......... .......... .......... .......... 72%  404M 0s
   100K .......... .......... .......... ......               100%  337M=0s

2026-09-26 12:47:07 (367 MB/s) - ‘webpages-202609261246/www.saoing.com/EIRP/132ku.jpg’ saved [140287/140287]

--2026-09-26 12:47:07--  http://www.saoing.com/EIRP/64-C-HEMI.jpg
Reusing existing connection to www.saoing.com:80.
HTTP request sent, awaiting response... 200 OK
Length: 243558 (238K) [image/jpeg]
Saving to: ‘webpages-202609261246/www.saoing.com/EIRP/64-C-HEMI.jpg’

     0K .......... .......... .......... .......... .......... 21% 1023M 0s
    50K .......... .......... .......... .......... .......... 42%  162M 0s
   100K .......... .......... .......... .......... .......... 63%  381M 0s
   150K .......... .......... .......... .......... .......... 84%  348M 0s
   200K .......... .......... .......... .......              100% 70.5T=0.001s

2026-09-26 12:47:07 (376 MB/s) - ‘webpages-202609261246/www.saoing.com/EIRP/64-C-HEMI.jpg’ saved [243558/243558]

--2026-09-26 12:47:07--  http://www.saoing.com/EIRP/64-C-ZONE.jpeg
Reusing existing connection to www.saoing.com:80.
HTTP request sent, awaiting response... 200 OK
Length: 298660 (292K) [image/jpeg]
Saving to: ‘webpages-202609261246/www.saoing.com/EIRP/64-C-ZONE.jpeg’

     0K .......... .......... .......... .......... .......... 17%  424M 0s
    50K .......... .......... .......... .......... .......... 34%  312M 0s
   100K .......... .......... .......... .......... .......... 51%  201M 0s
   150K .......... .......... .......... .......... .......... 68%  358M 0s
   200K .......... .......... .......... .......... .......... 85%  427M 0s
   250K .......... .......... .......... .......... .         100% 77.6T=0.001s

2026-09-26 12:47:07 (372 MB/s) - ‘webpages-202609261246/www.saoing.com/EIRP/64-C-ZONE.jpeg’ saved [298660/298660]

--2026-09-26 12:47:07--  http://www.saoing.com/EIRP/64-KU-SPOT1.jpeg
Reusing existing connection to www.saoing.com:80.
HTTP request sent, awaiting response... 200 OK
Length: 221871 (217K) [image/jpeg]
Saving to: ‘webpages-202609261246/www.saoing.com/EIRP/64-KU-SPOT1.jpeg’

     0K .......... .......... .......... .......... .......... 23%  406M 0s
    50K .......... .......... .......... .......... .......... 46%  498M 0s
   100K .......... .......... .......... .......... .......... 69%  388M 0s
   150K .......... .......... .......... .......... .......... 92%  460M 0s
   200K .......... ......                                     100% 31.1T=0s

2026-09-26 12:47:07 (470 MB/s) - ‘webpages-202609261246/www.saoing.com/EIRP/64-KU-SPOT1.jpeg’ saved [221871/221871]

--2026-09-26 12:47:07--  http://www.saoing.com/EIRP/64-KU-SPOT2.jpeg
Reusing existing connection to www.saoing.com:80.
HTTP request sent, awaiting response... 200 OK
Length: 251406 (246K) [image/jpeg]
Saving to: ‘webpages-202609261246/www.saoing.com/EIRP/64-KU-SPOT2.jpeg’

     0K .......... .......... .......... .......... .......... 20%  265M 0s
    50K .......... .......... .......... .......... .......... 40%  387M 0s
   100K .......... .......... .......... .......... .......... 61% 93.1T 0s
   150K .......... .......... .......... .......... .......... 81%  375M 0s
   200K .......... .......... .......... .......... .....     100%  405M=0.001s

2026-09-26 12:47:07 (436 MB/s) - ‘webpages-202609261246/www.saoing.com/EIRP/64-KU-SPOT2.jpeg’ saved [251406/251406]

--2026-09-26 12:47:07--  http://www.saoing.com/EIRP/98-ku-haiyang.jpg
Reusing existing connection to www.saoing.com:80.
HTTP request sent, awaiting response... 200 OK
Length: 297951 (291K) [image/jpeg]
Saving to: ‘webpages-202609261246/www.saoing.com/EIRP/98-ku-haiyang.jpg’

     0K .......... .......... .......... .......... .......... 17% 1.20G 0s
    50K .......... .......... .......... .......... .......... 34%  347M 0s
   100K .......... .......... .......... .......... .......... 51%  330M 0s
   150K .......... .......... .......... .......... .......... 68%  383M 0s
   200K .......... .......... .......... .......... .......... 85% 93.1T 0s
   250K .......... .......... .......... ..........           100%  314M=0.001s

2026-09-26 12:47:08 (487 MB/s) - ‘webpages-202609261246/www.saoing.com/EIRP/98-ku-haiyang.jpg’ saved [297951/297951]

--2026-09-26 12:47:08--  http://www.saoing.com/EIRP/98-ku-INDO.jpg
Reusing existing connection to www.saoing.com:80.
HTTP request sent, awaiting response... 200 OK
Length: 253746 (248K) [image/jpeg]
Saving to: ‘webpages-202609261246/www.saoing.com/EIRP/98-ku-INDO.jpg’

     0K .......... .......... .......... .......... .......... 20%  386M 0s
    50K .......... .......... .......... .......... .......... 40%  437M 0s
   100K .......... .......... .......... .......... .......... 60%  237M 0s
   150K .......... .......... .......... .......... .......... 80%  415M 0s
   200K .......... .......... .......... .......... .......   100% 89.0T=0.001s

2026-09-26 12:47:08 (431 MB/s) - ‘webpages-202609261246/www.saoing.com/EIRP/98-ku-INDO.jpg’ saved [253746/253746]

--2026-09-26 12:47:08--  http://www.saoing.com/EIRP/98-ku-SOUTHASIA.jpg
Reusing existing connection to www.saoing.com:80.
HTTP request sent, awaiting response... 200 OK
Length: 265093 (259K) [image/jpeg]
Saving to: ‘webpages-202609261246/www.saoing.com/EIRP/98-ku-SOUTHASIA.jpg’

     0K .......... .......... .......... .......... .......... 19%  273M 0s
    50K .......... .......... .......... .......... .......... 38%  524M 0s
   100K .......... .......... .......... .......... .......... 57%  292M 0s
   150K .......... .......... .......... .......... .......... 77%  382M 0s
   200K .......... .......... .......... .......... .......... 96% 93.1T 0s
   250K ........                                              100% 79.4M=0.001s

2026-09-26 12:47:08 (374 MB/s) - ‘webpages-202609261246/www.saoing.com/EIRP/98-ku-SOUTHASIA.jpg’ saved [265093/265093]

--2026-09-26 12:47:08--  http://www.saoing.com/EIRP/98-ku-MOVE.jpg
Reusing existing connection to www.saoing.com:80.
HTTP request sent, awaiting response... 200 OK
Length: 329440 (322K) [image/jpeg]
Saving to: ‘webpages-202609261246/www.saoing.com/EIRP/98-ku-MOVE.jpg’

     0K .......... .......... .......... .......... .......... 15%  358M 0s
    50K .......... .......... .......... .......... .......... 31%  541M 0s
   100K .......... .......... .......... .......... .......... 46%  421M 0s
   150K .......... .......... .......... .......... .......... 62%  255M 0s
   200K .......... .......... .......... .......... .......... 77%  291M 0s
   250K .......... .......... .......... .......... .......... 93% 93.1T 0s
   300K .......... .......... .                               100%  183M=0.001s

2026-09-26 12:47:08 (384 MB/s) - ‘webpages-202609261246/www.saoing.com/EIRP/98-ku-MOVE.jpg’ saved [329440/329440]

--2026-09-26 12:47:08--  http://www.saoing.com/EIRP/134-6C-Ku-Band-Indo-China.jpg
Reusing existing connection to www.saoing.com:80.
HTTP request sent, awaiting response... 200 OK
Length: 102405 (100K) [image/jpeg]
Saving to: ‘webpages-202609261246/www.saoing.com/EIRP/134-6C-Ku-Band-Indo-China.jpg’

     0K .......... .......... .......... .......... .......... 49%  284M 0s
    50K .......... .......... .......... .......... .......... 99%  420M 0s
   100K                                                       100% 9.31G=0s

2026-09-26 12:47:08 (339 MB/s) - ‘webpages-202609261246/www.saoing.com/EIRP/134-6C-Ku-Band-Indo-China.jpg’ saved [102405/102405]

--2026-09-26 12:47:08--  http://www.saoing.com/EIRP/134-6C-Ku-Band-Mongolia.jpg
Reusing existing connection to www.saoing.com:80.
HTTP request sent, awaiting response... 200 OK
Length: 109660 (107K) [image/jpeg]
Saving to: ‘webpages-202609261246/www.saoing.com/EIRP/134-6C-Ku-Band-Mongolia.jpg’

     0K .......... .......... .......... .......... .......... 46%  372M 0s
    50K .......... .......... .......... .......... .......... 93%  352M 0s
   100K .......                                               100% 13.2T=0s

2026-09-26 12:47:08 (388 MB/s) - ‘webpages-202609261246/www.saoing.com/EIRP/134-6C-Ku-Band-Mongolia.jpg’ saved [109660/109660]

--2026-09-26 12:47:08--  http://www.saoing.com/EIRP/65.0-ku-india.png
Reusing existing connection to www.saoing.com:80.
HTTP request sent, awaiting response... 200 OK
Length: 92929 (91K) [image/png]
Saving to: ‘webpages-202609261246/www.saoing.com/EIRP/65.0-ku-india.png’

     0K .......... .......... .......... .......... .......... 55%  441M 0s
    50K .......... .......... .......... ..........           100%  339M=0s

2026-09-26 12:47:08 (389 MB/s) - ‘webpages-202609261246/www.saoing.com/EIRP/65.0-ku-india.png’ saved [92929/92929]

--2026-09-26 12:47:08--  http://www.saoing.com/EIRP/65.0-ku-russia.png
Reusing existing connection to www.saoing.com:80.
HTTP request sent, awaiting response... 200 OK
Length: 121235 (118K) [image/png]
Saving to: ‘webpages-202609261246/www.saoing.com/EIRP/65.0-ku-russia.png’

     0K .......... .......... .......... .......... .......... 42%  273M 0s
    50K .......... .......... .......... .......... .......... 84% 93.1T 0s
   100K .......... ........                                   100%  123M=0s

2026-09-26 12:47:08 (357 MB/s) - ‘webpages-202609261246/www.saoing.com/EIRP/65.0-ku-russia.png’ saved [121235/121235]

--2026-09-26 12:47:08--  http://www.saoing.com/EIRP/65.0-ku-seasia.png
Reusing existing connection to www.saoing.com:80.
HTTP request sent, awaiting response... 200 OK
Length: 121606 (119K) [image/png]
Saving to: ‘webpages-202609261246/www.saoing.com/EIRP/65.0-ku-seasia.png’

     0K .......... .......... .......... .......... .......... 42%  273M 0s
    50K .......... .......... .......... .......... .......... 84%  261M 0s
   100K .......... ........                                   100% 34.9T=0s

2026-09-26 12:47:08 (317 MB/s) - ‘webpages-202609261246/www.saoing.com/EIRP/65.0-ku-seasia.png’ saved [121606/121606]

--2026-09-26 12:47:08--  http://www.saoing.com/EIRP/65.0-ka-russia.png
Reusing existing connection to www.saoing.com:80.
HTTP request sent, awaiting response... 200 OK
Length: 123223 (120K) [image/png]
Saving to: ‘webpages-202609261246/www.saoing.com/EIRP/65.0-ka-russia.png’

     0K .......... .......... .......... .......... .......... 41%  460M 0s
    50K .......... .......... .......... .......... .......... 83%  284M 0s
   100K .......... ..........                                 100% 37.9T=0s

2026-09-26 12:47:08 (423 MB/s) - ‘webpages-202609261246/www.saoing.com/EIRP/65.0-ka-russia.png’ saved [123223/123223]

--2026-09-26 12:47:08--  http://www.saoing.com/EIRP/65.0-ka-india.png
Reusing existing connection to www.saoing.com:80.
HTTP request sent, awaiting response... 200 OK
Length: 83775 (82K) [image/png]
Saving to: ‘webpages-202609261246/www.saoing.com/EIRP/65.0-ka-india.png’

     0K .......... .......... .......... .......... .......... 61%  351M 0s
    50K .......... .......... .......... .                    100% 59.3T=0s

2026-09-26 12:47:08 (574 MB/s) - ‘webpages-202609261246/www.saoing.com/EIRP/65.0-ka-india.png’ saved [83775/83775]

--2026-09-26 12:47:08--  http://www.saoing.com/EIRP/65.0-ka-southafrica.png
Reusing existing connection to www.saoing.com:80.
HTTP request sent, awaiting response... 200 OK
Length: 44091 (43K) [image/png]
Saving to: ‘webpages-202609261246/www.saoing.com/EIRP/65.0-ka-southafrica.png’

     0K .......... .......... .......... .......... ...       100% 2.05G=0s

2026-09-26 12:47:08 (2.05 GB/s) - ‘webpages-202609261246/www.saoing.com/EIRP/65.0-ka-southafrica.png’ saved [44091/44091]

--2026-09-26 12:47:08--  http://www.saoing.com/EIRP/65.0-ka-china.png
Reusing existing connection to www.saoing.com:80.
HTTP request sent, awaiting response... 200 OK
Length: 62954 (61K) [image/png]
Saving to: ‘webpages-202609261246/www.saoing.com/EIRP/65.0-ka-china.png’

     0K .......... .......... .......... .......... .......... 81%  809M 0s
    50K .......... .                                          100% 21.4T=0s

2026-09-26 12:47:08 (995 MB/s) - ‘webpages-202609261246/www.saoing.com/EIRP/65.0-ka-china.png’ saved [62954/62954]

--2026-09-26 12:47:08--  http://www.saoing.com/EIRP/65.0-ka-me&europe.png
Reusing existing connection to www.saoing.com:80.
HTTP request sent, awaiting response... 200 OK
Length: 97013 (95K) [image/png]
Saving to: ‘webpages-202609261246/www.saoing.com/EIRP/65.0-ka-me&europe.png’

     0K .......... .......... .......... .......... .......... 52%  203M 0s
    50K .......... .......... .......... .......... ....      100%  365M=0s

2026-09-26 12:47:08 (257 MB/s) - ‘webpages-202609261246/www.saoing.com/EIRP/65.0-ka-me&europe.png’ saved [97013/97013]

--2026-09-26 12:47:08--  http://www.saoing.com/EIRP/100.5-ku-Sample%20steerable%20beam.jpg
Reusing existing connection to www.saoing.com:80.
HTTP request sent, awaiting response... 200 OK
Length: 293834 (287K) [image/jpeg]
Saving to: ‘webpages-202609261246/www.saoing.com/EIRP/100.5-ku-Sample steerable beam.jpg’

     0K .......... .......... .......... .......... .......... 17%  310M 0s
    50K .......... .......... .......... .......... .......... 34%  446M 0s
   100K .......... .......... .......... .......... .......... 52%  318M 0s
   150K .......... .......... .......... .......... .......... 69%  469M 0s
   200K .......... .......... .......... .......... .......... 87%  345M 0s
   250K .......... .......... .......... ......               100% 68.8T=0.001s

2026-09-26 12:47:08 (421 MB/s) - ‘webpages-202609261246/www.saoing.com/EIRP/100.5-ku-Sample steerable beam.jpg’ saved [293834/293834]

--2026-09-26 12:47:08--  http://www.saoing.com/EIRP/134-6D.jpg
Reusing existing connection to www.saoing.com:80.
HTTP request sent, awaiting response... 200 OK
Length: 612287 (598K) [image/jpeg]
Saving to: ‘webpages-202609261246/www.saoing.com/EIRP/134-6D.jpg’

     0K .......... .......... .......... .......... ..........  8%  243M 0s
    50K .......... .......... .......... .......... .......... 16%  280M 0s
   100K .......... .......... .......... .......... .......... 25% 93.1T 0s
   150K .......... .......... .......... .......... .......... 33%  341M 0s
   200K .......... .......... .......... .......... .......... 41%  419M 0s
   250K .......... .......... .......... .......... .......... 50%  555M 0s
   300K .......... .......... .......... .......... .......... 58%  350M 0s
   350K .......... .......... .......... .......... .......... 66%  458M 0s
   400K .......... .......... .......... .......... .......... 75% 93.1T 0s
   450K .......... .......... .......... .......... .......... 83%  380M 0s
   500K .......... .......... .......... .......... .......... 91%  276M 0s
   550K .......... .......... .......... .......... .......   100%  417M=0.001s

2026-09-26 12:47:08 (421 MB/s) - ‘webpages-202609261246/www.saoing.com/EIRP/134-6D.jpg’ saved [612287/612287]

--2026-09-26 12:47:08--  http://www.saoing.com/EIRP/66C-Global.jpg
Reusing existing connection to www.saoing.com:80.
HTTP request sent, awaiting response... 200 OK
Length: 192990 (188K) [image/jpeg]
Saving to: ‘webpages-202609261246/www.saoing.com/EIRP/66C-Global.jpg’

     0K .......... .......... .......... .......... .......... 26%  333M 0s
    50K .......... .......... .......... .......... .......... 53%  280M 0s
   100K .......... .......... .......... .......... .......... 79%  382M 0s
   150K .......... .......... .......... ........             100% 71.6T=0s

2026-09-26 12:47:08 (410 MB/s) - ‘webpages-202609261246/www.saoing.com/EIRP/66C-Global.jpg’ saved [192990/192990]

--2026-09-26 12:47:08--  http://www.saoing.com/EIRP/66C-WEST.jpg
Reusing existing connection to www.saoing.com:80.
HTTP request sent, awaiting response... 200 OK
Length: 241888 (236K) [image/jpeg]
Saving to: ‘webpages-202609261246/www.saoing.com/EIRP/66C-WEST.jpg’

     0K .......... .......... .......... .......... .......... 21% 1.14G 0s
    50K .......... .......... .......... .......... .......... 42%  119M 0s
   100K .......... .......... .......... .......... .......... 63%  322M 0s
   150K .......... .......... .......... .......... .......... 84%  428M 0s
   200K .......... .......... .......... ......               100% 67.5T=0.001s

2026-09-26 12:47:09 (321 MB/s) - ‘webpages-202609261246/www.saoing.com/EIRP/66C-WEST.jpg’ saved [241888/241888]

--2026-09-26 12:47:09--  http://www.saoing.com/EIRP/66ku-Europe.jpg
Reusing existing connection to www.saoing.com:80.
HTTP request sent, awaiting response... 200 OK
Length: 291285 (284K) [image/jpeg]
Saving to: ‘webpages-202609261246/www.saoing.com/EIRP/66ku-Europe.jpg’

     0K .......... .......... .......... .......... .......... 17%  220M 0s
    50K .......... .......... .......... .......... .......... 35%  447M 0s
   100K .......... .......... .......... .......... .......... 52%  225M 0s
   150K .......... .......... .......... .......... .......... 70%  350M 0s
   200K .......... .......... .......... .......... .......... 87% 93.1T 0s
   250K .......... .......... .......... ....                 100%  261M=0.001s

2026-09-26 12:47:09 (340 MB/s) - ‘webpages-202609261246/www.saoing.com/EIRP/66ku-Europe.jpg’ saved [291285/291285]

--2026-09-26 12:47:09--  http://www.saoing.com/EIRP/66ku-Africa.jpg
Reusing existing connection to www.saoing.com:80.
HTTP request sent, awaiting response... 200 OK
Length: 209272 (204K) [image/jpeg]
Saving to: ‘webpages-202609261246/www.saoing.com/EIRP/66ku-Africa.jpg’

     0K .......... .......... .......... .......... .......... 24%  200M 0s
    50K .......... .......... .......... .......... .......... 48%  390M 0s
   100K .......... .......... .......... .......... .......... 73%  369M 0s
   150K .......... .......... .......... .......... .......... 97%  353M 0s
   200K ....                                                  100% 8.13T=0.001s

2026-09-26 12:47:09 (312 MB/s) - ‘webpages-202609261246/www.saoing.com/EIRP/66ku-Africa.jpg’ saved [209272/209272]

--2026-09-26 12:47:09--  http://www.saoing.com/EIRP/138-5C-Ku-Band-Indo-China-01_s.jpg
Reusing existing connection to www.saoing.com:80.
HTTP request sent, awaiting response... 200 OK
Length: 115641 (113K) [image/jpeg]
Saving to: ‘webpages-202609261246/www.saoing.com/EIRP/138-5C-Ku-Band-Indo-China-01_s.jpg’

     0K .......... .......... .......... .......... .......... 44%  363M 0s
    50K .......... .......... .......... .......... .......... 88%  528M 0s
   100K .......... ..                                         100% 24.1T=0s

2026-09-26 12:47:09 (486 MB/s) - ‘webpages-202609261246/www.saoing.com/EIRP/138-5C-Ku-Band-Indo-China-01_s.jpg’ saved [115641/115641]

--2026-09-26 12:47:09--  http://www.saoing.com/EIRP/138-5C-Ku-Band-Australia-New-Zealand-01_s.jpg
Reusing existing connection to www.saoing.com:80.
HTTP request sent, awaiting response... 200 OK
Length: 122349 (119K) [image/jpeg]
Saving to: ‘webpages-202609261246/www.saoing.com/EIRP/138-5C-Ku-Band-Australia-New-Zealand-01_s.jpg’

     0K .......... .......... .......... .......... .......... 41%  229M 0s
    50K .......... .......... .......... .......... .......... 83%  447M 0s
   100K .......... .........                                  100% 36.3T=0s

2026-09-26 12:47:09 (362 MB/s) - ‘webpages-202609261246/www.saoing.com/EIRP/138-5C-Ku-Band-Australia-New-Zealand-01_s.jpg’ saved [122349/122349]

--2026-09-26 12:47:09--  http://www.saoing.com/EIRP/138-5C-Ku-Band-North-Pacific-01_s.jpg
Reusing existing connection to www.saoing.com:80.
HTTP request sent, awaiting response... 200 OK
Length: 132305 (129K) [image/jpeg]
Saving to: ‘webpages-202609261246/www.saoing.com/EIRP/138-5C-Ku-Band-North-Pacific-01_s.jpg’

     0K .......... .......... .......... .......... .......... 38%  252M 0s
    50K .......... .......... .......... .......... .......... 77%  287M 0s
   100K .......... .......... .........                       100%  198M=0.001s

2026-09-26 12:47:09 (248 MB/s) - ‘webpages-202609261246/www.saoing.com/EIRP/138-5C-Ku-Band-North-Pacific-01_s.jpg’ saved [132305/132305]

--2026-09-26 12:47:09--  http://www.saoing.com/EIRP/138-5C-Ku-Band-Indonesia-01_s.jpg
Reusing existing connection to www.saoing.com:80.
HTTP request sent, awaiting response... 200 OK
Length: 133974 (131K) [image/jpeg]
Saving to: ‘webpages-202609261246/www.saoing.com/EIRP/138-5C-Ku-Band-Indonesia-01_s.jpg’

     0K .......... .......... .......... .......... .......... 38%  251M 0s
    50K .......... .......... .......... .......... .......... 76%  342M 0s
   100K .......... .......... ..........                      100% 57.4T=0s

2026-09-26 12:47:09 (379 MB/s) - ‘webpages-202609261246/www.saoing.com/EIRP/138-5C-Ku-Band-Indonesia-01_s.jpg’ saved [133974/133974]

--2026-09-26 12:47:09--  http://www.saoing.com/EIRP/138-5C-Ku-Band-HTS.jpg
Reusing existing connection to www.saoing.com:80.
HTTP request sent, awaiting response... 200 OK
Length: 169141 (165K) [image/jpeg]
Saving to: ‘webpages-202609261246/www.saoing.com/EIRP/138-5C-Ku-Band-HTS.jpg’

     0K .......... .......... .......... .......... .......... 30%  311M 0s
    50K .......... .......... .......... .......... .......... 60%  319M 0s
   100K .......... .......... .......... .......... .......... 90%  288M 0s
   150K .......... .....                                      100% 28.3T=0s

2026-09-26 12:47:09 (336 MB/s) - ‘webpages-202609261246/www.saoing.com/EIRP/138-5C-Ku-Band-HTS.jpg’ saved [169141/169141]

--2026-09-26 12:47:09--  http://www.saoing.com/EIRP/68.5ku-South-Africa.jpg
Reusing existing connection to www.saoing.com:80.
HTTP request sent, awaiting response... 200 OK
Length: 194706 (190K) [image/jpeg]
Saving to: ‘webpages-202609261246/www.saoing.com/EIRP/68.5ku-South-Africa.jpg’

     0K .......... .......... .......... .......... .......... 26%  364M 0s
    50K .......... .......... .......... .......... .......... 52%  350M 0s
   100K .......... .......... .......... .......... .......... 78%  271M 0s
   150K .......... .......... .......... ..........           100%  262M=0.001s

2026-09-26 12:47:09 (308 MB/s) - ‘webpages-202609261246/www.saoing.com/EIRP/68.5ku-South-Africa.jpg’ saved [194706/194706]

--2026-09-26 12:47:09--  http://www.saoing.com/EIRP/68.5KU-Europe-Africa.jpg
Reusing existing connection to www.saoing.com:80.
HTTP request sent, awaiting response... 200 OK
Length: 233234 (228K) [image/jpeg]
Saving to: ‘webpages-202609261246/www.saoing.com/EIRP/68.5KU-Europe-Africa.jpg’

     0K .......... .......... .......... .......... .......... 21%  241M 0s
    50K .......... .......... .......... .......... .......... 43% 93.1T 0s
   100K .......... .......... .......... .......... .......... 65%  272M 0s
   150K .......... .......... .......... .......... .......... 87%  331M 0s
   200K .......... .......... .......                         100% 51.7T=0.001s

2026-09-26 12:47:09 (420 MB/s) - ‘webpages-202609261246/www.saoing.com/EIRP/68.5KU-Europe-Africa.jpg’ saved [233234/233234]

--2026-09-26 12:47:09--  http://www.saoing.com/EIRP/68.5ku-EU-ME-CA.jpg
Reusing existing connection to www.saoing.com:80.
HTTP request sent, awaiting response... 200 OK
Length: 245308 (240K) [image/jpeg]
Saving to: ‘webpages-202609261246/www.saoing.com/EIRP/68.5ku-EU-ME-CA.jpg’

     0K .......... .......... .......... .......... .......... 20%  537M 0s
    50K .......... .......... .......... .......... .......... 41%  213M 0s
   100K .......... .......... .......... .......... .......... 62%  328M 0s
   150K .......... .......... .......... .......... .......... 83%  386M 0s
   200K .......... .......... .......... .........            100% 73.7T=0.001s

2026-09-26 12:47:09 (393 MB/s) - ‘webpages-202609261246/www.saoing.com/EIRP/68.5ku-EU-ME-CA.jpg’ saved [245308/245308]

--2026-09-26 12:47:09--  http://www.saoing.com/EIRP/103.0-ku-Multi-1.png
Reusing existing connection to www.saoing.com:80.
HTTP request sent, awaiting response... 200 OK
Length: 899850 (879K) [image/png]
Saving to: ‘webpages-202609261246/www.saoing.com/EIRP/103.0-ku-Multi-1.png’

     0K .......... .......... .......... .......... ..........  5%  153M 0s
    50K .......... .......... .......... .......... .......... 11% 93.1T 0s
   100K .......... .......... .......... .......... .......... 17%  228M 0s
   150K .......... .......... .......... .......... .......... 22%  414M 0s
   200K .......... .......... .......... .......... .......... 28%  274M 0s
   250K .......... .......... .......... .......... .......... 34%  308M 0s
   300K .......... .......... .......... .......... .......... 39% 93.1T 0s
   350K .......... .......... .......... .......... .......... 45%  265M 0s
   400K .......... .......... .......... .......... .......... 51%  317M 0s
   450K .......... .......... .......... .......... .......... 56%  209M 0s
   500K .......... .......... .......... .......... .......... 62%  406M 0s
   550K .......... .......... .......... .......... .......... 68% 93.1T 0s
   600K .......... .......... .......... .......... .......... 73%  402M 0s
   650K .......... .......... .......... .......... .......... 79%  460M 0s
   700K .......... .......... .......... .......... .......... 85%  441M 0s
   750K .......... .......... .......... .......... .......... 91% 93.1T 0s
   800K .......... .......... .......... .......... .......... 96%  426M 0s
   850K .......... .......... ........                        100%  256M=0.002s

2026-09-26 12:47:09 (383 MB/s) - ‘webpages-202609261246/www.saoing.com/EIRP/103.0-ku-Multi-1.png’ saved [899850/899850]

--2026-09-26 12:47:09--  http://www.saoing.com/EIRP/103.0-ku-Multi-2.png
Reusing existing connection to www.saoing.com:80.
HTTP request sent, awaiting response... 200 OK
Length: 802675 (784K) [image/png]
Saving to: ‘webpages-202609261246/www.saoing.com/EIRP/103.0-ku-Multi-2.png’

     0K .......... .......... .......... .......... ..........  6%  509M 0s
    50K .......... .......... .......... .......... .......... 12%  199M 0s
   100K .......... .......... .......... .......... .......... 19%  289M 0s
   150K .......... .......... .......... .......... .......... 25%  145M 0s
   200K .......... .......... .......... .......... .......... 31%  326M 0s
   250K .......... .......... .......... .......... .......... 38% 93.1T 0s
   300K .......... .......... .......... .......... .......... 44%  240M 0s
   350K .......... .......... .......... .......... .......... 51%  239M 0s
   400K .......... .......... .......... .......... .......... 57%  383M 0s
   450K .......... .......... .......... .......... .......... 63% 93.1T 0s
   500K .......... .......... .......... .......... .......... 70%  323M 0s
   550K .......... .......... .......... .......... .......... 76%  436M 0s
   600K .......... .......... .......... .......... .......... 82%  231M 0s
   650K .......... .......... .......... .......... .......... 89%  384M 0s
   700K .......... .......... .......... .......... .......... 95%  464M 0s
   750K .......... .......... .......... ...                  100% 63.1T=0.002s

2026-09-26 12:47:09 (342 MB/s) - ‘webpages-202609261246/www.saoing.com/EIRP/103.0-ku-Multi-2.png’ saved [802675/802675]

--2026-09-26 12:47:09--  http://www.saoing.com/EIRP/140-am5-c1.jpg
Reusing existing connection to www.saoing.com:80.
HTTP request sent, awaiting response... 200 OK
Length: 320418 (313K) [image/jpeg]
Saving to: ‘webpages-202609261246/www.saoing.com/EIRP/140-am5-c1.jpg’

     0K .......... .......... .......... .......... .......... 15%  259M 0s
    50K .......... .......... .......... .......... .......... 31%  356M 0s
   100K .......... .......... .......... .......... .......... 47% 93.1T 0s
   150K .......... .......... .......... .......... .......... 63%  127M 0s
   200K .......... .......... .......... .......... .......... 79% 93.1T 0s
   250K .......... .......... .......... .......... .......... 95%  327M 0s
   300K .......... ..                                         100% 24.0T=0.001s

2026-09-26 12:47:09 (356 MB/s) - ‘webpages-202609261246/www.saoing.com/EIRP/140-am5-c1.jpg’ saved [320418/320418]

--2026-09-26 12:47:09--  http://www.saoing.com/EIRP/140-am5-c2.jpg
Reusing existing connection to www.saoing.com:80.
HTTP request sent, awaiting response... 200 OK
Length: 101361 (99K) [image/jpeg]
Saving to: ‘webpages-202609261246/www.saoing.com/EIRP/140-am5-c2.jpg’

     0K .......... .......... .......... .......... .......... 50%  634M 0s
    50K .......... .......... .......... .......... ........  100%  305M=0s

2026-09-26 12:47:09 (413 MB/s) - ‘webpages-202609261246/www.saoing.com/EIRP/140-am5-c2.jpg’ saved [101361/101361]

--2026-09-26 12:47:09--  http://www.saoing.com/EIRP/140-am5-ku1.jpg
Reusing existing connection to www.saoing.com:80.
HTTP request sent, awaiting response... 200 OK
Length: 101476 (99K) [image/jpeg]
Saving to: ‘webpages-202609261246/www.saoing.com/EIRP/140-am5-ku1.jpg’

     0K .......... .......... .......... .......... .......... 50%  689M 0s
    50K .......... .......... .......... .......... ......... 100%  271M=0s

2026-09-26 12:47:09 (391 MB/s) - ‘webpages-202609261246/www.saoing.com/EIRP/140-am5-ku1.jpg’ saved [101476/101476]

--2026-09-26 12:47:09--  http://www.saoing.com/EIRP/140-am5-ku2.jpg
Reusing existing connection to www.saoing.com:80.
HTTP request sent, awaiting response... 200 OK
Length: 311401 (304K) [image/jpeg]
Saving to: ‘webpages-202609261246/www.saoing.com/EIRP/140-am5-ku2.jpg’

     0K .......... .......... .......... .......... .......... 16% 1.54G 0s
    50K .......... .......... .......... .......... .......... 32%  168M 0s
   100K .......... .......... .......... .......... .......... 49%  339M 0s
   150K .......... .......... .......... .......... .......... 65%  253M 0s
   200K .......... .......... .......... .......... .......... 82%  361M 0s
   250K .......... .......... .......... .......... .......... 98% 93.1T 0s
   300K ....                                                  100% 7.64T=0.001s

2026-09-26 12:47:09 (374 MB/s) - ‘webpages-202609261246/www.saoing.com/EIRP/140-am5-ku2.jpg’ saved [311401/311401]

--2026-09-26 12:47:09--  http://www.saoing.com/EIRP/140-am5-ku3.png
Reusing existing connection to www.saoing.com:80.
HTTP request sent, awaiting response... 200 OK
Length: 86980 (85K) [image/png]
Saving to: ‘webpages-202609261246/www.saoing.com/EIRP/140-am5-ku3.png’

     0K .......... .......... .......... .......... .......... 58%  724M 0s
    50K .......... .......... .......... ....                 100%  267M=0s

2026-09-26 12:47:10 (425 MB/s) - ‘webpages-202609261246/www.saoing.com/EIRP/140-am5-ku3.png’ saved [86980/86980]

--2026-09-26 12:47:10--  http://www.saoing.com/EIRP/140-am5-ku4.png
Reusing existing connection to www.saoing.com:80.
HTTP request sent, awaiting response... 200 OK
Length: 107516 (105K) [image/png]
Saving to: ‘webpages-202609261246/www.saoing.com/EIRP/140-am5-ku4.png’

     0K .......... .......... .......... .......... .......... 47%  605M 0s
    50K .......... .......... .......... .......... .......... 95%  359M 0s
   100K ....                                                  100% 9.31T=0s

2026-09-26 12:47:10 (473 MB/s) - ‘webpages-202609261246/www.saoing.com/EIRP/140-am5-ku4.png’ saved [107516/107516]

--2026-09-26 12:47:10--  http://www.saoing.com/EIRP/140-am5-ku5.jpg
Reusing existing connection to www.saoing.com:80.
HTTP request sent, awaiting response... 200 OK
Length: 257340 (251K) [image/jpeg]
Saving to: ‘webpages-202609261246/www.saoing.com/EIRP/140-am5-ku5.jpg’

     0K .......... .......... .......... .......... .......... 19%  152M 0s
    50K .......... .......... .......... .......... .......... 39%  280M 0s
   100K .......... .......... .......... .......... .......... 59% 93.1T 0s
   150K .......... .......... .......... .......... .......... 79%  333M 0s
   200K .......... .......... .......... .......... .......... 99%  292M 0s
   250K .                                                     100% 2.44T=0.001s

2026-09-26 12:47:10 (303 MB/s) - ‘webpages-202609261246/www.saoing.com/EIRP/140-am5-ku5.jpg’ saved [257340/257340]

--2026-09-26 12:47:10--  http://www.saoing.com/EIRP/70.5-Widebeam.jpg
Reusing existing connection to www.saoing.com:80.
HTTP request sent, awaiting response... 200 OK
Length: 169696 (166K) [image/jpeg]
Saving to: ‘webpages-202609261246/www.saoing.com/EIRP/70.5-Widebeam.jpg’

     0K .......... .......... .......... .......... .......... 30% 1.39G 0s
    50K .......... .......... .......... .......... .......... 60%  259M 0s
   100K .......... .......... .......... .......... .......... 90%  257M 0s
   150K .......... .....                                      100% 29.3T=0s

2026-09-26 12:47:10 (392 MB/s) - ‘webpages-202609261246/www.saoing.com/EIRP/70.5-Widebeam.jpg’ saved [169696/169696]

--2026-09-26 12:47:10--  http://www.saoing.com/EIRP/70.5-Asia.jpg
Reusing existing connection to www.saoing.com:80.
HTTP request sent, awaiting response... 200 OK
Length: 67631 (66K) [image/jpeg]
Saving to: ‘webpages-202609261246/www.saoing.com/EIRP/70.5-Asia.jpg’

     0K .......... .......... .......... .......... .......... 75%  428M 0s
    50K .......... ......                                     100%  123M=0s

2026-09-26 12:47:10 (267 MB/s) - ‘webpages-202609261246/www.saoing.com/EIRP/70.5-Asia.jpg’ saved [67631/67631]

--2026-09-26 12:47:10--  http://www.saoing.com/EIRP/70.5-Europe.jpg
Reusing existing connection to www.saoing.com:80.
HTTP request sent, awaiting response... 200 OK
Length: 177877 (174K) [image/jpeg]
Saving to: ‘webpages-202609261246/www.saoing.com/EIRP/70.5-Europe.jpg’

     0K .......... .......... .......... .......... .......... 28% 1.37G 0s
    50K .......... .......... .......... .......... .......... 57%  190M 0s
   100K .......... .......... .......... .......... .......... 86%  446M 0s
   150K .......... .......... ...                             100% 44.2T=0s

2026-09-26 12:47:10 (422 MB/s) - ‘webpages-202609261246/www.saoing.com/EIRP/70.5-Europe.jpg’ saved [177877/177877]

--2026-09-26 12:47:10--  http://www.saoing.com/EIRP/70.5-Africa.jpg
Reusing existing connection to www.saoing.com:80.
HTTP request sent, awaiting response... 200 OK
Length: 174984 (171K) [image/jpeg]
Saving to: ‘webpages-202609261246/www.saoing.com/EIRP/70.5-Africa.jpg’

     0K .......... .......... .......... .......... .......... 29%  538M 0s
    50K .......... .......... .......... .......... .......... 58%  254M 0s
   100K .......... .......... .......... .......... .......... 87%  305M 0s
   150K .......... ..........                                 100% 38.9T=0s

2026-09-26 12:47:10 (377 MB/s) - ‘webpages-202609261246/www.saoing.com/EIRP/70.5-Africa.jpg’ saved [174984/174984]

--2026-09-26 12:47:10--  http://www.saoing.com/EIRP/70.5-Central_Asia.jpg
Reusing existing connection to www.saoing.com:80.
HTTP request sent, awaiting response... 200 OK
Length: 169485 (166K) [image/jpeg]
Saving to: ‘webpages-202609261246/www.saoing.com/EIRP/70.5-Central_Asia.jpg’

     0K .......... .......... .......... .......... .......... 30%  337M 0s
    50K .......... .......... .......... .......... .......... 60%  306M 0s
   100K .......... .......... .......... .......... .......... 90%  479M 0s
   150K .......... .....                                      100% 28.9T=0s

2026-09-26 12:47:10 (398 MB/s) - ‘webpages-202609261246/www.saoing.com/EIRP/70.5-Central_Asia.jpg’ saved [169485/169485]

--2026-09-26 12:47:10--  http://www.saoing.com/EIRP/105.5-ku-sasia.jpg
Reusing existing connection to www.saoing.com:80.
HTTP request sent, awaiting response... 200 OK
Length: 116333 (114K) [image/jpeg]
Saving to: ‘webpages-202609261246/www.saoing.com/EIRP/105.5-ku-sasia.jpg’

     0K .......... .......... .......... .......... .......... 44%  196M 0s
    50K .......... .......... .......... .......... .......... 88%  381M 0s
   100K .......... ...                                        100% 25.3T=0s

2026-09-26 12:47:10 (295 MB/s) - ‘webpages-202609261246/www.saoing.com/EIRP/105.5-ku-sasia.jpg’ saved [116333/116333]

--2026-09-26 12:47:10--  http://www.saoing.com/EIRP/105.5-ku-philippines.png
Reusing existing connection to www.saoing.com:80.
HTTP request sent, awaiting response... 200 OK
Length: 443168 (433K) [image/png]
Saving to: ‘webpages-202609261246/www.saoing.com/EIRP/105.5-ku-philippines.png’

     0K .......... .......... .......... .......... .......... 11%  361M 0s
    50K .......... .......... .......... .......... .......... 23%  186M 0s
   100K .......... .......... .......... .......... .......... 34%  297M 0s
   150K .......... .......... .......... .......... .......... 46%  252M 0s
   200K .......... .......... .......... .......... .......... 57% 93.1T 0s
   250K .......... .......... .......... .......... .......... 69%  196M 0s
   300K .......... .......... .......... .......... .......... 80%  377M 0s
   350K .......... .......... .......... .......... .......... 92%  460M 0s
   400K .......... .......... .......... ..                   100% 61.1T=0.001s

2026-09-26 12:47:10 (341 MB/s) - ‘webpages-202609261246/www.saoing.com/EIRP/105.5-ku-philippines.png’ saved [443168/443168]

--2026-09-26 12:47:10--  http://www.saoing.com/EIRP/105.5-Ku-band_South-China-Sea-Australia-beam.jpg
Reusing existing connection to www.saoing.com:80.
HTTP request sent, awaiting response... 200 OK
Length: 177733 (174K) [image/jpeg]
Saving to: ‘webpages-202609261246/www.saoing.com/EIRP/105.5-Ku-band_South-China-Sea-Australia-beam.jpg’

     0K .......... .......... .......... .......... .......... 28% 1.44G 0s
    50K .......... .......... .......... .......... .......... 57%  158M 0s
   100K .......... .......... .......... .......... .......... 86%  327M 0s
   150K .......... .......... ...                             100% 43.9T=0s

2026-09-26 12:47:10 (345 MB/s) - ‘webpages-202609261246/www.saoing.com/EIRP/105.5-Ku-band_South-China-Sea-Australia-beam.jpg’ saved [177733/177733]

--2026-09-26 12:47:10--  http://www.saoing.com/EIRP/140-AT2-KU.jpg
Reusing existing connection to www.saoing.com:80.
HTTP request sent, awaiting response... 200 OK
Length: 349378 (341K) [image/jpeg]
Saving to: ‘webpages-202609261246/www.saoing.com/EIRP/140-AT2-KU.jpg’

     0K .......... .......... .......... .......... .......... 14% 1.49G 0s
    50K .......... .......... .......... .......... .......... 29%  130M 0s
   100K .......... .......... .......... .......... .......... 43%  271M 0s
   150K .......... .......... .......... .......... .......... 58%  347M 0s
   200K .......... .......... .......... .......... .......... 73% 93.1T 0s
   250K .......... .......... .......... .......... .......... 87%  484M 0s
   300K .......... .......... .......... .......... .         100%  447M=0.001s

2026-09-26 12:47:10 (362 MB/s) - ‘webpages-202609261246/www.saoing.com/EIRP/140-AT2-KU.jpg’ saved [349378/349378]

--2026-09-26 12:47:10--  http://www.saoing.com/EIRP/72C-EAST.jpg
Reusing existing connection to www.saoing.com:80.
HTTP request sent, awaiting response... 200 OK
Length: 179306 (175K) [image/jpeg]
Saving to: ‘webpages-202609261246/www.saoing.com/EIRP/72C-EAST.jpg’

     0K .......... .......... .......... .......... .......... 28%  506M 0s
    50K .......... .......... .......... .......... .......... 57%  238M 0s
   100K .......... .......... .......... .......... .......... 85%  402M 0s
   150K .......... .......... .....                           100% 46.8T=0s

2026-09-26 12:47:10 (404 MB/s) - ‘webpages-202609261246/www.saoing.com/EIRP/72C-EAST.jpg’ saved [179306/179306]

--2026-09-26 12:47:10--  http://www.saoing.com/EIRP/72C-WEST.jpg
Reusing existing connection to www.saoing.com:80.
HTTP request sent, awaiting response... 200 OK
Length: 198887 (194K) [image/jpeg]
Saving to: ‘webpages-202609261246/www.saoing.com/EIRP/72C-WEST.jpg’

     0K .......... .......... .......... .......... .......... 25%  381M 0s
    50K .......... .......... .......... .......... .......... 51%  297M 0s
   100K .......... .......... .......... .......... .......... 77%  287M 0s
   150K .......... .......... .......... .......... ....      100%  356M=0.001s

2026-09-26 12:47:10 (325 MB/s) - ‘webpages-202609261246/www.saoing.com/EIRP/72C-WEST.jpg’ saved [198887/198887]

--2026-09-26 12:47:10--  http://www.saoing.com/EIRP/72KU-ME-Africa.jpg
Reusing existing connection to www.saoing.com:80.
HTTP request sent, awaiting response... 200 OK
Length: 253771 (248K) [image/jpeg]
Saving to: ‘webpages-202609261246/www.saoing.com/EIRP/72KU-ME-Africa.jpg’

     0K .......... .......... .......... .......... .......... 20% 1.24G 0s
    50K .......... .......... .......... .......... .......... 40%  294M 0s
   100K .......... .......... .......... .......... .......... 60%  332M 0s
   150K .......... .......... .......... .......... .......... 80%  403M 0s
   200K .......... .......... .......... .......... .......   100% 89.1T=0s

2026-09-26 12:47:11 (512 MB/s) - ‘webpages-202609261246/www.saoing.com/EIRP/72KU-ME-Africa.jpg’ saved [253771/253771]

--2026-09-26 12:47:11--  http://www.saoing.com/EIRP/142-C-ESA.jpg
Reusing existing connection to www.saoing.com:80.
HTTP request sent, awaiting response... 200 OK
Length: 244851 (239K) [image/jpeg]
Saving to: ‘webpages-202609261246/www.saoing.com/EIRP/142-C-ESA.jpg’

     0K .......... .......... .......... .......... .......... 20% 1.60G 0s
    50K .......... .......... .......... .......... .......... 41%  220M 0s
   100K .......... .......... .......... .......... .......... 62%  412M 0s
   150K .......... .......... .......... .......... .......... 83%  321M 0s
   200K .......... .......... .......... .........            100% 72.9T=0.001s

2026-09-26 12:47:11 (447 MB/s) - ‘webpages-202609261246/www.saoing.com/EIRP/142-C-ESA.jpg’ saved [244851/244851]

--2026-09-26 12:47:11--  http://www.saoing.com/EIRP/142-Ku-South.jpg
Reusing existing connection to www.saoing.com:80.
HTTP request sent, awaiting response... 200 OK
Length: 200316 (196K) [image/jpeg]
Saving to: ‘webpages-202609261246/www.saoing.com/EIRP/142-Ku-South.jpg’

     0K .......... .......... .......... .......... .......... 25% 1.33G 0s
    50K .......... .......... .......... .......... .......... 51%  261M 0s
   100K .......... .......... .......... .......... .......... 76%  372M 0s
   150K .......... .......... .......... .......... .....     100%  441M=0s

2026-09-26 12:47:11 (420 MB/s) - ‘webpages-202609261246/www.saoing.com/EIRP/142-Ku-South.jpg’ saved [200316/200316]

--2026-09-26 12:47:11--  http://www.saoing.com/EIRP/142-Ku-North.jpg
Reusing existing connection to www.saoing.com:80.
HTTP request sent, awaiting response... 200 OK
Length: 286802 (280K) [image/jpeg]
Saving to: ‘webpages-202609261246/www.saoing.com/EIRP/142-Ku-North.jpg’

     0K .......... .......... .......... .......... .......... 17%  630M 0s
    50K .......... .......... .......... .......... .......... 35%  340M 0s
   100K .......... .......... .......... .......... .......... 53%  532M 0s
   150K .......... .......... .......... .......... .......... 71%  572M 0s
   200K .......... .......... .......... .......... .......... 89%  571M 0s
   250K .......... .......... ..........                      100% 56.0T=0s

2026-09-26 12:47:11 (565 MB/s) - ‘webpages-202609261246/www.saoing.com/EIRP/142-Ku-North.jpg’ saved [286802/286802]

--2026-09-26 12:47:11--  http://www.saoing.com/EIRP/142-Ku-Steerable.jpg
Reusing existing connection to www.saoing.com:80.
HTTP request sent, awaiting response... 200 OK
Length: 244101 (238K) [image/jpeg]
Saving to: ‘webpages-202609261246/www.saoing.com/EIRP/142-Ku-Steerable.jpg’

     0K .......... .......... .......... .......... .......... 20% 1.74G 0s
    50K .......... .......... .......... .......... .......... 41%  274M 0s
   100K .......... .......... .......... .......... .......... 62%  338M 0s
   150K .......... .......... .......... .......... .......... 83%  388M 0s
   200K .......... .......... .......... ........             100% 71.5T=0s

2026-09-26 12:47:11 (489 MB/s) - ‘webpages-202609261246/www.saoing.com/EIRP/142-Ku-Steerable.jpg’ saved [244101/244101]

--2026-09-26 12:47:11--  http://www.saoing.com/EIRP/74C1.jpg
Reusing existing connection to www.saoing.com:80.
HTTP request sent, awaiting response... 200 OK
Length: 30472 (30K) [image/jpeg]
Saving to: ‘webpages-202609261246/www.saoing.com/EIRP/74C1.jpg’

     0K .......... .......... .........                       100% 1.70G=0s

2026-09-26 12:47:11 (1.70 GB/s) - ‘webpages-202609261246/www.saoing.com/EIRP/74C1.jpg’ saved [30472/30472]

--2026-09-26 12:47:11--  http://www.saoing.com/EIRP/74C2.jpg
Reusing existing connection to www.saoing.com:80.
HTTP request sent, awaiting response... 200 OK
Length: 38077 (37K) [image/jpeg]
Saving to: ‘webpages-202609261246/www.saoing.com/EIRP/74C2.jpg’

     0K .......... .......... .......... .......              100% 1.25G=0s

2026-09-26 12:47:11 (1.25 GB/s) - ‘webpages-202609261246/www.saoing.com/EIRP/74C2.jpg’ saved [38077/38077]

--2026-09-26 12:47:11--  http://www.saoing.com/EIRP/108.2ses-7_south_east_asia_ku.jpg
Reusing existing connection to www.saoing.com:80.
HTTP request sent, awaiting response... 200 OK
Length: 86721 (85K) [image/jpeg]
Saving to: ‘webpages-202609261246/www.saoing.com/EIRP/108.2ses-7_south_east_asia_ku.jpg’

     0K .......... .......... .......... .......... .......... 59%  304M 0s
    50K .......... .......... .......... ....                 100% 64.6T=0s

2026-09-26 12:47:11 (516 MB/s) - ‘webpages-202609261246/www.saoing.com/EIRP/108.2ses-7_south_east_asia_ku.jpg’ saved [86721/86721]

--2026-09-26 12:47:11--  http://www.saoing.com/EIRP/75-2-C-band-Global-Beam1.jpg
Reusing existing connection to www.saoing.com:80.
HTTP request sent, awaiting response... 200 OK
Length: 392066 (383K) [image/jpeg]
Saving to: ‘webpages-202609261246/www.saoing.com/EIRP/75-2-C-band-Global-Beam1.jpg’

     0K .......... .......... .......... .......... .......... 13%  430M 0s
    50K .......... .......... .......... .......... .......... 26%  265M 0s
   100K .......... .......... .......... .......... .......... 39%  414M 0s
   150K .......... .......... .......... .......... .......... 52%  444M 0s
   200K .......... .......... .......... .......... .......... 65% 93.1T 0s
   250K .......... .......... .......... .......... .......... 78%  441M 0s
   300K .......... .......... .......... .......... .......... 91%  491M 0s
   350K .......... .......... .......... ..                   100% 61.2T=0.001s

2026-09-26 12:47:11 (508 MB/s) - ‘webpages-202609261246/www.saoing.com/EIRP/75-2-C-band-Global-Beam1.jpg’ saved [392066/392066]

--2026-09-26 12:47:11--  http://www.saoing.com/EIRP/75-2-C-band-West-Hemi-Beam1.jpg
Reusing existing connection to www.saoing.com:80.
HTTP request sent, awaiting response... 200 OK
Length: 239587 (234K) [image/jpeg]
Saving to: ‘webpages-202609261246/www.saoing.com/EIRP/75-2-C-band-West-Hemi-Beam1.jpg’

     0K .......... .......... .......... .......... .......... 21%  941M 0s
    50K .......... .......... .......... .......... .......... 42%  310M 0s
   100K .......... .......... .......... .......... .......... 64%  405M 0s
   150K .......... .......... .......... .......... .......... 85%  564M 0s
   200K .......... .......... .......... ...                  100% 63.3T=0s

2026-09-26 12:47:11 (548 MB/s) - ‘webpages-202609261246/www.saoing.com/EIRP/75-2-C-band-West-Hemi-Beam1.jpg’ saved [239587/239587]

--2026-09-26 12:47:11--  http://www.saoing.com/EIRP/75-2-Ku-band-MENA-Beam1.jpg
Reusing existing connection to www.saoing.com:80.
HTTP request sent, awaiting response... 200 OK
Length: 273869 (267K) [image/jpeg]
Saving to: ‘webpages-202609261246/www.saoing.com/EIRP/75-2-Ku-band-MENA-Beam1.jpg’

     0K .......... .......... .......... .......... .......... 18% 1.60G 0s
    50K .......... .......... .......... .......... .......... 37%  291M 0s
   100K .......... .......... .......... .......... .......... 56%  613M 0s
   150K .......... .......... .......... .......... .......... 74%  186M 0s
   200K .......... .......... .......... .......... .......... 93% 93.1T 0s
   250K .......... .......                                    100%  124M=0.001s

2026-09-26 12:47:11 (386 MB/s) - ‘webpages-202609261246/www.saoing.com/EIRP/75-2-Ku-band-MENA-Beam1.jpg’ saved [273869/273869]

--2026-09-26 12:47:11--  http://www.saoing.com/EIRP/75-2-Ku-band-SC-Africa-Beam1.jpg
Reusing existing connection to www.saoing.com:80.
HTTP request sent, awaiting response... 200 OK
Length: 311587 (304K) [image/jpeg]
Saving to: ‘webpages-202609261246/www.saoing.com/EIRP/75-2-Ku-band-SC-Africa-Beam1.jpg’

     0K .......... .......... .......... .......... .......... 16% 1.33G 0s
    50K .......... .......... .......... .......... .......... 32%  271M 0s
   100K .......... .......... .......... .......... .......... 49%  282M 0s
   150K .......... .......... .......... .......... .......... 65%  345M 0s
   200K .......... .......... .......... .......... .......... 82% 93.1T 0s
   250K .......... .......... .......... .......... .......... 98%  431M 0s
   300K ....                                                  100% 7.98T=0.001s

2026-09-26 12:47:11 (462 MB/s) - ‘webpages-202609261246/www.saoing.com/EIRP/75-2-Ku-band-SC-Africa-Beam1.jpg’ saved [311587/311587]

--2026-09-26 12:47:11--  http://www.saoing.com/EIRP/75-2-Ku-band-UTS-Indonesia-Beam1.jpg
Reusing existing connection to www.saoing.com:80.
HTTP request sent, awaiting response... 200 OK
Length: 222410 (217K) [image/jpeg]
Saving to: ‘webpages-202609261246/www.saoing.com/EIRP/75-2-Ku-band-UTS-Indonesia-Beam1.jpg’

     0K .......... .......... .......... .......... .......... 23%  502M 0s
    50K .......... .......... .......... .......... .......... 46%  198M 0s
   100K .......... .......... .......... .......... .......... 69%  356M 0s
   150K .......... .......... .......... .......... .......... 92%  393M 0s
   200K .......... .......                                    100% 32.0T=0.001s

2026-09-26 12:47:11 (350 MB/s) - ‘webpages-202609261246/www.saoing.com/EIRP/75-2-Ku-band-UTS-Indonesia-Beam1.jpg’ saved [222410/222410]

--2026-09-26 12:47:11--  http://www.saoing.com/EIRP/75-2-Ku-band-Korea-SEA-Beam1.jpg
Reusing existing connection to www.saoing.com:80.
HTTP request sent, awaiting response... 200 OK
Length: 168059 (164K) [image/jpeg]
Saving to: ‘webpages-202609261246/www.saoing.com/EIRP/75-2-Ku-band-Korea-SEA-Beam1.jpg’

     0K .......... .......... .......... .......... .......... 30%  471M 0s
    50K .......... .......... .......... .......... .......... 60%  317M 0s
   100K .......... .......... .......... .......... .......... 91%  404M 0s
   150K .......... ....                                       100% 26.3T=0s

2026-09-26 12:47:11 (423 MB/s) - ‘webpages-202609261246/www.saoing.com/EIRP/75-2-Ku-band-Korea-SEA-Beam1.jpg’ saved [168059/168059]

--2026-09-26 12:47:11--  http://www.saoing.com/EIRP/75-2-Ka-band-MENA-Beam1.jpg
Reusing existing connection to www.saoing.com:80.
HTTP request sent, awaiting response... 200 OK
Length: 168576 (165K) [image/jpeg]
Saving to: ‘webpages-202609261246/www.saoing.com/EIRP/75-2-Ka-band-MENA-Beam1.jpg’

     0K .......... .......... .......... .......... .......... 30%  334M 0s
    50K .......... .......... .......... .......... .......... 60%  248M 0s
   100K .......... .......... .......... .......... .......... 91%  482M 0s
   150K .......... ....                                       100% 27.2T=0s

2026-09-26 12:47:11 (362 MB/s) - ‘webpages-202609261246/www.saoing.com/EIRP/75-2-Ka-band-MENA-Beam1.jpg’ saved [168576/168576]

--2026-09-26 12:47:11--  http://www.saoing.com/EIRP/108.2-SES-9_SA.jpg
Reusing existing connection to www.saoing.com:80.
HTTP request sent, awaiting response... 200 OK
Length: 239987 (234K) [image/jpeg]
Saving to: ‘webpages-202609261246/www.saoing.com/EIRP/108.2-SES-9_SA.jpg’

     0K .......... .......... .......... .......... .......... 21% 1.38G 0s
    50K .......... .......... .......... .......... .......... 42%  240M 0s
   100K .......... .......... .......... .......... .......... 64%  292M 0s
   150K .......... .......... .......... .......... .......... 85%  559M 0s
   200K .......... .......... .......... ....                 100% 64.0T=0s

2026-09-26 12:47:11 (465 MB/s) - ‘webpages-202609261246/www.saoing.com/EIRP/108.2-SES-9_SA.jpg’ saved [239987/239987]

--2026-09-26 12:47:11--  http://www.saoing.com/EIRP/108.2-SES-9_WestIndianOcean.jpg
Reusing existing connection to www.saoing.com:80.
HTTP request sent, awaiting response... 200 OK
Length: 257978 (252K) [image/jpeg]
Saving to: ‘webpages-202609261246/www.saoing.com/EIRP/108.2-SES-9_WestIndianOcean.jpg’

     0K .......... .......... .......... .......... .......... 19% 1.55G 0s
    50K .......... .......... .......... .......... .......... 39%  255M 0s
   100K .......... .......... .......... .......... .......... 59%  213M 0s
   150K .......... .......... .......... .......... .......... 79%  328M 0s
   200K .......... .......... .......... .......... .......... 99% 93.1T 0s
   250K .                                                     100% 3.60T=0.001s

2026-09-26 12:47:11 (410 MB/s) - ‘webpages-202609261246/www.saoing.com/EIRP/108.2-SES-9_WestIndianOcean.jpg’ saved [257978/257978]

--2026-09-26 12:47:11--  http://www.saoing.com/EIRP/108.2-SES-9_EastIndianOcean.jpg
Reusing existing connection to www.saoing.com:80.
HTTP request sent, awaiting response... 200 OK
Length: 204787 (200K) [image/jpeg]
Saving to: ‘webpages-202609261246/www.saoing.com/EIRP/108.2-SES-9_EastIndianOcean.jpg’

     0K .......... .......... .......... .......... .......... 25% 1.81G 0s
    50K .......... .......... .......... .......... .......... 50%  315M 0s
   100K .......... .......... .......... .......... .......... 75%  406M 0s
   150K .......... .......... .......... .......... ......... 100%  502M=0s

2026-09-26 12:47:12 (490 MB/s) - ‘webpages-202609261246/www.saoing.com/EIRP/108.2-SES-9_EastIndianOcean.jpg’ saved [204787/204787]

--2026-09-26 12:47:12--  http://www.saoing.com/EIRP/108.2-SES-9_ADE.jpg
Reusing existing connection to www.saoing.com:80.
HTTP request sent, awaiting response... 200 OK
Length: 151562 (148K) [image/jpeg]
Saving to: ‘webpages-202609261246/www.saoing.com/EIRP/108.2-SES-9_ADE.jpg’

     0K .......... .......... .......... .......... .......... 33% 1.62G 0s
    50K .......... .......... .......... .......... .......... 67%  283M 0s
   100K .......... .......... .......... .......... ........  100%  291M=0s

2026-09-26 12:47:12 (398 MB/s) - ‘webpages-202609261246/www.saoing.com/EIRP/108.2-SES-9_ADE.jpg’ saved [151562/151562]

--2026-09-26 12:47:12--  http://www.saoing.com/EIRP/145.0-C.png
Reusing existing connection to www.saoing.com:80.
HTTP request sent, awaiting response... 200 OK
Length: 716112 (699K) [image/png]
Saving to: ‘webpages-202609261246/www.saoing.com/EIRP/145.0-C.png’

     0K .......... .......... .......... .......... ..........  7% 1.31G 0s
    50K .......... .......... .......... .......... .......... 14%  250M 0s
   100K .......... .......... .......... .......... .......... 21%  263M 0s
   150K .......... .......... .......... .......... .......... 28%  343M 0s
   200K .......... .......... .......... .......... .......... 35% 93.1T 0s
   250K .......... .......... .......... .......... .......... 42%  421M 0s
   300K .......... .......... .......... .......... .......... 50%  409M 0s
   350K .......... .......... .......... .......... .......... 57%  436M 0s
   400K .......... .......... .......... .......... .......... 64%  429M 0s
   450K .......... .......... .......... .......... .......... 71% 93.1T 0s
   500K .......... .......... .......... .......... .......... 78%  431M 0s
   550K .......... .......... .......... .......... .......... 85%  436M 0s
   600K .......... .......... .......... .......... .......... 92%  592M 0s
   650K .......... .......... .......... .......... ......... 100% 91.9T=0.001s

2026-09-26 12:47:12 (514 MB/s) - ‘webpages-202609261246/www.saoing.com/EIRP/145.0-C.png’ saved [716112/716112]

--2026-09-26 12:47:12--  http://www.saoing.com/EIRP/145.0-KU.png
Reusing existing connection to www.saoing.com:80.
HTTP request sent, awaiting response... 200 OK
Length: 719252 (702K) [image/png]
Saving to: ‘webpages-202609261246/www.saoing.com/EIRP/145.0-KU.png’

     0K .......... .......... .......... .......... ..........  7% 1.78G 0s
    50K .......... .......... .......... .......... .......... 14%  311M 0s
   100K .......... .......... .......... .......... .......... 21%  406M 0s
   150K .......... .......... .......... .......... .......... 28%  477M 0s
   200K .......... .......... .......... .......... .......... 35% 93.1T 0s
   250K .......... .......... .......... .......... .......... 42%  420M 0s
   300K .......... .......... .......... .......... .......... 49%  483M 0s
   350K .......... .......... .......... .......... .......... 56%  480M 0s
   400K .......... .......... .......... .......... .......... 64%  431M 0s
   450K .......... .......... .......... .......... .......... 71% 93.1T 0s
   500K .......... .......... .......... .......... .......... 78%  345M 0s
   550K .......... .......... .......... .......... .......... 85%  349M 0s
   600K .......... .......... .......... .......... .......... 92%  456M 0s
   650K .......... .......... .......... .......... .......... 99% 93.1T 0s
   700K ..                                                    100% 4.46T=0.001s

2026-09-26 12:47:12 (559 MB/s) - ‘webpages-202609261246/www.saoing.com/EIRP/145.0-KU.png’ saved [719252/719252]

--2026-09-26 12:47:12--  http://www.saoing.com/EIRP/75-2A-Ku-band-MENA-Beam1.jpg
Reusing existing connection to www.saoing.com:80.
HTTP request sent, awaiting response... 200 OK
Length: 247036 (241K) [image/jpeg]
Saving to: ‘webpages-202609261246/www.saoing.com/EIRP/75-2A-Ku-band-MENA-Beam1.jpg’

     0K .......... .......... .......... .......... .......... 20%  496M 0s
    50K .......... .......... .......... .......... .......... 41%  416M 0s
   100K .......... .......... .......... .......... .......... 62%  373M 0s
   150K .......... .......... .......... .......... .......... 82%  566M 0s
   200K .......... .......... .......... .......... .         100% 76.8T=0s

2026-09-26 12:47:12 (544 MB/s) - ‘webpages-202609261246/www.saoing.com/EIRP/75-2A-Ku-band-MENA-Beam1.jpg’ saved [247036/247036]

--2026-09-26 12:47:12--  http://www.saoing.com/EIRP/75-2A-Ku-band-South-East-Asia-1-Beam1.jpg
Reusing existing connection to www.saoing.com:80.
HTTP request sent, awaiting response... 200 OK
Length: 201776 (197K) [image/jpeg]
Saving to: ‘webpages-202609261246/www.saoing.com/EIRP/75-2A-Ku-band-South-East-Asia-1-Beam1.jpg’

     0K .......... .......... .......... .......... .......... 25% 1.14G 0s
    50K .......... .......... .......... .......... .......... 50%  315M 0s
   100K .......... .......... .......... .......... .......... 76%  407M 0s
   150K .......... .......... .......... .......... .......   100%  478M=0s

2026-09-26 12:47:12 (466 MB/s) - ‘webpages-202609261246/www.saoing.com/EIRP/75-2A-Ku-band-South-East-Asia-1-Beam1.jpg’ saved [201776/201776]

--2026-09-26 12:47:12--  http://www.saoing.com/EIRP/75-2A-Ku-band-South-East-Asia-2-Beam1.jpg
Reusing existing connection to www.saoing.com:80.
HTTP request sent, awaiting response... 200 OK
Length: 193372 (189K) [image/jpeg]
Saving to: ‘webpages-202609261246/www.saoing.com/EIRP/75-2A-Ku-band-South-East-Asia-2-Beam1.jpg’

     0K .......... .......... .......... .......... .......... 26% 1.08G 0s
    50K .......... .......... .......... .......... .......... 52%  290M 0s
   100K .......... .......... .......... .......... .......... 79%  428M 0s
   150K .......... .......... .......... ........             100% 72.3T=0s

2026-09-26 12:47:12 (564 MB/s) - ‘webpages-202609261246/www.saoing.com/EIRP/75-2A-Ku-band-South-East-Asia-2-Beam1.jpg’ saved [193372/193372]

--2026-09-26 12:47:12--  http://www.saoing.com/EIRP/75-2A-Ku-band-Africa-Beam1.jpg
Reusing existing connection to www.saoing.com:80.
HTTP request sent, awaiting response... 200 OK
Length: 370921 (362K) [image/jpeg]
Saving to: ‘webpages-202609261246/www.saoing.com/EIRP/75-2A-Ku-band-Africa-Beam1.jpg’

     0K .......... .......... .......... .......... .......... 13%  262M 0s
    50K .......... .......... .......... .......... .......... 27%  366M 0s
   100K .......... .......... .......... .......... .......... 41%  210M 0s
   150K .......... .......... .......... .......... .......... 55%  342M 0s
   200K .......... .......... .......... .......... .......... 69%  418M 0s
   250K .......... .......... .......... .......... .......... 82%  694M 0s
   300K .......... .......... .......... .......... .......... 96%  442M 0s
   350K .......... ..                                         100% 22.8T=0.001s

2026-09-26 12:47:12 (356 MB/s) - ‘webpages-202609261246/www.saoing.com/EIRP/75-2A-Ku-band-Africa-Beam1.jpg’ saved [370921/370921]

--2026-09-26 12:47:12--  http://www.saoing.com/EIRP/110-n-sat.gif
Reusing existing connection to www.saoing.com:80.
HTTP request sent, awaiting response... 200 OK
Length: 14693 (14K) [image/gif]
Saving to: ‘webpages-202609261246/www.saoing.com/EIRP/110-n-sat.gif’

     0K .......... ....                                       100% 1.10G=0s

2026-09-26 12:47:12 (1.10 GB/s) - ‘webpages-202609261246/www.saoing.com/EIRP/110-n-sat.gif’ saved [14693/14693]

--2026-09-26 12:47:12--  http://www.saoing.com/EIRP/146C.jpg
Reusing existing connection to www.saoing.com:80.
HTTP request sent, awaiting response... 200 OK
Length: 62356 (61K) [image/jpeg]
Saving to: ‘webpages-202609261246/www.saoing.com/EIRP/146C.jpg’

     0K .......... .......... .......... .......... .......... 82%  412M 0s
    50K ..........                                            100% 20.3T=0s

2026-09-26 12:47:12 (502 MB/s) - ‘webpages-202609261246/www.saoing.com/EIRP/146C.jpg’ saved [62356/62356]

--2026-09-26 12:47:12--  http://www.saoing.com/EIRP/146-Ku.png
Reusing existing connection to www.saoing.com:80.
HTTP request sent, awaiting response... 200 OK
Length: 90093 (88K) [image/png]
Saving to: ‘webpages-202609261246/www.saoing.com/EIRP/146-Ku.png’

     0K .......... .......... .......... .......... .......... 56% 1.58G 0s
    50K .......... .......... .......... .......              100%  196M=0s

2026-09-26 12:47:12 (391 MB/s) - ‘webpages-202609261246/www.saoing.com/EIRP/146-Ku.png’ saved [90093/90093]

--2026-09-26 12:47:12--  http://www.saoing.com/EIRP/76.5-7(Ku-CHN).jpg
Reusing existing connection to www.saoing.com:80.
HTTP request sent, awaiting response... 200 OK
Length: 275063 (269K) [image/jpeg]
Saving to: ‘webpages-202609261246/www.saoing.com/EIRP/76.5-7(Ku-CHN).jpg’

     0K .......... .......... .......... .......... .......... 18% 1.60G 0s
    50K .......... .......... .......... .......... .......... 37%  238M 0s
   100K .......... .......... .......... .......... .......... 55%  301M 0s
   150K .......... .......... .......... .......... .......... 74%  310M 0s
   200K .......... .......... .......... .......... .......... 93% 93.1T 0s
   250K .......... ........                                   100%  157M=0.001s

2026-09-26 12:47:12 (391 MB/s) - ‘webpages-202609261246/www.saoing.com/EIRP/76.5-7(Ku-CHN).jpg’ saved [275063/275063]

--2026-09-26 12:47:12--  http://www.saoing.com/EIRP/76.5-7(Ku-AFR).jpg
Reusing existing connection to www.saoing.com:80.
HTTP request sent, awaiting response... 200 OK
Length: 234078 (229K) [image/jpeg]
Saving to: ‘webpages-202609261246/www.saoing.com/EIRP/76.5-7(Ku-AFR).jpg’

     0K .......... .......... .......... .......... .......... 21%  735M 0s
    50K .......... .......... .......... .......... .......... 43%  322M 0s
   100K .......... .......... .......... .......... .......... 65%  305M 0s
   150K .......... .......... .......... .......... .......... 87%  303M 0s
   200K .......... .......... ........                        100% 53.3T=0.001s

2026-09-26 12:47:12 (414 MB/s) - ‘webpages-202609261246/www.saoing.com/EIRP/76.5-7(Ku-AFR).jpg’ saved [234078/234078]

--2026-09-26 12:47:12--  http://www.saoing.com/EIRP/76.5-7(Ku-MENA).jpg
Reusing existing connection to www.saoing.com:80.
HTTP request sent, awaiting response... 200 OK
Length: 284060 (277K) [image/jpeg]
Saving to: ‘webpages-202609261246/www.saoing.com/EIRP/76.5-7(Ku-MENA).jpg’

     0K .......... .......... .......... .......... .......... 18% 1.28G 0s
    50K .......... .......... .......... .......... .......... 36%  185M 0s
   100K .......... .......... .......... .......... .......... 54%  305M 0s
   150K .......... .......... .......... .......... .......... 72%  372M 0s
   200K .......... .......... .......... .......... .......... 90%  306M 0s
   250K .......... .......... .......                         100% 51.0T=0.001s

2026-09-26 12:47:12 (360 MB/s) - ‘webpages-202609261246/www.saoing.com/EIRP/76.5-7(Ku-MENA).jpg’ saved [284060/284060]

--2026-09-26 12:47:12--  http://www.saoing.com/EIRP/76.5-7(Ku-SSB).jpg
Reusing existing connection to www.saoing.com:80.
HTTP request sent, awaiting response... 200 OK
Length: 294007 (287K) [image/jpeg]
Saving to: ‘webpages-202609261246/www.saoing.com/EIRP/76.5-7(Ku-SSB).jpg’

     0K .......... .......... .......... .......... .......... 17% 1.00G 0s
    50K .......... .......... .......... .......... .......... 34%  336M 0s
   100K .......... .......... .......... .......... .......... 52%  306M 0s
   150K .......... .......... .......... .......... .......... 69%  371M 0s
   200K .......... .......... .......... .......... .......... 87% 93.1T 0s
   250K .......... .......... .......... .......              100%  232M=0.001s

2026-09-26 12:47:12 (438 MB/s) - ‘webpages-202609261246/www.saoing.com/EIRP/76.5-7(Ku-SSB).jpg’ saved [294007/294007]

--2026-09-26 12:47:12--  http://www.saoing.com/EIRP/154C.gif
Reusing existing connection to www.saoing.com:80.
HTTP request sent, awaiting response... 200 OK
Length: 32397 (32K) [image/gif]
Saving to: ‘webpages-202609261246/www.saoing.com/EIRP/154C.gif’

     0K .......... .......... .......... .                    100%  886M=0s

2026-09-26 12:47:12 (886 MB/s) - ‘webpages-202609261246/www.saoing.com/EIRP/154C.gif’ saved [32397/32397]

--2026-09-26 12:47:12--  http://www.saoing.com/EIRP/154ku.gif
Reusing existing connection to www.saoing.com:80.
HTTP request sent, awaiting response... 200 OK
Length: 15732 (15K) [image/gif]
Saving to: ‘webpages-202609261246/www.saoing.com/EIRP/154ku.gif’

     0K .......... .....                                      100% 1.54G=0s

2026-09-26 12:47:12 (1.54 GB/s) - ‘webpages-202609261246/www.saoing.com/EIRP/154ku.gif’ saved [15732/15732]

--2026-09-26 12:47:12--  http://www.saoing.com/EIRP/159-C-band-A-BeamOdd-Transponders1.jpg
Reusing existing connection to www.saoing.com:80.
HTTP request sent, awaiting response... 200 OK
Length: 362170 (354K) [image/jpeg]
Saving to: ‘webpages-202609261246/www.saoing.com/EIRP/159-C-band-A-BeamOdd-Transponders1.jpg’

     0K .......... .......... .......... .......... .......... 14% 1.30G 0s
    50K .......... .......... .......... .......... .......... 28%  262M 0s
   100K .......... .......... .......... .......... .......... 42%  375M 0s
   150K .......... .......... .......... .......... .......... 56%  345M 0s
   200K .......... .......... .......... .......... .......... 70% 93.1T 0s
   250K .......... .......... .......... .......... .......... 84%  522M 0s
   300K .......... .......... .......... .......... .......... 98%  541M 0s
   350K ...                                                   100% 6.86T=0.001s

2026-09-26 12:47:13 (509 MB/s) - ‘webpages-202609261246/www.saoing.com/EIRP/159-C-band-A-BeamOdd-Transponders1.jpg’ saved [362170/362170]

--2026-09-26 12:47:13--  http://www.saoing.com/EIRP/159-C-band-B-BeamOdd-Transponders1.jpg
Reusing existing connection to www.saoing.com:80.
HTTP request sent, awaiting response... 200 OK
Length: 254771 (249K) [image/jpeg]
Saving to: ‘webpages-202609261246/www.saoing.com/EIRP/159-C-band-B-BeamOdd-Transponders1.jpg’

     0K .......... .......... .......... .......... .......... 20% 1.35G 0s
    50K .......... .......... .......... .......... .......... 40%  352M 0s
   100K .......... .......... .......... .......... .......... 60%  422M 0s
   150K .......... .......... .......... .......... .......... 80%  332M 0s
   200K .......... .......... .......... .......... ........  100% 90.9T=0s

2026-09-26 12:47:13 (556 MB/s) - ‘webpages-202609261246/www.saoing.com/EIRP/159-C-band-B-BeamOdd-Transponders1.jpg’ saved [254771/254771]

--2026-09-26 12:47:13--  http://www.saoing.com/EIRP/159-C-band-B-Beam-Even-Transponders1.jpg
Reusing existing connection to www.saoing.com:80.
HTTP request sent, awaiting response... 200 OK
Length: 262326 (256K) [image/jpeg]
Saving to: ‘webpages-202609261246/www.saoing.com/EIRP/159-C-band-B-Beam-Even-Transponders1.jpg’

     0K .......... .......... .......... .......... .......... 19%  290M 0s
    50K .......... .......... .......... .......... .......... 39%  353M 0s
   100K .......... .......... .......... .......... .......... 58%  327M 0s
   150K .......... .......... .......... .......... .......... 78%  356M 0s
   200K .......... .......... .......... .......... .......... 97% 93.1T 0s
   250K ......                                                100% 52.1M=0.001s

2026-09-26 12:47:13 (353 MB/s) - ‘webpages-202609261246/www.saoing.com/EIRP/159-C-band-B-Beam-Even-Transponders1.jpg’ saved [262326/262326]

--2026-09-26 12:47:13--  http://www.saoing.com/EIRP/159-Ku-band-Southern-Beam1.jpg
Reusing existing connection to www.saoing.com:80.
HTTP request sent, awaiting response... 200 OK
Length: 470668 (460K) [image/jpeg]
Saving to: ‘webpages-202609261246/www.saoing.com/EIRP/159-Ku-band-Southern-Beam1.jpg’

     0K .......... .......... .......... .......... .......... 10%  305M 0s
    50K .......... .......... .......... .......... .......... 21%  342M 0s
   100K .......... .......... .......... .......... .......... 32%  411M 0s
   150K .......... .......... .......... .......... .......... 43%  335M 0s
   200K .......... .......... .......... .......... .......... 54%  409M 0s
   250K .......... .......... .......... .......... .......... 65%  282M 0s
   300K .......... .......... .......... .......... .......... 76%  816M 0s
   350K .......... .......... .......... .......... .......... 87%  391M 0s
   400K .......... .......... .......... .......... .......... 97%  423M 0s
   450K .........                                             100% 17.9T=0.001s

2026-09-26 12:47:13 (387 MB/s) - ‘webpages-202609261246/www.saoing.com/EIRP/159-Ku-band-Southern-Beam1.jpg’ saved [470668/470668]

--2026-09-26 12:47:13--  http://www.saoing.com/EIRP/80-C.jpg
Reusing existing connection to www.saoing.com:80.
HTTP request sent, awaiting response... 200 OK
Length: 766678 (749K) [image/jpeg]
Saving to: ‘webpages-202609261246/www.saoing.com/EIRP/80-C.jpg’

     0K .......... .......... .......... .......... ..........  6%  473M 0s
    50K .......... .......... .......... .......... .......... 13%  303M 0s
   100K .......... .......... .......... .......... .......... 20%  278M 0s
   150K .......... .......... .......... .......... .......... 26% 93.1T 0s
   200K .......... .......... .......... .......... .......... 33%  380M 0s
   250K .......... .......... .......... .......... .......... 40%  426M 0s
   300K .......... .......... .......... .......... .......... 46%  605M 0s
   350K .......... .......... .......... .......... .......... 53% 93.1T 0s
   400K .......... .......... .......... .......... .......... 60%  558M 0s
   450K .......... .......... .......... .......... .......... 66%  535M 0s
   500K .......... .......... .......... .......... .......... 73%  580M 0s
   550K .......... .......... .......... .......... .......... 80%  667M 0s
   600K .......... .......... .......... .......... .......... 86%  542M 0s
   650K .......... .......... .......... .......... .......... 93%  566M 0s
   700K .......... .......... .......... .......... ........  100% 90.7T=0.001s

2026-09-26 12:47:13 (573 MB/s) - ‘webpages-202609261246/www.saoing.com/EIRP/80-C.jpg’ saved [766678/766678]

--2026-09-26 12:47:13--  http://www.saoing.com/EIRP/113%E5%B8%95%E6%8B%89%E5%B8%95D%E5%85%A8%E7%90%83%E6%B3%A2%E6%9D%9F.png
Reusing existing connection to www.saoing.com:80.
HTTP request sent, awaiting response... 404 Not Found
2026-09-26 12:47:13 ERROR 404: Not Found.

--2026-09-26 12:47:13--  http://www.saoing.com/EIRP/113%C5%C1%C0%AD%C5%C1D%C8%AB%C7%F2%B2%A8%CA%F8.png
Reusing existing connection to www.saoing.com:80.
HTTP request sent, awaiting response... 200 OK
Length: 364242 (356K) [image/png]
Saving to: ‘webpages-202609261246/www.saoing.com/EIRP/113帕拉帕D全球波束.png’

     0K .......... .......... .......... .......... .......... 14% 1.38G 0s
    50K .......... .......... .......... .......... .......... 28%  280M 0s
   100K .......... .......... .......... .......... .......... 42%  145M 0s
   150K .......... .......... .......... .......... .......... 56%  362M 0s
   200K .......... .......... .......... .......... .......... 70%  235M 0s
   250K .......... .......... .......... .......... .......... 84% 93.1T 0s
   300K .......... .......... .......... .......... .......... 98%  174M 0s
   350K .....                                                 100% 10.6T=0.001s

2026-09-26 12:47:13 (297 MB/s) - ‘webpages-202609261246/www.saoing.com/EIRP/113帕拉帕D全球波束.png’ saved [364242/364242]

--2026-09-26 12:47:13--  http://www.saoing.com/EIRP/113%E5%B8%95%E6%8B%89%E5%B8%95D%E4%B8%9C%E7%9B%9F%E6%B3%A2%E6%9D%9F.png
Reusing existing connection to www.saoing.com:80.
HTTP request sent, awaiting response... 404 Not Found
2026-09-26 12:47:13 ERROR 404: Not Found.

--2026-09-26 12:47:13--  http://www.saoing.com/EIRP/113%C5%C1%C0%AD%C5%C1D%B6%AB%C3%CB%B2%A8%CA%F8.png
Reusing existing connection to www.saoing.com:80.
HTTP request sent, awaiting response... 200 OK
Length: 97534 (95K) [image/png]
Saving to: ‘webpages-202609261246/www.saoing.com/EIRP/113帕拉帕D东盟波束.png’

     0K .......... .......... .......... .......... .......... 52%  386M 0s
    50K .......... .......... .......... .......... .....     100%  324M=0s

2026-09-26 12:47:13 (354 MB/s) - ‘webpages-202609261246/www.saoing.com/EIRP/113帕拉帕D东盟波束.png’ saved [97534/97534]

--2026-09-26 12:47:13--  http://www.saoing.com/EIRP/113%E5%B8%95%E6%8B%89%E5%B8%95D%E5%8D%B0%E5%BA%A6%E5%B0%BC%E8%A5%BF%E4%BA%9AKU%E6%B3%A2%E6%9D%9F.jpg
Reusing existing connection to www.saoing.com:80.
HTTP request sent, awaiting response... 404 Not Found
2026-09-26 12:47:13 ERROR 404: Not Found.

--2026-09-26 12:47:13--  http://www.saoing.com/EIRP/113%C5%C1%C0%AD%C5%C1D%D3%A1%B6%C8%C4%E1%CE%F7%D1%C7KU%B2%A8%CA%F8.jpg
Reusing existing connection to www.saoing.com:80.
HTTP request sent, awaiting response... 200 OK
Length: 59565 (58K) [image/jpeg]
Saving to: ‘webpages-202609261246/www.saoing.com/EIRP/113帕拉帕D印度尼西亚KU波束.jpg’

     0K .......... .......... .......... .......... .......... 85%  407M 0s
    50K ........                                              100% 15.2T=0s

2026-09-26 12:47:13 (473 MB/s) - ‘webpages-202609261246/www.saoing.com/EIRP/113帕拉帕D印度尼西亚KU波束.jpg’ saved [59565/59565]

--2026-09-26 12:47:13--  http://www.saoing.com/EIRP/113-5A-indochina.png
Reusing existing connection to www.saoing.com:80.
HTTP request sent, awaiting response... 200 OK
Length: 183474 (179K) [image/png]
Saving to: ‘webpages-202609261246/www.saoing.com/EIRP/113-5A-indochina.png’

     0K .......... .......... .......... .......... .......... 27%  356M 0s
    50K .......... .......... .......... .......... .......... 55%  295M 0s
   100K .......... .......... .......... .......... .......... 83%  298M 0s
   150K .......... .......... .........                       100% 54.3T=0s

2026-09-26 12:47:13 (375 MB/s) - ‘webpages-202609261246/www.saoing.com/EIRP/113-5A-indochina.png’ saved [183474/183474]

--2026-09-26 12:47:13--  http://www.saoing.com/EIRP/113-5A-maritime.png
Reusing existing connection to www.saoing.com:80.
HTTP request sent, awaiting response... 200 OK
Length: 248541 (243K) [image/png]
Saving to: ‘webpages-202609261246/www.saoing.com/EIRP/113-5A-maritime.png’

     0K .......... .......... .......... .......... .......... 20%  391M 0s
    50K .......... .......... .......... .......... .......... 41%  170M 0s
   100K .......... .......... .......... .......... .......... 61%  348M 0s
   150K .......... .......... .......... .......... .......... 82%  415M 0s
   200K .......... .......... .......... .......... ..        100% 79.6T=0.001s

2026-09-26 12:47:13 (354 MB/s) - ‘webpages-202609261246/www.saoing.com/EIRP/113-5A-maritime.png’ saved [248541/248541]

--2026-09-26 12:47:13--  http://www.saoing.com/EIRP/113-5A-SA.png
Reusing existing connection to www.saoing.com:80.
HTTP request sent, awaiting response... 200 OK
Length: 191561 (187K) [image/png]
Saving to: ‘webpages-202609261246/www.saoing.com/EIRP/113-5A-SA.png’

     0K .......... .......... .......... .......... .......... 26%  495M 0s
    50K .......... .......... .......... .......... .......... 53%  287M 0s
   100K .......... .......... .......... .......... .......... 80%  437M 0s
   150K .......... .......... .......... .......              100% 69.1T=0s

2026-09-26 12:47:13 (480 MB/s) - ‘webpages-202609261246/www.saoing.com/EIRP/113-5A-SA.png’ saved [191561/191561]

--2026-09-26 12:47:13--  http://www.saoing.com/EIRP/113-5A-streea.png
Reusing existing connection to www.saoing.com:80.
HTTP request sent, awaiting response... 200 OK
Length: 187803 (183K) [image/png]
Saving to: ‘webpages-202609261246/www.saoing.com/EIRP/113-5A-streea.png’

     0K .......... .......... .......... .......... .......... 27%  207M 0s
    50K .......... .......... .......... .......... .......... 54%  310M 0s
   100K .......... .......... .......... .......... .......... 81% 93.1T 0s
   150K .......... .......... .......... ...                  100%  208M=0.001s

2026-09-26 12:47:13 (326 MB/s) - ‘webpages-202609261246/www.saoing.com/EIRP/113-5A-streea.png’ saved [187803/187803]

--2026-09-26 12:47:13--  http://www.saoing.com/EIRP/166Ku-AZ.jpg
Reusing existing connection to www.saoing.com:80.
HTTP request sent, awaiting response... 200 OK
Length: 276687 (270K) [image/jpeg]
Saving to: ‘webpages-202609261246/www.saoing.com/EIRP/166Ku-AZ.jpg’

     0K .......... .......... .......... .......... .......... 18%  167M 0s
    50K .......... .......... .......... .......... .......... 37%  317M 0s
   100K .......... .......... .......... .......... .......... 55%  318M 0s
   150K .......... .......... .......... .......... .......... 74%  287M 0s
   200K .......... .......... .......... .......... .......... 92%  377M 0s
   250K .......... ..........                                 100% 37.6T=0.001s

2026-09-26 12:47:13 (293 MB/s) - ‘webpages-202609261246/www.saoing.com/EIRP/166Ku-AZ.jpg’ saved [276687/276687]

--2026-09-26 12:47:13--  http://www.saoing.com/EIRP/166Ku-NE-Pacific.jpg
Reusing existing connection to www.saoing.com:80.
HTTP request sent, awaiting response... 200 OK
Length: 147887 (144K) [image/jpeg]
Saving to: ‘webpages-202609261246/www.saoing.com/EIRP/166Ku-NE-Pacific.jpg’

     0K .......... .......... .......... .......... .......... 34%  235M 0s
    50K .......... .......... .......... .......... .......... 69%  537M 0s
   100K .......... .......... .......... .......... ....      100%  350M=0s

2026-09-26 12:47:14 (334 MB/s) - ‘webpages-202609261246/www.saoing.com/EIRP/166Ku-NE-Pacific.jpg’ saved [147887/147887]

--2026-09-26 12:47:14--  http://www.saoing.com/EIRP/166Ku-SW-Pacific.jpg
Reusing existing connection to www.saoing.com:80.
HTTP request sent, awaiting response... 200 OK
Length: 177388 (173K) [image/jpeg]
Saving to: ‘webpages-202609261246/www.saoing.com/EIRP/166Ku-SW-Pacific.jpg’

     0K .......... .......... .......... .......... .......... 28%  334M 0s
    50K .......... .......... .......... .......... .......... 57%  412M 0s
   100K .......... .......... .......... .......... .......... 86%  281M 0s
   150K .......... .......... ...                             100% 43.3T=0s

2026-09-26 12:47:14 (386 MB/s) - ‘webpages-202609261246/www.saoing.com/EIRP/166Ku-SW-Pacific.jpg’ saved [177388/177388]

--2026-09-26 12:47:14--  http://www.saoing.com/EIRP/85Ku-Russia.jpg
Reusing existing connection to www.saoing.com:80.
HTTP request sent, awaiting response... 200 OK
Length: 195182 (191K) [image/jpeg]
Saving to: ‘webpages-202609261246/www.saoing.com/EIRP/85Ku-Russia.jpg’

     0K .......... .......... .......... .......... .......... 26%  247M 0s
    50K .......... .......... .......... .......... .......... 52%  369M 0s
   100K .......... .......... .......... .......... .......... 78%  354M 0s
   150K .......... .......... .......... ..........           100%  356M=0.001s

2026-09-26 12:47:14 (321 MB/s) - ‘webpages-202609261246/www.saoing.com/EIRP/85Ku-Russia.jpg’ saved [195182/195182]

--2026-09-26 12:47:14--  http://www.saoing.com/EIRP/85Ku-SA.jpg
Reusing existing connection to www.saoing.com:80.
HTTP request sent, awaiting response... 200 OK
Length: 212126 (207K) [image/jpeg]
Saving to: ‘webpages-202609261246/www.saoing.com/EIRP/85Ku-SA.jpg’

     0K .......... .......... .......... .......... .......... 24% 1.10G 0s
    50K .......... .......... .......... .......... .......... 48%  305M 0s
   100K .......... .......... .......... .......... .......... 72%  369M 0s
   150K .......... .......... .......... .......... .......... 96%  595M 0s
   200K .......                                               100% 13.3T=0s

2026-09-26 12:47:14 (484 MB/s) - ‘webpages-202609261246/www.saoing.com/EIRP/85Ku-SA.jpg’ saved [212126/212126]

--2026-09-26 12:47:14--  http://www.saoing.com/EIRP/116-6.png
Reusing existing connection to www.saoing.com:80.
HTTP request sent, awaiting response... 200 OK
Length: 109981 (107K) [image/png]
Saving to: ‘webpages-202609261246/www.saoing.com/EIRP/116-6.png’

     0K .......... .......... .......... .......... .......... 46%  329M 0s
    50K .......... .......... .......... .......... .......... 93%  321M 0s
   100K .......                                               100% 13.8T=0s

2026-09-26 12:47:14 (349 MB/s) - ‘webpages-202609261246/www.saoing.com/EIRP/116-6.png’ saved [109981/109981]

--2026-09-26 12:47:14--  http://www.saoing.com/EIRP/172-C.jpg
Reusing existing connection to www.saoing.com:80.
HTTP request sent, awaiting response... 200 OK
Length: 103031 (101K) [image/jpeg]
Saving to: ‘webpages-202609261246/www.saoing.com/EIRP/172-C.jpg’

     0K .......... .......... .......... .......... .......... 49%  286M 0s
    50K .......... .......... .......... .......... .......... 99%  345M 0s
   100K                                                       100% 1.15T=0s

2026-09-26 12:47:14 (315 MB/s) - ‘webpages-202609261246/www.saoing.com/EIRP/172-C.jpg’ saved [103031/103031]

--2026-09-26 12:47:14--  http://www.saoing.com/EIRP/172-KU-NE.jpg
Reusing existing connection to www.saoing.com:80.
HTTP request sent, awaiting response... 200 OK
Length: 79495 (78K) [image/jpeg]
Saving to: ‘webpages-202609261246/www.saoing.com/EIRP/172-KU-NE.jpg’

     0K .......... .......... .......... .......... .......... 64%  461M 0s
    50K .......... .......... .......                         100% 51.5T=0s

2026-09-26 12:47:14 (716 MB/s) - ‘webpages-202609261246/www.saoing.com/EIRP/172-KU-NE.jpg’ saved [79495/79495]

--2026-09-26 12:47:14--  http://www.saoing.com/EIRP/172-Ku-band_North_Pacific.jpg
Reusing existing connection to www.saoing.com:80.
HTTP request sent, awaiting response... 200 OK
Length: 111227 (109K) [image/jpeg]
Saving to: ‘webpages-202609261246/www.saoing.com/EIRP/172-Ku-band_North_Pacific.jpg’

     0K .......... .......... .......... .......... .......... 46%  398M 0s
    50K .......... .......... .......... .......... .......... 92%  535M 0s
   100K ........                                              100% 16.1T=0s

2026-09-26 12:47:14 (496 MB/s) - ‘webpages-202609261246/www.saoing.com/EIRP/172-Ku-band_North_Pacific.jpg’ saved [111227/111227]

--2026-09-26 12:47:14--  http://www.saoing.com/EIRP/172_Ku-band_South_West_Pacific.jpg
Reusing existing connection to www.saoing.com:80.
HTTP request sent, awaiting response... 200 OK
Length: 68963 (67K) [image/jpeg]
Saving to: ‘webpages-202609261246/www.saoing.com/EIRP/172_Ku-band_South_West_Pacific.jpg’

     0K .......... .......... .......... .......... .......... 74% 1.03G 0s
    50K .......... .......                                    100%  118M=0s

2026-09-26 12:47:14 (346 MB/s) - ‘webpages-202609261246/www.saoing.com/EIRP/172_Ku-band_South_West_Pacific.jpg’ saved [68963/68963]

--2026-09-26 12:47:14--  http://www.saoing.com/EIRP/172_Ku-band_South_Pacific.jpg
Reusing existing connection to www.saoing.com:80.
HTTP request sent, awaiting response... 200 OK
Length: 54691 (53K) [image/jpeg]
Saving to: ‘webpages-202609261246/www.saoing.com/EIRP/172_Ku-band_South_Pacific.jpg’

     0K .......... .......... .......... .......... .......... 93% 1.52G 0s
    50K ...                                                   100% 6.35T=0s

2026-09-26 12:47:14 (1.62 GB/s) - ‘webpages-202609261246/www.saoing.com/EIRP/172_Ku-band_South_Pacific.jpg’ saved [54691/54691]

--2026-09-26 12:47:14--  http://www.saoing.com/EIRP/172_Ku-band_South_East_Pacific.jpg
Reusing existing connection to www.saoing.com:80.
HTTP request sent, awaiting response... 200 OK
Length: 52783 (52K) [image/jpeg]
Saving to: ‘webpages-202609261246/www.saoing.com/EIRP/172_Ku-band_South_East_Pacific.jpg’

     0K .......... .......... .......... .......... .......... 97% 1.13G 0s
    50K .                                                     100% 2.88T=0s

2026-09-26 12:47:14 (1.17 GB/s) - ‘webpages-202609261246/www.saoing.com/EIRP/172_Ku-band_South_East_Pacific.jpg’ saved [52783/52783]

--2026-09-26 12:47:14--  http://www.saoing.com/EIRP/172_Ku-band_HTS.jpg
Reusing existing connection to www.saoing.com:80.
HTTP request sent, awaiting response... 200 OK
Length: 106684 (104K) [image/jpeg]
Saving to: ‘webpages-202609261246/www.saoing.com/EIRP/172_Ku-band_HTS.jpg’

     0K .......... .......... .......... .......... .......... 47% 1.59G 0s
    50K .......... .......... .......... .......... .......... 95%  284M 0s
   100K ....                                                  100% 7.79T=0s

2026-09-26 12:47:14 (504 MB/s) - ‘webpages-202609261246/www.saoing.com/EIRP/172_Ku-band_HTS.jpg’ saved [106684/106684]

--2026-09-26 12:47:14--  http://www.saoing.com/EIRP/85ku-IS-15-Russia.jpg
Reusing existing connection to www.saoing.com:80.
HTTP request sent, awaiting response... 200 OK
Length: 202062 (197K) [image/jpeg]
Saving to: ‘webpages-202609261246/www.saoing.com/EIRP/85ku-IS-15-Russia.jpg’

     0K .......... .......... .......... .......... .......... 25% 1.04G 0s
    50K .......... .......... .......... .......... .......... 50%  176M 0s
   100K .......... .......... .......... .......... .......... 76%  362M 0s
   150K .......... .......... .......... .......... .......   100%  524M=0.001s

2026-09-26 12:47:14 (353 MB/s) - ‘webpages-202609261246/www.saoing.com/EIRP/85ku-IS-15-Russia.jpg’ saved [202062/202062]

--2026-09-26 12:47:14--  http://www.saoing.com/EIRP/85ku-IS-15-ME.jpg
Reusing existing connection to www.saoing.com:80.
HTTP request sent, awaiting response... 200 OK
Length: 288808 (282K) [image/jpeg]
Saving to: ‘webpages-202609261246/www.saoing.com/EIRP/85ku-IS-15-ME.jpg’

     0K .......... .......... .......... .......... .......... 17% 1022M 0s
    50K .......... .......... .......... .......... .......... 35%  302M 0s
   100K .......... .......... .......... .......... .......... 53%  294M 0s
   150K .......... .......... .......... .......... .......... 70%  392M 0s
   200K .......... .......... .......... .......... .......... 88% 93.1T 0s
   250K .......... .......... .......... ..                   100%  216M=0.001s

2026-09-26 12:47:14 (427 MB/s) - ‘webpages-202609261246/www.saoing.com/EIRP/85ku-IS-15-ME.jpg’ saved [288808/288808]

--2026-09-26 12:47:14--  http://www.saoing.com/EIRP/116-7-india.png
Reusing existing connection to www.saoing.com:80.
HTTP request sent, awaiting response... 200 OK
Length: 179309 (175K) [image/png]
Saving to: ‘webpages-202609261246/www.saoing.com/EIRP/116-7-india.png’

     0K .......... .......... .......... .......... .......... 28% 1020M 0s
    50K .......... .......... .......... .......... .......... 57%  287M 0s
   100K .......... .......... .......... .......... .......... 85%  326M 0s
   150K .......... .......... .....                           100% 46.8T=0s

2026-09-26 12:47:14 (465 MB/s) - ‘webpages-202609261246/www.saoing.com/EIRP/116-7-india.png’ saved [179309/179309]

--2026-09-26 12:47:14--  http://www.saoing.com/EIRP/116-7-indochina.png
Reusing existing connection to www.saoing.com:80.
HTTP request sent, awaiting response... 200 OK
Length: 159155 (155K) [image/png]
Saving to: ‘webpages-202609261246/www.saoing.com/EIRP/116-7-indochina.png’

     0K .......... .......... .......... .......... .......... 32% 1.65G 0s
    50K .......... .......... .......... .......... .......... 64%  274M 0s
   100K .......... .......... .......... .......... .......... 96%  364M 0s
   150K .....                                                 100% 10.1T=0s

2026-09-26 12:47:14 (444 MB/s) - ‘webpages-202609261246/www.saoing.com/EIRP/116-7-indochina.png’ saved [159155/159155]

--2026-09-26 12:47:14--  http://www.saoing.com/EIRP/116-7-sea.png
Reusing existing connection to www.saoing.com:80.
HTTP request sent, awaiting response... 200 OK
Length: 168492 (165K) [image/png]
Saving to: ‘webpages-202609261246/www.saoing.com/EIRP/116-7-sea.png’

     0K .......... .......... .......... .......... .......... 30% 1.53G 0s
    50K .......... .......... .......... .......... .......... 60%  323M 0s
   100K .......... .......... .......... .......... .......... 91%  340M 0s
   150K .......... ....                                       100% 27.1T=0s

2026-09-26 12:47:14 (493 MB/s) - ‘webpages-202609261246/www.saoing.com/EIRP/116-7-sea.png’ saved [168492/168492]

--2026-09-26 12:47:14--  http://www.saoing.com/EIRP/116-7-phi.png
Reusing existing connection to www.saoing.com:80.
HTTP request sent, awaiting response... 200 OK
Length: 157420 (154K) [image/png]
Saving to: ‘webpages-202609261246/www.saoing.com/EIRP/116-7-phi.png’

     0K .......... .......... .......... .......... .......... 32%  340M 0s
    50K .......... .......... .......... .......... .......... 65%  229M 0s
   100K .......... .......... .......... .......... .......... 97%  390M 0s
   150K ...                                                   100% 6.95T=0s

2026-09-26 12:47:14 (311 MB/s) - ‘webpages-202609261246/www.saoing.com/EIRP/116-7-phi.png’ saved [157420/157420]

--2026-09-26 12:47:14--  http://www.saoing.com/EIRP/116-7-ka.png
Reusing existing connection to www.saoing.com:80.
HTTP request sent, awaiting response... 200 OK
Length: 212470 (207K) [image/png]
Saving to: ‘webpages-202609261246/www.saoing.com/EIRP/116-7-ka.png’

     0K .......... .......... .......... .......... .......... 24%  464M 0s
    50K .......... .......... .......... .......... .......... 48%  312M 0s
   100K .......... .......... .......... .......... .......... 72%  300M 0s
   150K .......... .......... .......... .......... .......... 96%  294M 0s
   200K .......                                               100% 14.0T=0.001s

2026-09-26 12:47:15 (343 MB/s) - ‘webpages-202609261246/www.saoing.com/EIRP/116-7-ka.png’ saved [212470/212470]

--2026-09-26 12:47:15--  http://www.saoing.com/EIRP/180-ku-South-Pacific.jpg
Reusing existing connection to www.saoing.com:80.
HTTP request sent, awaiting response... 200 OK
Length: 228402 (223K) [image/jpeg]
Saving to: ‘webpages-202609261246/www.saoing.com/EIRP/180-ku-South-Pacific.jpg’

     0K .......... .......... .......... .......... .......... 22%  289M 0s
    50K .......... .......... .......... .......... .......... 44%  378M 0s
   100K .......... .......... .......... .......... .......... 67% 93.1T 0s
   150K .......... .......... .......... .......... .......... 89%  354M 0s
   200K .......... .......... ...                             100% 42.9T=0s

2026-09-26 12:47:15 (500 MB/s) - ‘webpages-202609261246/www.saoing.com/EIRP/180-ku-South-Pacific.jpg’ saved [228402/228402]

--2026-09-26 12:47:15--  http://www.saoing.com/EIRP/180-ku-French-Polynesia.jpg
Reusing existing connection to www.saoing.com:80.
HTTP request sent, awaiting response... 200 OK
Length: 185292 (181K) [image/jpeg]
Saving to: ‘webpages-202609261246/www.saoing.com/EIRP/180-ku-French-Polynesia.jpg’

     0K .......... .......... .......... .......... .......... 27%  635M 0s
    50K .......... .......... .......... .......... .......... 55%  263M 0s
   100K .......... .......... .......... .......... .......... 82%  132M 0s
   150K .......... .......... ..........                      100%  261M=0.001s

2026-09-26 12:47:15 (236 MB/s) - ‘webpages-202609261246/www.saoing.com/EIRP/180-ku-French-Polynesia.jpg’ saved [185292/185292]

--2026-09-26 12:47:15--  http://www.saoing.com/EIRP/87.5-KU-MENA.jpg
Reusing existing connection to www.saoing.com:80.
HTTP request sent, awaiting response... 200 OK
Length: 302232 (295K) [image/jpeg]
Saving to: ‘webpages-202609261246/www.saoing.com/EIRP/87.5-KU-MENA.jpg’

     0K .......... .......... .......... .......... .......... 16%  347M 0s
    50K .......... .......... .......... .......... .......... 33%  462M 0s
   100K .......... .......... .......... .......... .......... 50%  329M 0s
   150K .......... .......... .......... .......... .......... 67%  533M 0s
   200K .......... .......... .......... .......... .......... 84% 93.1T 0s
   250K .......... .......... .......... .......... .....     100%  466M=0.001s

2026-09-26 12:47:15 (496 MB/s) - ‘webpages-202609261246/www.saoing.com/EIRP/87.5-KU-MENA.jpg’ saved [302232/302232]

--2026-09-26 12:47:15--  http://www.saoing.com/EIRP/87.5-KU-MOVE.jpg
Reusing existing connection to www.saoing.com:80.
HTTP request sent, awaiting response... 200 OK
Length: 286647 (280K) [image/jpeg]
Saving to: ‘webpages-202609261246/www.saoing.com/EIRP/87.5-KU-MOVE.jpg’

     0K .......... .......... .......... .......... .......... 17%  315M 0s
    50K .......... .......... .......... .......... .......... 35%  301M 0s
   100K .......... .......... .......... .......... .......... 53%  312M 0s
   150K .......... .......... .......... .......... .......... 71%  280M 0s
   200K .......... .......... .......... .......... .......... 89% 93.1T 0s
   250K .......... .......... .........                       100%  223M=0.001s

2026-09-26 12:47:15 (351 MB/s) - ‘webpages-202609261246/www.saoing.com/EIRP/87.5-KU-MOVE.jpg’ saved [286647/286647]

--2026-09-26 12:47:15--  http://www.saoing.com/EIRP/118.gif
Reusing existing connection to www.saoing.com:80.
HTTP request sent, awaiting response... 200 OK
Length: 11687 (11K) [image/gif]
Saving to: ‘webpages-202609261246/www.saoing.com/EIRP/118.gif’

     0K .......... .                                          100% 1009M=0s

2026-09-26 12:47:15 (1009 MB/s) - ‘webpages-202609261246/www.saoing.com/EIRP/118.gif’ saved [11687/11687]

--2026-09-26 12:47:15--  http://www.saoing.com/EIRP/183-c-east.jpg
Reusing existing connection to www.saoing.com:80.
HTTP request sent, awaiting response... 200 OK
Length: 117429 (115K) [image/jpeg]
Saving to: ‘webpages-202609261246/www.saoing.com/EIRP/183-c-east.jpg’

     0K .......... .......... .......... .......... .......... 43%  254M 0s
    50K .......... .......... .......... .......... .......... 87%  402M 0s
   100K .......... ....                                       100% 27.3T=0s

2026-09-26 12:47:15 (357 MB/s) - ‘webpages-202609261246/www.saoing.com/EIRP/183-c-east.jpg’ saved [117429/117429]

--2026-09-26 12:47:15--  http://www.saoing.com/EIRP/183-C-west.jpg
Reusing existing connection to www.saoing.com:80.
HTTP request sent, awaiting response... 200 OK
Length: 115407 (113K) [image/jpeg]
Saving to: ‘webpages-202609261246/www.saoing.com/EIRP/183-C-west.jpg’

     0K .......... .......... .......... .......... .......... 44%  725M 0s
    50K .......... .......... .......... .......... .......... 88%  318M 0s
   100K .......... ..                                         100% 23.7T=0s

2026-09-26 12:47:15 (498 MB/s) - ‘webpages-202609261246/www.saoing.com/EIRP/183-C-west.jpg’ saved [115407/115407]

--2026-09-26 12:47:15--  http://www.saoing.com/EIRP/88-2-c.jpg
Reusing existing connection to www.saoing.com:80.
HTTP request sent, awaiting response... 200 OK
Length: 422241 (412K) [image/jpeg]
Saving to: ‘webpages-202609261246/www.saoing.com/EIRP/88-2-c.jpg’

     0K .......... .......... .......... .......... .......... 12%  410M 0s
    50K .......... .......... .......... .......... .......... 24%  333M 0s
   100K .......... .......... .......... .......... .......... 36%  324M 0s
   150K .......... .......... .......... .......... .......... 48% 93.1T 0s
   200K .......... .......... .......... .......... .......... 60%  296M 0s
   250K .......... .......... .......... .......... .......... 72%  422M 0s
   300K .......... .......... .......... .......... .......... 84%  539M 0s
   350K .......... .......... .......... .......... .......... 97%  693M 0s
   400K .......... ..                                         100% 23.0T=0.001s

2026-09-26 12:47:15 (469 MB/s) - ‘webpages-202609261246/www.saoing.com/EIRP/88-2-c.jpg’ saved [422241/422241]

--2026-09-26 12:47:15--  http://www.saoing.com/EIRP/88-2-ku.jpg
Reusing existing connection to www.saoing.com:80.
HTTP request sent, awaiting response... 200 OK
Length: 446631 (436K) [image/jpeg]
Saving to: ‘webpages-202609261246/www.saoing.com/EIRP/88-2-ku.jpg’

     0K .......... .......... .......... .......... .......... 11%  263M 0s
    50K .......... .......... .......... .......... .......... 22%  388M 0s
   100K .......... .......... .......... .......... .......... 34%  393M 0s
   150K .......... .......... .......... .......... .......... 45%  220M 0s
   200K .......... .......... .......... .......... .......... 57%  407M 0s
   250K .......... .......... .......... .......... .......... 68% 93.1T 0s
   300K .......... .......... .......... .......... .......... 80%  261M 0s
   350K .......... .......... .......... .......... .......... 91%  327M 0s
   400K .......... .......... .......... ......               100% 67.4T=0.001s

2026-09-26 12:47:15 (382 MB/s) - ‘webpages-202609261246/www.saoing.com/EIRP/88-2-ku.jpg’ saved [446631/446631]

--2026-09-26 12:47:15--  http://www.saoing.com/EIRP/119.1-C.jpg
Reusing existing connection to www.saoing.com:80.
HTTP request sent, awaiting response... 200 OK
Length: 125364 (122K) [image/jpeg]
Saving to: ‘webpages-202609261246/www.saoing.com/EIRP/119.1-C.jpg’

     0K .......... .......... .......... .......... .......... 40%  346M 0s
    50K .......... .......... .......... .......... .......... 81%  386M 0s
   100K .......... .......... ..                              100% 41.8T=0s

2026-09-26 12:47:15 (447 MB/s) - ‘webpages-202609261246/www.saoing.com/EIRP/119.1-C.jpg’ saved [125364/125364]

--2026-09-26 12:47:15--  http://www.saoing.com/EIRP/119.1-KU-Bangladesh.jpg
Reusing existing connection to www.saoing.com:80.
HTTP request sent, awaiting response... 200 OK
Length: 87936 (86K) [image/jpeg]
Saving to: ‘webpages-202609261246/www.saoing.com/EIRP/119.1-KU-Bangladesh.jpg’

     0K .......... .......... .......... .......... .......... 58%  520M 0s
    50K .......... .......... .......... .....                100%  270M=0s

2026-09-26 12:47:15 (375 MB/s) - ‘webpages-202609261246/www.saoing.com/EIRP/119.1-KU-Bangladesh.jpg’ saved [87936/87936]

--2026-09-26 12:47:15--  http://www.saoing.com/EIRP/119.1-KU-India.jpg
Reusing existing connection to www.saoing.com:80.
HTTP request sent, awaiting response... 200 OK
Length: 119806 (117K) [image/jpeg]
Saving to: ‘webpages-202609261246/www.saoing.com/EIRP/119.1-KU-India.jpg’

     0K .......... .......... .......... .......... .......... 42%  216M 0s
    50K .......... .......... .......... .......... .......... 85%  534M 0s
   100K .......... ......                                     100% 31.7T=0s

2026-09-26 12:47:15 (360 MB/s) - ‘webpages-202609261246/www.saoing.com/EIRP/119.1-KU-India.jpg’ saved [119806/119806]

--2026-09-26 12:47:15--  http://www.saoing.com/EIRP/119.1-KU-Indonesia.jpg
Reusing existing connection to www.saoing.com:80.
HTTP request sent, awaiting response... 200 OK
Length: 130485 (127K) [image/jpeg]
Saving to: ‘webpages-202609261246/www.saoing.com/EIRP/119.1-KU-Indonesia.jpg’

     0K .......... .......... .......... .......... .......... 39%  224M 0s
    50K .......... .......... .......... .......... .......... 78%  385M 0s
   100K .......... .......... .......                         100%  198M=0s

2026-09-26 12:47:15 (259 MB/s) - ‘webpages-202609261246/www.saoing.com/EIRP/119.1-KU-Indonesia.jpg’ saved [130485/130485]

--2026-09-26 12:47:15--  http://www.saoing.com/EIRP/119.1-KU-Philippines.jpg
Reusing existing connection to www.saoing.com:80.
HTTP request sent, awaiting response... 200 OK
Length: 81610 (80K) [image/jpeg]
Saving to: ‘webpages-202609261246/www.saoing.com/EIRP/119.1-KU-Philippines.jpg’

     0K .......... .......... .......... .......... .......... 62%  273M 0s
    50K .......... .......... .........                       100%  169M=0s

2026-09-26 12:47:15 (222 MB/s) - ‘webpages-202609261246/www.saoing.com/EIRP/119.1-KU-Philippines.jpg’ saved [81610/81610]

--2026-09-26 12:47:15--  http://www.saoing.com/EIRP/124.jpg
Reusing existing connection to www.saoing.com:80.
HTTP request sent, awaiting response... 200 OK
Length: 102284 (100K) [image/jpeg]
Saving to: ‘webpages-202609261246/www.saoing.com/EIRP/124.jpg’

     0K .......... .......... .......... .......... .......... 50%  186M 0s
    50K .......... .......... .......... .......... ......... 100%  355M=0s

2026-09-26 12:47:15 (244 MB/s) - ‘webpages-202609261246/www.saoing.com/EIRP/124.jpg’ saved [102284/102284]

--2026-09-26 12:47:15--  http://www.saoing.com/EIRP/124ku-japan.gif
Reusing existing connection to www.saoing.com:80.
HTTP request sent, awaiting response... 200 OK
Length: 16970 (17K) [image/gif]
Saving to: ‘webpages-202609261246/www.saoing.com/EIRP/124ku-japan.gif’

     0K .......... ......                                     100% 1.02G=0s

2026-09-26 12:47:15 (1.02 GB/s) - ‘webpages-202609261246/www.saoing.com/EIRP/124ku-japan.gif’ saved [16970/16970]

--2026-09-26 12:47:15--  http://www.saoing.com/EIRP/128-c.gif
Reusing existing connection to www.saoing.com:80.
HTTP request sent, awaiting response... 200 OK
Length: 36923 (36K) [image/gif]
Saving to: ‘webpages-202609261246/www.saoing.com/EIRP/128-c.gif’

     0K .......... .......... .......... ......               100%  548M=0s

2026-09-26 12:47:16 (548 MB/s) - ‘webpages-202609261246/www.saoing.com/EIRP/128-c.gif’ saved [36923/36923]

--2026-09-26 12:47:16--  http://www.saoing.com/EIRP/128KU-Japan.gif
Reusing existing connection to www.saoing.com:80.
HTTP request sent, awaiting response... 200 OK
Length: 17459 (17K) [image/gif]
Saving to: ‘webpages-202609261246/www.saoing.com/EIRP/128KU-Japan.gif’

     0K .......... .......                                    100% 1.47G=0s

2026-09-26 12:47:16 (1.47 GB/s) - ‘webpages-202609261246/www.saoing.com/EIRP/128KU-Japan.gif’ saved [17459/17459]

--2026-09-26 12:47:16--  http://www.saoing.com/EIRP/65.0.jpg
Reusing existing connection to www.saoing.com:80.
HTTP request sent, awaiting response... 200 OK
Length: 85424 (83K) [image/jpeg]
Saving to: ‘webpages-202609261246/www.saoing.com/EIRP/65.0.jpg’

     0K .......... .......... .......... .......... .......... 59%  330M 0s
    50K .......... .......... .......... ...                  100%  246M=0s

2026-09-26 12:47:16 (291 MB/s) - ‘webpages-202609261246/www.saoing.com/EIRP/65.0.jpg’ saved [85424/85424]

--2026-09-26 12:47:16--  http://www.saoing.com/EIRP/83-4A-C-KU.jpg
Reusing existing connection to www.saoing.com:80.
HTTP request sent, awaiting response... 200 OK
Length: 89520 (87K) [image/jpeg]
Saving to: ‘webpages-202609261246/www.saoing.com/EIRP/83-4A-C-KU.jpg’

     0K .......... .......... .......... .......... .......... 57%  300M 0s
    50K .......... .......... .......... .......              100%  286M=0s

2026-09-26 12:47:16 (294 MB/s) - ‘webpages-202609261246/www.saoing.com/EIRP/83-4A-C-KU.jpg’ saved [89520/89520]

--2026-09-26 12:47:16--  http://www.saoing.com/EIRP/91.5-MEASAT3-c2.jpg
Reusing existing connection to www.saoing.com:80.
HTTP request sent, awaiting response... 404 Not Found
2026-09-26 12:47:16 ERROR 404: Not Found.

--2026-09-26 12:47:16--  http://www.saoing.com/EIRP/91.5-3-ku-Malaysia.jpg
Reusing existing connection to www.saoing.com:80.
HTTP request sent, awaiting response... 404 Not Found
2026-09-26 12:47:16 ERROR 404: Not Found.

--2026-09-26 12:47:16--  http://www.saoing.com/EIRP/93.5%E5%8D%B0%E5%BA%A6KI%E6%B3%A2%E6%9D%9F.jpg
Reusing existing connection to www.saoing.com:80.
HTTP request sent, awaiting response... 404 Not Found
2026-09-26 12:47:16 ERROR 404: Not Found.

--2026-09-26 12:47:16--  http://www.saoing.com/EIRP/93.5%D3%A1%B6%C8KI%B2%A8%CA%F8.jpg
Reusing existing connection to www.saoing.com:80.
HTTP request sent, awaiting response... 200 OK
Length: 150048 (147K) [image/jpeg]
Saving to: ‘webpages-202609261246/www.saoing.com/EIRP/93.5印度KI波束.jpg’

     0K .......... .......... .......... .......... .......... 34% 1.13G 0s
    50K .......... .......... .......... .......... .......... 68%  324M 0s
   100K .......... .......... .......... .......... ......    100%  461M=0s

2026-09-26 12:47:16 (491 MB/s) - ‘webpages-202609261246/www.saoing.com/EIRP/93.5印度KI波束.jpg’ saved [150048/150048]

--2026-09-26 12:47:16--  http://www.saoing.com/EIRP/162KU.gif
Reusing existing connection to www.saoing.com:80.
HTTP request sent, awaiting response... 200 OK
Length: 17816 (17K) [image/gif]
Saving to: ‘webpages-202609261246/www.saoing.com/EIRP/162KU.gif’

     0K .......... .......                                    100% 1.41G=0s

2026-09-26 12:47:16 (1.41 GB/s) - ‘webpages-202609261246/www.saoing.com/EIRP/162KU.gif’ saved [17816/17816]

FINISHED --2026-09-26 12:47:16--
Total wall clock time: 1m 2s
Downloaded: 463 files, 114M in 11s (10.4 MB/s)
Converting links in webpages-202609261246/www.saoing.com/95.0.htm... 25.
19-6
Converting links in webpages-202609261246/www.saoing.com/159.0.htm... 5.
5-0
Converting links in webpages-202609261246/www.saoing.com/changqiang/116.0-7-EIRP.htm... 5.
5-0
Converting links in webpages-202609261246/www.saoing.com/changqiang/128.5EIRP-C.htm... 1.
1-0
Converting links in webpages-202609261246/www.saoing.com/75.0.htm... 119.
25-94
Converting links in webpages-202609261246/www.saoing.com/87.5.htm... 16.
16-0
Converting links in webpages-202609261246/www.saoing.com/55.0.htm... 3.
3-0
Converting links in webpages-202609261246/www.saoing.com/changqiang/119.1EIRP-KU1.htm... 1.
1-0
Converting links in webpages-202609261246/www.saoing.com/changqiang/120EIRP.htm... 1.
1-0
Converting links in webpages-202609261246/www.saoing.com/53.0.htm... 7.
7-0
Converting links in webpages-202609261246/www.saoing.com/162.0.htm... 22.
22-0
Converting links in webpages-202609261246/www.saoing.com/changqiang/115.5EIRP.htm... 1.
1-0
Converting links in webpages-202609261246/www.saoing.com/changqiang/180.0EIRP.htm... 5.
5-0
Converting links in webpages-202609261246/www.saoing.com/changqiang/125.0EIRP.htm... 3.
3-0
Converting links in webpages-202609261246/www.saoing.com/changqiang/134-6C-EIRP.htm... 4.
4-0
Converting links in webpages-202609261246/www.saoing.com/80.0.htm... 61.
18-43
Converting links in webpages-202609261246/www.saoing.com/142.0.htm... 10.
10-0
Converting links in webpages-202609261246/www.saoing.com/changqiang/119.5EIRP.htm... 2.
2-0
Converting links in webpages-202609261246/www.saoing.com/changqiang/EIRP.htm... 85.
85-0
Converting links in webpages-202609261246/www.saoing.com/140.0.htm... 12.
11-1
Converting links in webpages-202609261246/www.saoing.com/changqiang/162.0EIRP.htm... 1.
1-0
Converting links in webpages-202609261246/www.saoing.com/changqiang/87.5EIRP.htm... 4.
4-0
Converting links in webpages-202609261246/www.saoing.com/122.0.htm... 19.
19-0
Converting links in webpages-202609261246/www.saoing.com/changqiang/38-EIRP.htm... 2.
2-0
Converting links in webpages-202609261246/www.saoing.com/120.0.htm... 11.
11-0
Converting links in webpages-202609261246/www.saoing.com/70.5.htm... 16.
16-0
Converting links in webpages-202609261246/www.saoing.com/changqiang/166.0EIRP.htm... 5.
5-0
Converting links in webpages-202609261246/www.saoing.com/changqiang/113.0-5A-EIRP.htm... 4.
4-0
Converting links in webpages-202609261246/www.saoing.com/169.0.htm... 14.
12-2
Converting links in webpages-202609261246/www.saoing.com/113.0-Koreasat5A.htm... 7.
7-0
Converting links in webpages-202609261246/www.saoing.com/110.5.htm... 15.
15-0
Converting links in webpages-202609261246/www.saoing.com/changqiang/65.0EIRP.htm... 8.
8-0
Converting links in webpages-202609261246/www.saoing.com/changqiang/146.0EIRP-C.htm... 1.
1-0
Converting links in webpages-202609261246/www.saoing.com/38.0.htm... 61.
61-0
Converting links in webpages-202609261246/www.saoing.com/83.0.htm... 8.
8-0
Converting links in webpages-202609261246/www.saoing.com/36.0.htm... 35.
6-29
Converting links in webpages-202609261246/www.saoing.com/changqiang/128.5EIRP.htm... 2.
2-0
Converting links in webpages-202609261246/www.saoing.com/145.0.htm... 3.
3-0
Converting links in webpages-202609261246/www.saoing.com/changqiang/101.4EIRP.htm... 2.
2-0
Converting links in webpages-202609261246/www.saoing.com/changqiang/110.5EIRP.htm... 2.
2-0
Converting links in webpages-202609261246/www.saoing.com/changqiang/138.0EIRP.htm... 8.
8-0
Converting links in webpages-202609261246/www.saoing.com/changqiang/90.0EIRP-401.htm... 3.
3-0
Converting links in webpages-202609261246/www.saoing.com/110.0-CS.htm... 20.
20-0
Converting links in webpages-202609261246/www.saoing.com/172.0.htm... 6.
6-0
Converting links in webpages-202609261246/www.saoing.com/125.0.htm... 49.
49-0
Converting links in webpages-202609261246/www.saoing.com/changqiang/140.0EIRP-AT2.htm... 1.
1-0
Converting links in webpages-202609261246/www.saoing.com/changqiang/83.0-4A-EIRP.htm... 1.
1-0
Converting links in webpages-202609261246/www.saoing.com/119.5.htm... 6.
6-0
Converting links in webpages-202609261246/www.saoing.com/150.0.htm... 9.
9-0
Converting links in webpages-202609261246/www.saoing.com/103.0.htm... 17.
17-0
Converting links in webpages-202609261246/www.saoing.com/108.2.htm... 63.
38-25
Converting links in webpages-202609261246/www.saoing.com/changqiang/140.0EIRP-AM5.htm... 7.
7-0
Converting links in webpages-202609261246/www.saoing.com/changqiang/116.0-7-EIRP-Philippines.htm... 1.
1-0
Converting links in webpages-202609261246/www.saoing.com/115.5.htm... 48.
48-0
Converting links in webpages-202609261246/www.saoing.com/changqiang/88.0EIRP-KU.htm... 1.
1-0
Converting links in webpages-202609261246/www.saoing.com/130.0.htm... 5.
5-0
Converting links in webpages-202609261246/www.saoing.com/changqiang/108.0EIRP.htm... 1.
1-0
Converting links in webpages-202609261246/www.saoing.com/changqiang/132.0-ku-EIRP.htm... 1.
1-0
Converting links in webpages-202609261246/www.saoing.com/changqiang/119.1EIRP.htm... 5.
5-0
Converting links in webpages-202609261246/www.saoing.com/88.0.htm... 12.
12-0
Converting links in webpages-202609261246/www.saoing.com/97.3.htm... 3.
3-0
Converting links in webpages-202609261246/www.saoing.com/changqiang/116.0-6-EIRP.htm... 1.
1-0
Converting links in webpages-202609261246/www.saoing.com/changqiang/62.0EIRP.htm... 11.
11-0
Converting links in webpages-202609261246/www.saoing.com/changqiang/128.0EIRP-c.htm... 1.
1-0
Converting links in webpages-202609261246/www.saoing.com/66.0.htm... 17.
17-0
Converting links in webpages-202609261246/www.saoing.com/changqiang/64.0EIRP.htm... 4.
4-0
Converting links in webpages-202609261246/www.saoing.com/128.0.htm... 25.
25-0
Converting links in webpages-202609261246/www.saoing.com/78.5.htm... 53.
40-13
Converting links in webpages-202609261246/www.saoing.com/132.0-JCSAT.htm... 8.
8-0
Converting links in webpages-202609261246/www.saoing.com/100.5.htm... 19.
18-1
Converting links in webpages-202609261246/www.saoing.com/changqiang/95.0-SES-12EIRP.htm... 8.
8-0
Converting links in webpages-202609261246/www.saoing.com/46.0.htm... 4.
4-0
Converting links in webpages-202609261246/www.saoing.com/48.0.htm... 3.
3-0
Converting links in webpages-202609261246/www.saoing.com/changqiang/66.0EIRP.htm... 6.
6-0
Converting links in webpages-202609261246/www.saoing.com/108.0.htm... 146.
37-109
Converting links in webpages-202609261246/www.saoing.com/changqiang/75.0-ABS-2AEIRP.htm... 5.
5-0
Converting links in webpages-202609261246/www.saoing.com/changqiang/128.0EIRP-ku.htm... 1.
1-0
Converting links in webpages-202609261246/www.saoing.com/changqiang/52.0-EIRP.htm... 3.
3-0
Converting links in webpages-202609261246/www.saoing.com/changqiang/70.5EIRP-wide.htm... 1.
1-0
Converting links in webpages-202609261246/www.saoing.com/180.0.htm... 8.
8-0
Converting links in webpages-202609261246/www.saoing.com/changqiang/172.0EIRP.htm... 7.
7-0
Converting links in webpages-202609261246/www.saoing.com/101.4.htm... 8.
8-0
Converting links in webpages-202609261246/www.saoing.com/changqiang/65.0EIRP-india.htm... 1.
1-0
Converting links in webpages-202609261246/www.saoing.com/changqiang/103.0EIRP.htm... 4.
4-0
Converting links in webpages-202609261246/www.saoing.com/changqiang/122EIRP.htm... 6.
6-0
Converting links in webpages-202609261246/www.saoing.com/changqiang/119.1EIRP-C.htm... 1.
1-0
Converting links in webpages-202609261246/www.saoing.com/110.0-BS.htm... 3.
3-0
Converting links in webpages-202609261246/www.saoing.com/changqiang/128.5EIRP-KU.htm... 1.
1-0
Converting links in webpages-202609261246/www.saoing.com/105.5.htm... 20.
20-0
Converting links in webpages-202609261246/www.saoing.com/98.0.htm... 17.
10-7
Converting links in webpages-202609261246/www.saoing.com/150.5.htm... 3.
3-0
Converting links in webpages-202609261246/www.saoing.com/changqiang/142.0EIRP.htm... 6.
6-0
Converting links in webpages-202609261246/www.saoing.com/119.1.htm... 31.
31-0
Converting links in webpages-202609261246/www.saoing.com/49.0.htm... 33.
33-0
Converting links in webpages-202609261246/www.saoing.com/changqiang/51.5EIRP.htm... 4.
4-0
Converting links in webpages-202609261246/www.saoing.com/changqiang/146.0EIRP.htm... 2.
2-0
Converting links in webpages-202609261246/www.saoing.com/74.0.htm... 3.
3-0
Converting links in webpages-202609261246/www.saoing.com/changqiang/130.0EIRP.htm... 1.
1-0
Converting links in webpages-202609261246/www.saoing.com/138.0.htm... 59.
59-0
Converting links in webpages-202609261246/www.saoing.com/56.0.htm... 3.
3-0
Converting links in webpages-202609261246/www.saoing.com/54.9.htm... 9.
9-0
Converting links in webpages-202609261246/www.saoing.com/changqiang/132.0EIRP.htm... 2.
2-0
Converting links in webpages-202609261246/www.saoing.com/118.0.htm... 3.
3-0
Converting links in webpages-202609261246/www.saoing.com/68.5.htm... 47.
47-0
Converting links in webpages-202609261246/www.saoing.com/52.0.htm... 12.
12-0
Converting links in webpages-202609261246/www.saoing.com/116.0.htm... 55.
55-0
Converting links in webpages-202609261246/www.saoing.com/changqiang/45.0EIRP.htm... 4.
4-0
Converting links in webpages-202609261246/www.saoing.com/163.0.htm... 3.
3-0
Converting links in webpages-202609261246/www.saoing.com/changqiang/74.0ERIP.htm... 2.
2-0
Converting links in webpages-202609261246/www.saoing.com/128.5.htm... 68.
27-41
Converting links in webpages-202609261246/www.saoing.com/changqiang/75.0-ABS-2EIRP.htm... 10.
10-0
Converting links in webpages-202609261246/www.saoing.com/changqiang/172.0EIRP-C.htm... 1.
1-0
Converting links in webpages-202609261246/www.saoing.com/93.5.htm... 21.
21-0
Converting links in webpages-202609261246/www.saoing.com/changqiang/49.0EIRP.htm... 1.
1-0
Converting links in webpages-202609261246/www.saoing.com/changqiang/96.5EIRP.htm... 3.
3-0
Converting links in webpages-202609261246/www.saoing.com/index.html... 89.
89-0
Converting links in webpages-202609261246/www.saoing.com/91.5.htm... 104.
66-38
Converting links in webpages-202609261246/www.saoing.com/changqiang/118.0EIRP.htm... 1.
1-0
Converting links in webpages-202609261246/www.saoing.com/changqiang/91.5EIRP-C-global.htm... 1.
0-1
Converting links in webpages-202609261246/www.saoing.com/changqiang/91.5EIRP-3-ku.htm... 1.
0-1
Converting links in webpages-202609261246/www.saoing.com/changqiang/56.0-EIRP.htm... 2.
2-0
Converting links in webpages-202609261246/www.saoing.com/changqiang/88.0EIRP.htm... 2.
2-0
Converting links in webpages-202609261246/www.saoing.com/51.5.htm... 9.
9-0
Converting links in webpages-202609261246/www.saoing.com/183.0-NSS9.htm... 6.
6-0
Converting links in webpages-202609261246/www.saoing.com/changqiang/72.0EIRP.htm... 4.
4-0
Converting links in webpages-202609261246/www.saoing.com/changqiang/92.2EIRP.htm... 1.
1-0
Converting links in webpages-202609261246/www.saoing.com/changqiang/159.0EIRP.htm... 6.
6-0
Converting links in webpages-202609261246/www.saoing.com/changqiang/53.0-EIRP-KU-ST.htm... 1.
1-0
Converting links in webpages-202609261246/www.saoing.com/57.0.htm... 19.
19-0
Converting links in webpages-202609261246/www.saoing.com/166.0.htm... 27.
27-0
Converting links in webpages-202609261246/www.saoing.com/changqiang/68.5EIRP.htm... 5.
5-0
Converting links in webpages-202609261246/www.saoing.com/changqiang/145.0EIRP.htm... 2.
2-0
Converting links in webpages-202609261246/www.saoing.com/changqiang/53.0-EIRP.htm... 5.
5-0
Converting links in webpages-202609261246/www.saoing.com/146.0.htm... 8.
8-0
Converting links in webpages-202609261246/www.saoing.com/96.5.htm... 13.
13-0
Converting links in webpages-202609261246/www.saoing.com/144.0.htm... 8.
8-0
Converting links in webpages-202609261246/www.saoing.com/62.0.htm... 24.
24-0
Converting links in webpages-202609261246/www.saoing.com/76.5.htm... 31.
4-27
Converting links in webpages-202609261246/www.saoing.com/124.0.htm... 24.
24-0
Converting links in webpages-202609261246/www.saoing.com/changqiang/134-6D-EIRP.htm... 1.
1-0
Converting links in webpages-202609261246/www.saoing.com/changqiang/96.5EIRP-KU.htm... 1.
1-0
Converting links in webpages-202609261246/www.saoing.com/changqiang/105.5EIRP.htm... 5.
5-0
Converting links in webpages-202609261246/www.saoing.com/42.0.htm... 15.
15-0
Converting links in webpages-202609261246/www.saoing.com/92.2.htm... 20.
20-0
Converting links in webpages-202609261246/www.saoing.com/40.0.htm... 7.
7-0
Converting links in webpages-202609261246/www.saoing.com/changqiang/88.0EIRP-C.htm... 1.
1-0
Converting links in webpages-202609261246/www.saoing.com/52.5.htm... 14.
14-0
Converting links in webpages-202609261246/www.saoing.com/changqiang/95.0-SES-8EIRP.htm... 2.
2-0
Converting links in webpages-202609261246/www.saoing.com/changqiang/85.0EIRP.htm... 2.
2-0
Converting links in webpages-202609261246/www.saoing.com/changqiang/154.0EIRP.htm... 2.
2-0
Converting links in webpages-202609261246/www.saoing.com/changqiang/93.5ERIP-KU.htm... 1.
1-0
Converting links in webpages-202609261246/www.saoing.com/changqiang/90.0EIRP-401-KU2.htm... 1.
1-0
Converting links in webpages-202609261246/www.saoing.com/changqiang/70.5EIRP-asia.htm... 1.
1-0
Converting links in webpages-202609261246/www.saoing.com/changqiang/85.0-IS15-EIRP.htm... 2.
2-0
Converting links in webpages-202609261246/www.saoing.com/65.0.htm... 6.
6-0
Converting links in webpages-202609261246/www.saoing.com/changqiang/108.2EIRP-SES-9.htm... 6.
6-0
Converting links in webpages-202609261246/www.saoing.com/changqiang/51.5EIRP-C-nanfei.htm... 1.
1-0
Converting links in webpages-202609261246/www.saoing.com/changqiang/113-Y-EIRP.htm... 3.
3-0
Converting links in webpages-202609261246/www.saoing.com/156.0.htm... 48.
3-45
Converting links in webpages-202609261246/www.saoing.com/45.0.htm... 10.
10-0
Converting links in webpages-202609261246/www.saoing.com/changqiang/140.0EIRP-KU.htm... 1.
1-0
Converting links in webpages-202609261246/www.saoing.com/90.0.htm... 36.
36-0
Converting links in webpages-202609261246/www.saoing.com/changqiang/57.0EIRP.htm... 7.
7-0
Converting links in webpages-202609261246/www.saoing.com/154.0.htm... 23.
23-0
Converting links in webpages-202609261246/www.saoing.com/changqiang/124.0EIRP.htm... 2.
2-0
Converting links in webpages-202609261246/www.saoing.com/72.0.htm... 6.
6-0
Converting links in webpages-202609261246/www.saoing.com/changqiang/100.5EIRP.htm... 4.
4-0
Converting links in webpages-202609261246/www.saoing.com/134.0.htm... 23.
23-0
Converting links in webpages-202609261246/www.saoing.com/changqiang/110.0EIRP.htm... 1.
1-0
Converting links in webpages-202609261246/www.saoing.com/changqiang/183.0EIRP.htm... 3.
3-0
Converting links in webpages-202609261246/www.saoing.com/128.0-Cosmos.htm... 3.
3-0
Converting links in webpages-202609261246/www.saoing.com/changqiang/70.5EIRP.htm... 5.
5-0
Converting links in webpages-202609261246/www.saoing.com/50.0.htm... 3.
3-0
Converting links in webpages-202609261246/www.saoing.com/changqiang/98.0EIRP.htm... 5.
5-0
Converting links in webpages-202609261246/www.saoing.com/changqiang/80.0EIRP.htm... 2.
2-0
Converting links in webpages-202609261246/www.saoing.com/changqiang/132.0-c-EIRP.htm... 1.
1-0
Converting links in webpages-202609261246/www.saoing.com/changqiang/96.5EIRP-C.htm... 1.
1-0
Converting links in webpages-202609261246/www.saoing.com/132.0-Vinasat.htm... 15.
14-1
Converting links in webpages-202609261246/www.saoing.com/changqiang/108.2EIRP-SES-7.htm... 3.
3-0
Converting links in webpages-202609261246/www.saoing.com/changqiang/76.5EIRP.htm... 5.
5-0
Converted links in 180 files in 0.1 seconds.
